income,debt,age,employment_years,late_payments,credit_history_years,credit_utilization,active_loans,payment_ratio,creditworthy,debt_to_income,late_payment_rate
74552.98,40537.87,54,2,1,12,0.5,0,1.0,1,0.5437458033200014,0.08333333333333333
40706.77,28145.06,52,7,1,21,0.695,2,0.972,1,0.691409807263018,0.047619047619047616
91112.07,64609.06,40,14,0,24,0.053,2,0.978,1,0.7091163662509259,0.0
99249.95,6581.62,58,1,1,12,0.634,4,1.0,0,0.06631358504462723,0.08333333333333333
27015.79,15148.29,56,10,2,4,0.533,0,0.845,1,0.5607198604963985,0.5
36176.38,13326.21,36,11,2,18,0.35,5,0.865,0,0.36836770290449183,0.1111111111111111
68848.98,4990.21,56,30,0,16,0.5,1,0.948,1,0.07248052186103557,0.0
56377.95,35858.64,66,9,1,24,0.281,5,0.964,1,0.6360401539963763,0.041666666666666664
64510.42,15098.78,61,30,3,13,0.519,1,1.0,0,0.23405180124389208,0.23076923076923078
44279.31,29111.46,56,21,1,1,0.707,4,0.874,1,0.6574506242305944,1.0
96555.34,83447.99,58,21,0,22,0.447,1,1.0,1,0.8642503873944207,0.0
92239.98,14307.21,60,25,0,17,0.224,1,0.921,1,0.15510855488043254,0.0
66960.38,13689.41,35,26,1,20,0.853,4,0.92,1,0.20444044672386863,0.05
107947.59,19443.32,56,6,1,3,0.132,3,0.929,1,0.1801181480753762,0.3333333333333333
80219.49,34195.11,30,13,0,11,0.383,2,0.919,1,0.4262693517498054,0.0
44154.98,12453.58,38,16,3,11,0.548,0,0.974,1,0.28204247856074216,0.2727272727272727
76732.48,11944.21,66,30,1,7,0.365,1,0.912,1,0.1556604191601783,0.14285714285714285
42219.83,35785.57,34,1,1,21,0.347,1,0.841,0,0.8476009969722758,0.047619047619047616
96514.18,23022.85,62,14,2,5,0.463,0,0.921,1,0.23854370414792936,0.4
63555.95,4765.0,41,6,4,2,0.289,1,0.972,1,0.07497331091738854,2.0
59811.58,8116.24,31,6,1,6,0.441,1,0.842,0,0.13569679985046373,0.16666666666666666
47845.11,47759.36,25,23,1,24,0.646,1,0.981,1,0.9982077583268175,0.041666666666666664
112677.63,23374.02,47,6,1,3,0.517,2,1.0,1,0.20744153031972717,0.3333333333333333
60633.59,10967.59,43,24,1,14,0.303,0,1.0,1,0.18088307157798178,0.07142857142857142
53604.86,16112.66,46,30,0,5,0.391,1,0.964,1,0.3005820740880584,0.0
55474.71,18155.54,23,24,1,10,0.334,0,0.814,1,0.32727597854950485,0.1
82593.12,29037.8,34,5,2,14,0.432,0,0.985,1,0.35157649935006696,0.14285714285714285
76618.39,7444.69,21,4,0,1,0.145,2,1.0,1,0.09716583707906157,0.0
78266.29,10420.29,35,13,2,6,0.228,0,0.891,1,0.1331389286498696,0.3333333333333333
78905.96,21494.41,66,17,0,15,0.325,1,0.935,1,0.2724054051176869,0.0
170396.6,16869.03,28,24,2,1,0.712,2,0.974,1,0.09899863025435952,2.0
54136.06,26103.78,54,13,0,12,0.291,2,1.0,1,0.4821883971607834,0.0
51618.39,8094.56,21,5,0,15,0.71,1,0.922,1,0.1568154295397435,0.0
45068.77,22703.19,48,30,0,6,0.451,1,1.0,1,0.503745498268535,0.0
85762.17,36594.62,66,28,4,4,0.172,1,0.962,1,0.4266988580163026,1.0
108031.71,24700.01,37,20,2,12,0.414,1,0.954,1,0.22863666603074223,0.16666666666666666
61751.05,19703.46,30,21,1,18,0.504,2,1.0,1,0.3190789468357218,0.05555555555555555
44536.85,16912.41,48,28,4,1,0.458,3,0.882,1,0.3797396986989426,4.0
44852.11,10461.67,34,14,0,9,0.311,4,0.956,1,0.23324811251912117,0.0
87108.46,17177.02,64,4,3,24,0.298,3,0.942,1,0.19719117982340634,0.125
90817.47,40820.34,62,18,1,9,0.38,2,0.835,1,0.4494767361389829,0.1111111111111111
82997.18,16659.88,52,13,3,8,0.078,1,1.0,1,0.20072826570734092,0.375
48178.26,10094.59,52,24,1,18,0.196,1,0.998,1,0.2095258317755768,0.05555555555555555
72158.12,13071.2,50,23,0,12,0.665,5,0.942,1,0.18114662632563044,0.0
68504.26,20510.24,57,14,1,10,0.348,4,0.922,1,0.29940094236475223,0.1
71721.97,14119.94,43,11,1,19,0.497,3,0.94,0,0.19687049867704415,0.05263157894736842
96209.7,24675.7,68,13,2,1,0.411,0,0.99,1,0.2564782968869044,2.0
71880.52,25285.22,37,19,1,18,0.087,1,0.944,1,0.35176734948495086,0.05555555555555555
88225.71,32079.3,21,19,2,10,0.297,0,0.893,1,0.3636048947636692,0.2
67007.05,45407.87,55,15,2,22,0.609,1,0.904,1,0.6776580971703724,0.09090909090909091
74031.52,34387.05,53,16,2,18,0.094,0,0.939,1,0.4644920163735663,0.1111111111111111
86355.02,9807.2,69,30,2,23,0.898,3,0.875,1,0.11356838316984931,0.08695652173913043
33739.43,10004.89,40,7,2,4,0.526,1,0.963,1,0.29653405525819493,0.5
56291.03,17134.95,41,5,2,5,0.464,0,0.884,1,0.3043992977211467,0.4
52600.18,13424.85,48,24,3,22,0.503,0,0.873,1,0.25522441177957944,0.13636363636363635
48759.12,8588.8,40,28,0,10,0.39,1,1.0,1,0.1761475596770409,0.0
57430.37,13507.86,59,18,1,20,0.689,2,1.0,1,0.23520412631853146,0.05
127371.86,13222.74,41,12,1,17,0.55,2,0.95,1,0.10381209789980299,0.058823529411764705
44025.25,11630.96,59,10,3,12,0.084,2,1.0,1,0.26418839188874566,0.25
100495.46,14659.79,41,14,1,2,0.345,2,1.0,1,0.14587514699669019,0.5
30480.77,38720.33,32,1,2,2,0.369,4,0.935,1,1.2703199427048595,1.0
55906.97,20488.76,69,16,0,18,0.321,2,0.96,1,0.36647952840227255,0.0
69939.19,89751.76,46,8,2,3,0.636,1,0.922,1,1.283282806106276,0.6666666666666666
84621.41,20109.7,55,8,0,1,0.214,3,1.0,1,0.23764316855509734,0.0
89517.96,14906.97,49,17,0,6,0.218,1,1.0,1,0.1665249074040561,0.0
92887.91,18048.42,38,29,1,22,0.674,1,1.0,1,0.19430321987005625,0.045454545454545456
55559.86,21265.62,68,6,2,16,0.249,2,0.959,0,0.382751504413438,0.125
52790.38,23885.86,39,28,1,18,0.389,1,1.0,1,0.4524661500826477,0.05555555555555555
95629.03,69424.1,69,16,0,16,0.156,2,0.935,1,0.7259730648737105,0.0
59638.44,10390.72,42,30,1,14,0.505,2,1.0,1,0.17422856801754036,0.07142857142857142
36610.26,31461.09,22,11,3,7,0.489,1,0.908,0,0.8593517227137966,0.42857142857142855
39033.02,20602.44,22,30,1,11,0.233,4,0.849,1,0.5278208040269495,0.09090909090909091
42975.65,6482.84,68,20,1,14,0.292,2,1.0,0,0.15084914364296992,0.07142857142857142
81297.04,29705.31,46,20,1,24,0.282,3,0.986,1,0.365392270124472,0.041666666666666664
69302.35,41030.97,39,17,2,22,0.288,2,0.976,1,0.5920574121945359,0.09090909090909091
88686.32,10310.96,60,14,1,18,0.523,1,0.915,1,0.11626325232572507,0.05555555555555555
53630.8,17895.78,51,16,1,20,0.177,0,0.881,1,0.333684748316266,0.05
69806.71,5864.35,53,26,0,20,0.423,2,0.887,1,0.08400839976558128,0.0
86133.89,7941.86,54,24,2,17,0.048,0,0.95,0,0.09220366106767035,0.11764705882352941
56553.17,35573.14,30,0,1,20,0.535,1,0.929,1,0.6290211494775625,0.05
79832.93,13292.51,25,21,0,2,0.403,2,0.804,0,0.1665040979956517,0.0
48256.02,8755.22,56,25,2,1,0.117,1,1.0,1,0.18143270000302553,2.0
55202.76,20895.23,22,23,1,11,0.349,2,0.911,1,0.37851784946984535,0.09090909090909091
54740.58,12817.4,56,15,2,2,0.297,1,1.0,1,0.23414804885151014,1.0
37949.62,13254.51,27,10,2,9,0.413,1,0.891,1,0.34926594785402326,0.2222222222222222
80925.17,29105.69,33,20,0,5,0.042,2,0.951,1,0.35966177148592954,0.0
52623.15,8459.12,55,20,0,23,0.626,0,1.0,1,0.1607490239561866,0.0
65366.48,9993.0,51,11,1,16,0.274,2,0.998,1,0.1528765201981199,0.0625
80698.76,19896.1,59,12,2,2,0.114,0,0.921,0,0.2465477784293092,1.0
79465.76,33800.92,50,11,2,15,0.295,4,0.976,1,0.42535200066041023,0.13333333333333333
87690.24,40252.65,23,1,2,18,0.296,1,0.987,1,0.4590322708661762,0.1111111111111111
62182.2,11682.38,62,0,2,8,0.233,1,0.93,1,0.18787337855527786,0.25
53726.32,33104.42,31,2,3,22,0.21,4,0.862,1,0.6161676437172693,0.13636363636363635
62709.57,10812.24,27,13,0,24,0.092,2,0.896,1,0.1724177027525464,0.0
30419.59,58992.35,64,15,1,24,0.442,0,0.913,1,1.939288136362127,0.041666666666666664
33892.26,8614.27,30,12,2,3,0.106,2,0.942,1,0.25416629047458034,0.6666666666666666
35843.87,42686.51,47,29,4,11,0.322,1,1.0,1,1.1909012614988281,0.36363636363636365
41497.21,11747.68,44,6,0,19,0.601,1,1.0,1,0.28309565872018866,0.0
77811.22,66618.48,58,12,3,11,0.264,2,0.883,0,0.8561551920147248,0.2727272727272727
43246.73,26436.09,23,7,1,12,0.459,2,1.0,1,0.6112852925527548,0.08333333333333333
54828.72,9299.5,26,9,1,8,0.27,3,0.934,1,0.16961001460548414,0.125
116633.9,12818.85,41,18,1,11,0.497,1,0.987,0,0.10990672523168651,0.09090909090909091
55371.69,29908.4,44,9,2,17,0.471,3,0.874,1,0.540138832677854,0.11764705882352941
90583.25,35680.01,59,9,3,1,0.522,0,0.908,0,0.3938919171038796,3.0
42702.58,17191.35,50,20,0,20,0.626,2,1.0,0,0.40258340362572936,0.0
59260.35,18530.16,28,25,2,18,0.189,1,0.878,1,0.3126906945369037,0.1111111111111111
42388.51,29467.89,68,6,0,4,0.366,1,0.944,1,0.6951857944523173,0.0
55802.71,19610.02,43,3,2,19,0.52,2,0.973,0,0.3514169831536856,0.10526315789473684
94871.75,7764.74,68,7,3,13,0.112,3,0.868,1,0.0818445954670384,0.23076923076923078
29877.12,10611.5,69,17,2,8,0.311,0,0.816,1,0.3551714489214489,0.25
79033.98,20972.24,23,29,2,11,0.264,3,1.0,1,0.26535725519580317,0.18181818181818182
72339.35,39663.66,45,4,0,13,0.789,2,1.0,1,0.5482999225179657,0.0
49750.46,51457.71,41,1,2,6,0.874,0,0.972,0,1.0343162656184486,0.3333333333333333
33908.35,29876.31,45,16,1,15,0.179,1,0.986,0,0.8810900559891591,0.06666666666666667
67144.4,21695.63,36,30,3,16,0.541,1,0.878,1,0.323118979393665,0.1875
51219.26,29285.74,48,17,3,9,0.286,1,1.0,1,0.5717720248203508,0.3333333333333333
72174.84,11669.56,45,28,0,12,0.713,4,0.914,1,0.16168459812311325,0.0
65642.33,16293.59,30,19,1,15,0.459,0,1.0,1,0.2482177277985105,0.06666666666666667
133645.1,10534.83,35,0,2,13,0.431,2,0.983,0,0.07882690798241013,0.15384615384615385
58362.71,7993.98,28,13,2,11,0.339,3,0.984,0,0.13697067870905927,0.18181818181818182
41009.9,22357.88,62,23,1,23,0.256,4,0.982,1,0.5451825047122768,0.043478260869565216
70461.14,20306.79,54,15,1,22,0.398,1,0.979,1,0.288198431078464,0.045454545454545456
71764.2,28144.33,39,6,2,10,0.61,3,0.96,0,0.3921778546963528,0.2
119823.72,25670.55,40,5,2,18,0.357,0,1.0,1,0.21423596262910213,0.1111111111111111
94650.14,21075.06,24,20,3,20,0.544,1,0.889,1,0.22266274513698556,0.15
76323.37,25846.43,35,14,1,3,0.675,0,0.923,1,0.33864372078958255,0.3333333333333333
125571.28,17507.47,66,17,1,15,0.732,0,1.0,1,0.1394225654146394,0.06666666666666667
38070.66,23541.18,22,11,0,20,0.411,2,0.952,0,0.6183549221368896,0.0
48739.95,11227.63,28,10,2,2,0.188,3,0.917,0,0.23035784813074284,1.0
42838.11,22889.55,62,20,2,9,0.789,3,1.0,1,0.5343267945294505,0.2222222222222222
54542.1,27794.64,46,0,0,20,0.437,1,0.999,1,0.5095997403840337,0.0
34983.57,11647.35,22,13,0,23,0.301,4,0.849,1,0.33293771904925656,0.0
86505.26,18616.77,44,11,0,24,0.235,0,0.991,0,0.2152096878270755,0.0
58814.42,12001.48,57,24,3,15,0.078,1,0.95,0,0.2040567602298892,0.2
33532.81,12783.34,37,22,0,2,0.51,0,0.99,1,0.38121887190485976,0.0
41156.29,8663.92,39,13,0,1,0.269,1,0.941,1,0.21051265796795582,0.0
74848.68,40981.69,51,8,1,20,0.317,0,0.973,1,0.5475272242610024,0.05
94778.65,35983.74,50,7,0,18,0.344,1,0.812,1,0.3796608202374691,0.0
159639.18,25526.16,65,6,2,5,0.72,1,0.877,1,0.15989909244084066,0.4
241199.74,64864.41,33,8,1,4,0.556,0,0.992,1,0.268924046103864,0.25
78325.37,15916.59,34,23,0,4,0.508,2,1.0,0,0.2032111689992655,0.0
41641.41,129155.53,28,1,0,22,0.604,0,0.966,1,3.101612793610975,0.0
24902.46,15525.4,53,0,2,19,0.387,2,0.892,1,0.6234484464587032,0.10526315789473684
73321.76,21247.67,47,16,1,23,0.227,4,0.949,1,0.28978668815369407,0.043478260869565216
45085.64,13898.99,38,6,2,3,0.231,0,0.877,1,0.30827975381961975,0.6666666666666666
53918.65,22928.56,55,25,3,17,0.608,3,1.0,1,0.42524358454820366,0.17647058823529413
49350.29,30985.57,39,23,3,23,0.439,0,0.943,1,0.627870069253899,0.13043478260869565
61009.61,16715.33,30,23,3,13,0.29,2,1.0,0,0.2739786404141905,0.23076923076923078
105012.39,57124.87,47,14,0,19,0.737,2,0.929,0,0.5439821910538366,0.0
69759.88,21027.24,42,13,0,15,0.586,1,1.0,1,0.3014231102461759,0.0
60521.68,21459.93,40,13,0,1,0.493,0,0.826,1,0.3545825231553387,0.0
40786.17,9969.43,42,6,0,11,0.473,0,0.942,0,0.24443162964308737,0.0
30593.27,23627.14,65,17,1,7,0.325,1,0.978,1,0.7722986133878463,0.14285714285714285
52224.34,16498.25,31,26,2,3,0.474,3,0.921,1,0.31591112496586843,0.6666666666666666
63445.74,12121.93,34,7,0,15,0.35,0,0.965,1,0.1910597937702358,0.0
144020.51,10866.27,48,1,2,23,0.313,2,0.964,1,0.07544946202454081,0.08695652173913043
68924.44,102208.82,23,17,0,2,0.094,0,1.0,1,1.4829111415341205,0.0
101151.57,15166.84,28,12,1,8,0.695,3,0.984,1,0.14994171617899751,0.125
51920.01,6981.97,48,24,1,17,0.561,1,0.968,1,0.13447551339069463,0.058823529411764705
38136.15,11433.27,45,26,0,8,0.433,2,1.0,1,0.29980136956667097,0.0
42101.56,17406.66,52,29,1,3,0.527,1,0.845,1,0.4134445374470685,0.3333333333333333
46900.84,25679.82,26,12,2,5,0.758,2,0.887,1,0.5475343298755417,0.4
169389.14,25815.87,62,27,1,1,0.358,1,0.843,1,0.1524056973192024,1.0
44914.62,27943.13,44,3,2,24,0.164,1,0.978,1,0.6221388492210331,0.08333333333333333
94794.12,11836.79,28,11,1,12,0.574,1,0.969,1,0.12486839901040277,0.08333333333333333
43296.42,22458.25,36,8,1,23,0.397,1,1.0,1,0.5187091681021202,0.043478260869565216
98849.17,10185.17,32,28,0,17,0.368,0,0.965,1,0.10303748630362805,0.0
77293.91,12032.41,43,18,1,9,0.098,1,0.896,1,0.15567086721321252,0.1111111111111111
60576.09,9913.14,43,11,3,23,0.549,0,0.949,0,0.16364773626029677,0.13043478260869565
63818.56,8313.82,42,4,2,7,0.311,0,0.809,1,0.13027276077680222,0.2857142857142857
48411.28,35949.24,43,24,0,5,0.634,1,0.911,1,0.7425798285027787,0.0
79449.35,28161.88,65,20,1,20,0.359,0,0.776,1,0.3544633153071737,0.05
52965.71,33960.71,67,26,3,14,0.413,2,0.963,1,0.6411829464761257,0.21428571428571427
37444.68,18465.89,45,13,1,11,0.186,1,0.92,1,0.4931512300278704,0.09090909090909091
36573.19,29823.5,68,4,2,15,0.243,4,0.931,1,0.8154470528821794,0.13333333333333333
70249.4,5728.96,61,10,0,24,0.59,3,0.875,1,0.08155172855568874,0.0
132287.6,31543.85,61,19,1,7,0.377,2,0.893,1,0.2384490307481578,0.14285714285714285
69852.33,20196.3,32,7,1,22,0.505,1,0.988,1,0.28912850866964634,0.045454545454545456
61620.83,27058.28,42,2,0,22,0.098,1,0.839,1,0.4391093076805359,0.0
73921.89,23043.57,38,25,0,19,0.365,0,0.975,1,0.3117286368083933,0.0
116989.95,9476.22,25,16,1,4,0.33,1,0.883,1,0.08100029105064152,0.25
71744.37,6798.12,24,12,2,3,0.205,2,0.822,0,0.09475475218473589,0.6666666666666666
54026.25,11330.93,51,17,0,3,0.279,3,1.0,1,0.20973008491242684,0.0
106934.57,25986.26,41,22,0,17,0.207,2,1.0,1,0.24301084298557515,0.0
78832.68,28188.98,61,0,2,10,0.362,0,0.902,1,0.35757987677191744,0.2
129732.87,7398.0,53,13,0,24,0.349,2,0.902,1,0.057024869641749236,0.0
70586.77,9512.98,25,7,1,1,0.347,0,0.922,1,0.13477001426754615,1.0
37463.84,11248.88,62,2,1,9,0.431,0,0.883,1,0.3002596637184015,0.1111111111111111
35118.06,14269.49,45,1,1,7,0.239,1,0.896,1,0.40632910815688567,0.14285714285714285
136633.87,7426.38,48,13,1,22,0.483,3,0.972,1,0.0543524091061755,0.045454545454545456
141180.17,7142.32,68,16,1,3,0.312,4,1.0,1,0.05059010766172047,0.3333333333333333
59955.56,10550.56,52,15,1,10,0.253,0,0.915,1,0.17597300400496635,0.1
54704.88,19038.0,22,24,0,21,0.418,1,1.0,1,0.34801282810601175,0.0
125466.3,8356.05,29,14,1,24,0.428,1,0.965,0,0.06659995552590615,0.041666666666666664
39496.68,16694.84,41,18,0,22,0.596,3,0.823,0,0.42268970455238264,0.0
43456.49,35817.3,22,25,3,16,0.371,1,0.938,1,0.8242106069772318,0.1875
86824.11,7723.09,29,20,2,4,0.311,1,0.929,1,0.08895098377628058,0.5
54424.53,15739.63,59,28,1,3,0.141,1,1.0,0,0.28920102755136334,0.3333333333333333
64850.36,35039.07,27,6,2,10,0.317,4,1.0,0,0.5403064840349383,0.2
60390.87,13715.1,29,24,1,12,0.684,1,0.966,0,0.2271055210829054,0.08333333333333333
75663.5,12397.4,45,21,1,13,0.417,2,1.0,1,0.16384914787182722,0.07692307692307693
122456.28,38345.76,25,18,1,2,0.434,1,0.93,1,0.31313837069033945,0.5
67704.35,14751.44,33,0,0,17,0.491,2,1.0,1,0.2178802396005574,0.0
86848.02,36903.02,66,16,1,10,0.368,1,0.947,1,0.42491492609733644,0.1
25837.06,23788.43,51,26,0,3,0.398,2,1.0,1,0.920709631823435,0.0
63590.49,14404.24,68,19,2,22,0.113,1,1.0,1,0.22651563150401893,0.09090909090909091
44475.29,24585.84,38,0,3,9,0.25,0,0.99,1,0.5527977445453419,0.3333333333333333
37559.31,22168.31,51,8,1,6,0.414,0,0.888,1,0.5902214391052446,0.16666666666666666
43781.82,34950.95,32,17,0,12,0.697,0,0.911,1,0.7982982434261526,0.0
55926.13,12603.15,39,25,1,23,0.323,2,0.993,0,0.22535351543187415,0.043478260869565216
98154.56,18488.63,29,13,0,20,0.268,2,1.0,1,0.18836241535798237,0.0
35784.35,17294.47,61,26,2,3,0.353,1,0.951,0,0.4832970278906841,0.6666666666666666
65902.17,28447.72,30,24,4,17,0.483,2,0.918,1,0.4316659072076079,0.23529411764705882
52274.62,9244.28,31,8,0,16,0.502,0,0.953,1,0.17684069248136094,0.0
56088.7,34862.33,43,6,2,22,0.349,0,0.921,0,0.6215571050853381,0.09090909090909091
102066.88,24373.23,42,27,2,24,0.344,1,0.921,1,0.2387966596020178,0.08333333333333333
82809.2,7647.44,36,18,1,18,0.132,3,1.0,1,0.09235012534839124,0.05555555555555555
118654.56,39477.96,38,26,0,16,0.379,1,0.907,1,0.3327133824439617,0.0
60634.24,76902.03,35,28,2,9,0.412,2,0.976,0,1.268293789119811,0.2222222222222222
47522.97,34520.86,65,13,0,22,0.276,0,0.951,0,0.7264036738444588,0.0
58771.13,45509.08,49,1,1,23,0.332,3,0.854,1,0.7743441380147021,0.043478260869565216
72494.51,19027.08,66,28,1,24,0.726,3,0.852,1,0.26246235749438135,0.041666666666666664
70375.51,6112.85,69,18,2,23,0.214,5,0.934,1,0.08686047177491148,0.08695652173913043
39901.45,5428.67,52,3,1,16,0.521,2,0.803,1,0.1360519479868526,0.0625
67701.46,21246.14,61,16,3,23,0.417,0,1.0,1,0.31382100179228034,0.13043478260869565
72030.53,12250.73,26,0,3,19,0.686,0,0.915,1,0.17007691044339115,0.15789473684210525
201794.65,9933.34,67,8,0,6,0.455,0,0.909,1,0.04922499184195419,0.0
151255.03,17280.63,44,10,2,1,0.138,6,1.0,1,0.11424829970943777,2.0
44275.34,26856.35,55,14,1,24,0.662,1,0.93,0,0.6065758049514696,0.041666666666666664
57114.88,7001.18,33,17,1,11,0.469,2,0.986,1,0.12258066549382579,0.09090909090909091
33644.12,13444.92,25,26,5,21,0.667,1,0.9,1,0.3996216872368782,0.23809523809523808
49827.6,48028.17,64,10,3,7,0.276,2,0.943,1,0.9638868819690292,0.42857142857142855
74919.15,8948.04,43,22,0,9,0.25,2,1.0,1,0.11943595195620882,0.0
111834.65,31680.98,27,29,2,20,0.832,3,0.88,1,0.28328411632709544,0.1
46819.49,13135.21,53,23,1,13,0.457,5,0.977,1,0.28055004443662246,0.07692307692307693
48425.25,25665.24,23,7,0,17,0.909,1,0.771,1,0.529997057320303,0.0
24732.23,36731.5,43,21,1,8,0.315,0,1.0,1,1.4851673302407427,0.125
60411.99,29142.71,55,8,0,15,0.634,0,0.901,1,0.4823994375950867,0.0
40297.96,32502.78,56,14,0,12,0.472,1,0.934,1,0.8065614239529743,0.0
51220.48,8515.06,43,19,2,23,0.365,1,0.933,1,0.16624326831767292,0.08695652173913043
43807.28,37123.51,39,9,0,12,0.271,0,0.872,1,0.8474278704361468,0.0
62300.48,10341.05,62,0,1,3,0.215,2,0.866,1,0.16598668260661875,0.3333333333333333
29471.08,21307.81,30,25,1,18,0.591,1,0.976,0,0.7230074364427771,0.05555555555555555
33589.61,21289.88,24,22,1,23,0.673,1,0.98,1,0.6338233757402959,0.043478260869565216
169448.4,24672.8,28,3,1,22,0.448,1,0.878,1,0.14560656813519632,0.045454545454545456
36417.42,22407.45,60,11,0,3,0.474,0,0.978,0,0.6152948231917583,0.0
39679.46,10400.93,44,8,0,24,0.596,2,0.979,1,0.26212377890223304,0.0
148561.4,7485.43,22,30,0,9,0.247,2,0.914,1,0.050386102985028415,0.0
240246.98,31734.31,29,29,0,21,0.792,1,0.849,1,0.13209035967902696,0.0
38366.41,20311.03,22,21,1,16,0.766,2,0.937,0,0.529396156690188,0.0625
55073.86,37995.46,60,13,1,24,0.665,0,0.966,1,0.6899000723755335,0.041666666666666664
75799.16,17484.16,43,1,4,9,0.13,1,0.936,1,0.23066429759907628,0.4444444444444444
141500.21,7221.16,24,7,2,15,0.388,2,0.899,0,0.05103285712438165,0.13333333333333333
41691.68,33728.93,31,2,0,17,0.374,1,0.973,1,0.8090086559236759,0.0
58207.39,14148.81,51,24,1,4,0.078,3,1.0,1,0.24307583624690954,0.25
92221.12,22481.08,50,2,0,19,0.106,0,0.886,1,0.2437736605237499,0.0
79046.16,11816.81,61,21,1,4,0.209,2,0.919,1,0.14949252436804014,0.25
54878.25,52413.69,22,29,3,20,0.349,4,1.0,1,0.9550904046685162,0.15
61201.21,10181.83,24,9,2,4,0.312,3,0.96,1,0.16636648196988263,0.5
35011.77,14455.03,22,21,0,5,0.682,2,0.851,1,0.41286201754438584,0.0
58393.76,19302.09,40,27,2,12,0.046,2,0.907,1,0.33055055882683354,0.16666666666666666
57657.07,8850.32,56,13,2,5,0.67,1,0.887,1,0.15349930199366704,0.4
72158.4,22313.89,53,13,0,2,0.156,3,0.967,1,0.3092348222798732,0.0
50627.25,51321.7,31,6,1,2,0.235,1,0.962,0,1.0137169212232542,0.5
80365.07,13086.37,53,13,0,7,0.578,0,0.895,1,0.16283654080062396,0.0
102525.28,23271.15,53,27,2,12,0.241,1,1.0,0,0.2269796288291044,0.16666666666666666
69709.07,3013.91,30,20,1,2,0.252,4,0.946,0,0.04323555026627094,0.5
76147.91,17550.24,57,6,3,4,0.267,2,0.908,1,0.23047566243118164,0.75
66573.54,14685.99,41,16,2,15,0.312,3,0.855,1,0.22059800335088087,0.13333333333333333
65002.47,10573.47,23,21,2,8,0.456,2,0.877,0,0.16266258805242323,0.25
46978.32,36354.38,40,2,0,19,0.606,3,0.853,1,0.7738544077353128,0.0
74949.14,14560.51,58,23,1,21,0.215,0,0.927,1,0.1942718755678851,0.047619047619047616
62215.76,16038.81,55,6,2,1,0.64,0,0.878,1,0.25779336296783967,2.0
166719.54,14086.21,34,9,0,23,0.492,3,0.995,1,0.08449045624765998,0.0
131946.56,5178.12,58,12,1,17,0.119,2,0.899,1,0.03924406972034739,0.058823529411764705
77325.07,8624.27,40,15,1,20,0.331,2,0.999,1,0.11153265040691202,0.05
46109.16,33618.7,43,28,1,12,0.662,0,0.974,0,0.7291110920259661,0.08333333333333333
39401.43,4567.22,25,6,0,1,0.428,1,0.985,1,0.11591508226985671,0.0
111096.77,10938.26,69,7,2,22,0.518,2,1.0,1,0.09845704785116614,0.09090909090909091
73158.21,13881.45,62,11,1,14,0.434,2,1.0,1,0.1897456211681505,0.07142857142857142
80676.86,55909.03,30,26,3,1,0.736,2,0.881,0,0.6929995788135532,3.0
29645.89,29664.89,48,29,0,4,0.289,1,0.999,1,1.0006408982830335,0.0
98665.43,12531.07,59,14,3,5,0.419,2,0.968,1,0.1270056796995665,0.6
79748.38,42026.72,45,21,2,10,0.595,1,1.0,1,0.526991520078527,0.2
39436.57,11123.24,31,28,2,11,0.744,2,0.948,1,0.28205394130371886,0.18181818181818182
52572.92,34684.28,68,26,1,11,0.273,1,1.0,1,0.6597366096461829,0.09090909090909091
73190.09,7441.72,34,21,1,21,0.221,1,0.85,1,0.10167660676465899,0.047619047619047616
66552.91,36161.3,37,16,0,23,0.455,1,0.87,1,0.5433466395383764,0.0
56991.96,13823.71,39,30,0,17,0.162,3,0.9,1,0.24255544115345393,0.0
62042.37,9224.32,64,7,0,16,0.083,0,0.935,1,0.14867775038252085,0.0
58032.17,15630.57,45,11,0,21,0.302,0,0.943,1,0.2693431936114055,0.0
69619.2,21555.81,56,22,1,7,0.597,0,0.888,0,0.309624500137893,0.14285714285714285
126034.88,13049.96,65,0,0,14,0.13,1,0.871,1,0.10354244793187409,0.0
20478.82,25801.73,66,15,0,16,0.325,0,0.894,1,1.2599226908581647,0.0
58428.55,12322.49,62,26,1,7,0.268,1,0.82,1,0.21089843920480655,0.14285714285714285
70373.58,26940.04,65,5,3,23,0.932,3,0.92,0,0.38281468698906607,0.13043478260869565
74260.9,23994.3,67,24,2,6,0.108,1,0.936,1,0.32310812284795903,0.3333333333333333
54983.09,17301.13,69,12,2,2,0.807,1,0.971,1,0.314662744491079,1.0
29484.43,13510.58,52,26,1,8,0.349,3,0.952,1,0.45822761369305764,0.125
75338.04,19863.29,27,19,0,20,0.266,1,1.0,1,0.2636555185136221,0.0
141414.44,25739.76,26,4,1,9,0.437,2,0.997,1,0.18201648997089687,0.1111111111111111
32594.7,68754.43,60,22,0,6,0.815,0,0.992,1,2.109374530215035,0.0
95881.2,33148.42,36,1,0,21,0.365,2,0.966,1,0.3457238749619321,0.0
56067.2,33945.8,60,7,2,4,0.6,1,0.978,1,0.6054484618457852,0.5
63230.79,134008.69,66,27,2,4,0.114,1,0.925,1,2.119358148142701,0.5
40470.89,25172.31,52,27,1,22,0.093,2,0.947,1,0.6219855802528682,0.045454545454545456
55917.76,24665.12,58,1,2,8,0.591,2,1.0,1,0.44109635292973104,0.25
116676.76,28445.26,34,11,2,1,0.266,0,0.935,1,0.24379542249887637,2.0
84485.69,9342.22,42,2,3,11,0.362,0,0.847,1,0.11057754277677083,0.2727272727272727
141730.52,13488.48,68,8,0,18,0.77,1,0.989,1,0.095169904125096,0.0
110412.42,12953.44,61,29,3,19,0.294,2,1.0,1,0.11731868570582911,0.15789473684210525
79200.0,27421.32,31,6,0,3,0.549,1,0.951,1,0.34622878787878786,0.0
142473.75,16073.28,66,19,0,7,0.269,2,0.809,1,0.11281572921327614,0.0
79196.67,19692.09,45,24,1,15,0.394,6,1.0,1,0.24864795451626945,0.06666666666666667
94347.23,36496.53,62,27,2,16,0.097,1,0.956,1,0.38683202463919714,0.125
56879.24,31545.15,46,10,1,15,0.628,4,0.918,1,0.5545986549749962,0.06666666666666667
66975.9,16203.92,50,21,0,9,0.623,1,1.0,1,0.24193657718671943,0.0
47491.3,11644.98,28,14,1,21,0.625,2,0.798,1,0.2452023844367284,0.047619047619047616
101463.59,37648.77,37,3,0,2,0.102,2,0.948,0,0.3710569476203237,0.0
38250.27,29767.02,56,6,0,20,0.559,0,0.902,1,0.7782172517997913,0.0
92429.38,6336.36,62,23,0,23,0.561,0,1.0,1,0.06855352702787793,0.0
59655.97,14684.93,25,21,2,17,0.176,2,0.957,1,0.24616027532533627,0.11764705882352941
110106.54,20044.54,24,16,1,11,0.485,2,0.879,1,0.18204677033716618,0.09090909090909091
91129.2,29862.73,54,24,1,10,0.546,2,1.0,1,0.32769661096553027,0.1
147477.86,32522.68,42,21,1,11,0.035,3,0.768,1,0.22052584706612913,0.09090909090909091
90308.89,21647.95,62,10,1,4,0.316,2,0.976,1,0.23971006619614083,0.25
32039.49,26331.94,24,9,1,6,0.387,1,0.852,1,0.8218588997515253,0.16666666666666666
63070.83,18766.26,38,29,1,16,0.187,1,0.908,1,0.29754261994015296,0.0625
38358.8,11615.82,22,30,2,14,0.089,1,0.923,1,0.30282021335391096,0.14285714285714285
51478.35,15188.67,55,0,0,12,0.479,7,1.0,1,0.29504966651029024,0.0
128308.83,18223.57,63,24,1,12,0.125,0,1.0,1,0.14202896246501506,0.08333333333333333
86598.07,17598.79,28,4,1,2,0.368,0,0.815,0,0.2032238131865987,0.5
47459.11,5284.35,36,26,1,21,0.808,1,0.971,1,0.11134532442770209,0.047619047619047616
41190.78,13901.65,62,18,0,23,0.091,1,1.0,1,0.3374942159386154,0.0
65965.98,18669.77,23,21,1,6,0.531,0,0.9,1,0.2830211875879052,0.16666666666666666
37597.41,14991.47,67,21,0,8,0.318,1,0.896,1,0.39873677468740526,0.0
48056.34,15331.91,64,18,3,16,0.244,0,0.957,1,0.3190403180933047,0.1875
74798.03,24718.85,28,7,2,1,0.49,1,0.998,0,0.3304746127672079,2.0
109319.82,8926.73,27,25,0,3,0.25,3,0.986,1,0.08165701333939261,0.0
85484.06,6247.27,54,17,3,22,0.499,0,0.915,1,0.07308111009233768,0.13636363636363635
23180.4,14354.47,21,16,3,5,0.653,0,0.884,1,0.6192503149212265,0.6
74541.22,29578.45,45,9,0,14,0.743,2,1.0,1,0.3968066259178479,0.0
67141.5,53908.13,24,0,2,22,0.538,2,0.886,1,0.8029032714491037,0.09090909090909091
78307.07,29926.82,47,17,3,18,0.491,1,0.806,1,0.3821726441814257,0.16666666666666666
134515.79,6930.97,38,10,1,7,0.341,1,0.838,1,0.05152532650627856,0.14285714285714285
25685.59,15476.66,55,20,2,4,0.285,0,0.9,0,0.60254251508336,0.5
49818.72,21267.59,64,11,1,18,0.253,0,1.0,1,0.4268995670703703,0.05555555555555555
84799.96,20202.49,44,30,1,10,0.249,1,0.857,1,0.23823702275331263,0.1
31902.03,25557.22,52,21,0,24,0.409,2,1.0,1,0.8011157910640797,0.0
126287.92,9917.39,50,14,1,16,0.16,0,1.0,1,0.07852999716837525,0.0625
76718.87,18776.1,69,21,2,1,0.407,1,0.956,1,0.24473900619234876,2.0
95140.05,23655.17,32,20,0,7,0.392,2,0.762,1,0.24863524877273027,0.0
50272.72,30785.93,32,19,2,18,0.192,2,0.857,0,0.6123784430203896,0.1111111111111111
93745.24,10661.67,39,17,2,17,0.281,1,0.896,1,0.11373025446411998,0.11764705882352941
105130.19,14382.61,57,28,2,18,0.25,2,1.0,1,0.1368076096885205,0.1111111111111111
72181.4,3104.62,63,9,1,6,0.431,3,0.9,0,0.04301135749652958,0.16666666666666666
72230.88,12018.19,34,13,0,6,0.587,0,0.886,1,0.16638576187912982,0.0
73408.65,12800.73,26,7,0,6,0.357,3,0.953,1,0.17437631668747486,0.0
44074.52,9277.96,50,17,3,17,0.386,2,0.841,1,0.21050620630695469,0.17647058823529413
60824.91,20045.8,50,30,2,1,0.457,1,0.938,0,0.32956563355375285,2.0
60688.37,17357.2,39,18,0,20,0.113,3,0.884,0,0.2860053746706329,0.0
77239.77,4144.92,30,6,1,7,0.547,2,1.0,1,0.05366302877390753,0.14285714285714285
101932.23,20706.59,62,28,2,12,0.162,1,0.876,1,0.20314075342018909,0.16666666666666666
40368.35,9844.97,62,24,3,6,0.1,1,1.0,1,0.24387843446660565,0.5
61444.43,24681.89,57,13,2,11,0.373,1,0.86,1,0.4016945067274609,0.18181818181818182
126601.24,7823.78,49,4,1,19,0.702,3,0.958,1,0.06179860481619295,0.05263157894736842
46514.89,18354.52,33,12,1,5,0.335,0,0.975,1,0.3945945051143838,0.2
44897.17,14974.0,40,24,0,14,0.315,0,0.95,1,0.3335176805130479,0.0
71195.18,21919.75,24,17,1,2,0.588,2,0.946,0,0.30788249991080857,0.5
95045.96,19519.72,33,5,0,5,0.295,2,1.0,1,0.20537138033010555,0.0
65335.07,15249.02,43,4,1,17,0.239,0,0.969,1,0.2333971632692825,0.058823529411764705
118204.9,6631.26,42,29,0,14,0.175,2,0.928,1,0.05609970483457116,0.0
95578.18,6890.8,24,13,2,15,0.496,1,0.893,0,0.07209595328138703,0.13333333333333333
94936.32,12315.34,67,21,2,6,0.674,1,0.928,1,0.12972211267510683,0.3333333333333333
83407.62,17903.39,34,11,0,5,0.824,1,0.928,0,0.21464933299859174,0.0
185273.14,12121.86,45,2,2,11,0.5,2,0.926,1,0.06542696906847911,0.18181818181818182
59267.7,27024.92,43,12,0,4,0.192,4,0.945,1,0.455980576266668,0.0
26385.17,15012.42,44,21,0,22,0.426,1,0.841,1,0.5689718883751744,0.0
133794.06,9612.97,62,10,0,7,0.259,2,0.868,1,0.07184900435789152,0.0
52901.02,15023.4,57,18,4,18,0.691,1,0.998,1,0.2839907434677063,0.2222222222222222
68233.35,20846.39,63,13,1,4,0.357,1,0.782,1,0.3055161442315231,0.25
117176.94,22232.31,39,10,1,16,0.345,1,1.0,1,0.1897328092029029,0.0625
31606.74,61027.11,33,7,1,5,0.568,0,0.901,1,1.9308258301868524,0.2
37008.44,11653.2,41,8,0,7,0.406,0,1.0,1,0.3148795247786721,0.0
31620.71,17160.51,48,7,1,10,0.719,3,1.0,1,0.5426984403576011,0.1
45468.78,23744.53,37,22,1,3,0.385,5,0.917,1,0.5222161227989842,0.3333333333333333
79219.6,17728.03,43,10,1,3,0.702,1,0.924,1,0.22378338189034025,0.3333333333333333
82291.83,13000.27,28,22,2,19,0.454,0,1.0,0,0.15797765100132055,0.10526315789473684
73604.83,6575.53,49,9,0,9,0.464,3,1.0,1,0.08933557757011326,0.0
34420.17,12914.22,55,10,1,14,0.848,4,1.0,1,0.37519338225232474,0.07142857142857142
22984.97,8957.27,46,28,2,16,0.122,5,1.0,0,0.38970118299044987,0.125
66609.44,5859.58,63,27,1,15,0.199,1,0.864,1,0.08796921277224369,0.06666666666666667
52566.97,10731.47,69,12,1,16,0.321,3,0.954,1,0.2041485366190975,0.0625
79926.77,9113.55,65,8,0,24,0.48,2,0.886,1,0.1140237494896891,0.0
89145.19,26306.95,25,22,1,16,0.455,2,0.862,0,0.29510229323646064,0.0625
69171.98,26604.53,64,2,2,9,0.079,2,0.951,0,0.3846142614393863,0.2222222222222222
91509.9,10002.65,37,14,1,7,0.27,2,0.911,1,0.10930675260272386,0.14285714285714285
72062.4,15198.9,43,18,0,20,0.437,2,0.928,1,0.21091304203024047,0.0
82509.74,5379.06,41,20,2,11,0.556,1,0.905,0,0.06519303054403032,0.18181818181818182
47336.62,13053.43,34,3,0,14,0.574,0,0.852,1,0.2757575424692342,0.0
59953.07,23329.3,63,0,1,20,0.241,1,1.0,1,0.3891260280749593,0.05
71018.22,30771.27,52,8,3,6,0.118,2,0.951,1,0.4332869790315781,0.5
94031.05,11323.62,68,3,1,6,0.5,4,0.839,1,0.1204242641127585,0.16666666666666666
54445.69,35661.7,67,15,4,2,0.273,2,0.953,0,0.6549958316259743,2.0
82180.05,6720.56,41,28,1,2,0.503,1,1.0,1,0.08177848516762888,0.5
57671.31,7999.78,56,8,2,15,0.113,2,1.0,1,0.13871333944035605,0.13333333333333333
61651.24,28549.86,45,14,1,13,0.788,1,0.904,0,0.46308654943517763,0.07692307692307693
94412.25,53335.41,45,6,1,8,0.138,2,0.905,1,0.5649204419977281,0.125
26509.68,24806.42,57,1,2,6,0.278,2,0.873,0,0.935749507349768,0.3333333333333333
36269.41,17534.13,54,21,0,17,0.336,1,0.888,0,0.4834412801311077,0.0
33361.54,4321.07,65,7,1,3,0.591,0,0.894,1,0.1295224980621398,0.3333333333333333
22743.06,4834.52,58,16,1,17,0.381,3,0.837,1,0.21257121952806704,0.058823529411764705
47902.53,19579.6,51,21,0,22,0.305,0,0.909,1,0.4087383275998157,0.0
91070.37,14262.46,66,26,1,11,0.422,1,0.964,1,0.15660922427349314,0.09090909090909091
57179.16,8772.12,26,5,4,12,0.322,1,0.911,1,0.15341463568195127,0.3333333333333333
71050.64,18783.3,58,18,2,13,0.365,2,0.955,1,0.26436496560762857,0.15384615384615385
106116.24,19398.72,40,28,1,3,0.232,2,1.0,1,0.1828063263455245,0.3333333333333333
118137.13,33256.23,42,14,0,16,0.599,3,1.0,1,0.2815053150520924,0.0
63008.85,19671.35,59,1,2,9,0.164,1,0.935,1,0.3121997941559003,0.2222222222222222
119522.06,39997.95,34,8,1,12,0.453,3,1.0,1,0.33464910159680983,0.08333333333333333
67751.34,18093.77,64,24,2,1,0.171,1,0.928,1,0.26706143376647606,2.0
44592.16,16699.92,45,24,2,22,0.837,1,0.906,1,0.3745035001668454,0.09090909090909091
49744.86,35951.64,38,9,0,9,0.362,1,0.862,1,0.722720699183795,0.0
33386.31,9529.43,37,6,0,2,0.504,0,0.946,1,0.2854292672655349,0.0
43585.61,112141.63,41,9,4,19,0.123,1,1.0,0,2.5729049105886093,0.21052631578947367
55328.04,22972.3,67,7,0,24,0.141,2,0.851,1,0.41520176749438437,0.0
93316.83,23055.65,26,22,2,13,0.534,0,0.92,0,0.24706850843518796,0.15384615384615385
140996.31,25322.27,45,26,0,1,0.233,2,0.917,1,0.17959526742224674,0.0
34897.16,60977.84,61,1,3,24,0.607,3,0.957,1,1.7473582377477133,0.125
77568.36,30129.4,44,22,1,5,0.301,1,0.958,1,0.38842383672930564,0.2
40696.52,6341.31,48,23,0,6,0.175,1,0.978,0,0.15581946564472837,0.0
80479.38,44818.79,38,18,5,17,0.609,3,1.0,0,0.5568978041331829,0.29411764705882354
61276.61,14422.49,27,27,2,8,0.591,2,0.879,1,0.23536696955004527,0.25
28516.41,19298.41,52,1,1,3,0.496,4,0.875,1,0.6767475288789858,0.3333333333333333
98703.55,7837.0,66,21,0,17,0.542,3,0.957,1,0.07939937317350794,0.0
49508.13,25340.48,46,3,1,7,0.256,3,1.0,0,0.5118448222544459,0.14285714285714285
51117.77,11786.78,42,27,0,21,0.192,1,0.838,1,0.23058087236591113,0.0
40165.11,19210.98,27,15,2,4,0.235,1,0.963,1,0.4783001963644566,0.5
48422.27,14964.9,67,2,1,22,0.311,3,0.926,1,0.3090499474725163,0.045454545454545456
78801.97,62905.28,63,23,0,18,0.689,0,1.0,0,0.7982703985699849,0.0
59693.75,65290.14,65,23,0,6,0.369,0,0.984,1,1.0937516909224165,0.0
75360.64,18552.51,38,14,0,14,0.494,0,0.943,1,0.24618302073867737,0.0
76497.04,18764.32,51,9,0,23,0.519,2,0.974,1,0.2452947199002733,0.0
117764.28,14120.59,42,0,0,2,0.131,1,0.894,1,0.11990554351455297,0.0
55708.54,36939.29,32,28,1,20,0.41,2,0.996,1,0.6630812798181392,0.05
33441.62,14535.21,31,5,1,12,0.08,3,1.0,1,0.43464431447998025,0.08333333333333333
105071.11,13687.77,39,26,2,23,0.425,2,0.947,1,0.13027148947032158,0.08695652173913043
55992.49,34003.28,48,18,2,6,0.469,1,0.911,1,0.607282869541969,0.3333333333333333
107334.9,12685.73,26,21,0,18,0.313,0,0.93,1,0.11818830594708711,0.0
77239.19,17563.64,55,21,2,24,0.098,3,0.995,1,0.22739285588054456,0.08333333333333333
61275.21,6439.94,43,26,0,9,0.296,1,0.937,1,0.10509861981705163,0.0
76045.85,28448.5,64,1,0,3,0.509,0,0.856,1,0.37409667983196976,0.0
156388.44,63556.88,34,30,1,10,0.244,1,1.0,1,0.40640395159642234,0.1
165509.49,28765.26,23,1,0,15,0.036,3,0.871,1,0.17379825168937443,0.0
67061.41,46550.66,36,30,2,16,0.454,2,0.97,0,0.6941497352948589,0.125
69858.59,10385.45,68,8,0,12,0.568,1,0.809,1,0.1486638937316084,0.0
105498.35,20988.67,36,26,1,23,0.179,4,0.948,0,0.19894785084316483,0.043478260869565216
44426.66,9750.49,55,2,2,14,0.633,0,0.935,1,0.21947384746006113,0.14285714285714285
75510.29,15523.02,62,14,1,16,0.305,2,0.802,1,0.20557489581883479,0.0625
64247.9,29734.54,34,16,1,23,0.687,0,0.963,1,0.4628095237354061,0.043478260869565216
74861.97,19231.61,52,29,1,23,0.576,0,0.863,1,0.2568942548532987,0.043478260869565216
44673.09,7186.15,31,3,1,9,0.559,2,0.946,1,0.16086082247724526,0.1111111111111111
31787.78,7656.87,38,1,1,7,0.352,2,0.911,1,0.24087463798981873,0.14285714285714285
25573.19,7334.69,35,20,1,18,0.407,2,0.836,0,0.28681169615523133,0.05555555555555555
39313.36,24774.53,53,1,4,13,0.527,1,0.867,0,0.6301809359464569,0.3076923076923077
52877.79,68848.14,63,24,1,11,0.362,1,0.872,1,1.302023779738147,0.09090909090909091
56965.8,43639.8,33,1,1,17,0.239,1,1.0,1,0.7660701684168396,0.058823529411764705
155421.58,5248.7,35,30,0,16,0.569,1,0.999,1,0.033770728620826015,0.0
106920.36,45334.63,61,16,1,22,0.587,1,1.0,1,0.424003716410981,0.045454545454545456
42158.92,33083.41,43,29,1,9,0.093,2,0.904,1,0.7847309655939954,0.1111111111111111
76009.33,6592.46,46,3,3,19,0.439,0,0.902,1,0.08673224721228302,0.15789473684210525
54119.91,14780.23,55,8,0,6,0.587,1,0.949,1,0.27310152585250047,0.0
57192.54,36688.43,27,14,0,23,0.461,0,0.915,1,0.6414897817092928,0.0
70653.23,25742.76,63,0,0,3,0.377,1,0.899,0,0.36435361836960606,0.0
85885.44,7686.46,38,3,1,19,0.478,0,0.944,0,0.08949665973650481,0.05263157894736842
55797.05,26771.94,53,10,0,3,0.227,1,0.989,1,0.4798092372266992,0.0
104911.85,4486.16,42,22,0,22,0.858,3,0.792,0,0.0427612324060628,0.0
38881.36,15572.98,57,21,1,24,0.162,2,0.9,0,0.40052559889880396,0.041666666666666664
65185.68,37714.46,50,2,1,20,0.332,0,0.842,1,0.5785697104026528,0.05
209210.4,18216.5,29,1,0,19,0.449,0,0.929,1,0.08707263118850689,0.0
71863.84,13014.48,30,20,1,12,0.439,0,0.97,0,0.18109914527250423,0.08333333333333333
123882.53,32086.87,63,11,3,6,0.767,1,1.0,1,0.2590104512718621,0.5
67732.85,33918.49,46,24,2,24,0.283,1,0.91,1,0.5007686816662815,0.08333333333333333
84414.31,42177.95,34,9,2,13,0.224,1,0.947,1,0.4996540278538082,0.15384615384615385
63360.13,31775.46,28,11,0,20,0.179,0,0.822,1,0.5015055998148994,0.0
60201.9,36352.59,27,6,0,18,0.743,1,0.88,1,0.6038445630453523,0.0
45769.6,28984.53,66,8,1,17,0.195,2,0.954,1,0.6332703366426624,0.058823529411764705
78887.51,21390.9,68,21,1,9,0.655,0,0.845,1,0.27115699303983615,0.1111111111111111
44309.34,19078.32,40,14,2,11,0.532,0,1.0,1,0.430571071471613,0.18181818181818182
87698.13,15427.52,30,20,1,11,0.301,1,0.977,1,0.17591617974066265,0.09090909090909091
105928.72,8185.24,41,2,0,15,0.329,1,0.877,0,0.07727120652453838,0.0
76655.89,9673.78,27,16,3,18,0.343,1,0.836,1,0.12619747810637905,0.16666666666666666
57144.05,14985.19,47,14,3,5,0.498,2,0.89,1,0.2622353508370513,0.6
79732.06,21058.74,51,28,0,6,0.622,1,0.877,1,0.2641188500585587,0.0
56570.32,45919.96,69,13,0,2,0.653,2,0.855,0,0.8117323713212158,0.0
99026.1,17517.56,36,3,1,13,0.252,1,0.842,1,0.17689841365054262,0.07692307692307693
28509.99,34557.73,30,21,1,17,0.8,4,0.924,1,1.2121270473963688,0.058823529411764705
55888.8,36303.96,27,4,0,6,0.328,1,0.991,1,0.6495748700991969,0.0
26536.52,15485.92,39,28,1,18,0.646,1,0.89,1,0.5835701139410895,0.05555555555555555
33168.81,26494.06,50,11,1,1,0.292,6,0.971,0,0.7987642607618424,1.0
120076.05,15364.79,24,24,1,21,0.529,2,0.917,1,0.1279588227627408,0.047619047619047616
97243.73,42510.88,58,20,0,17,0.711,4,0.983,1,0.43715805636003474,0.0
47022.26,27212.32,43,14,0,17,0.503,2,0.885,1,0.578711444324454,0.0
33057.9,8302.51,59,18,0,17,0.762,3,0.96,1,0.2511505570529283,0.0
17121.74,19992.61,43,5,1,9,0.131,5,0.948,1,1.1676739630434756,0.1111111111111111
50897.52,52543.67,28,2,1,24,0.309,0,1.0,1,1.0323424402603507,0.041666666666666664
193170.66,15999.73,22,23,1,18,0.334,3,0.979,1,0.08282691584736522,0.05555555555555555
79050.37,24080.12,48,29,4,5,0.69,2,0.958,1,0.3046174230430547,0.8
50530.63,25666.66,47,26,1,23,0.5,4,0.837,1,0.5079426082754164,0.043478260869565216
80131.85,9175.78,60,9,2,18,0.293,0,0.903,1,0.11450852563618587,0.1111111111111111
32199.66,25086.55,63,11,3,8,0.304,3,0.884,0,0.7790936301811883,0.375
56859.98,7274.53,28,11,0,23,0.844,1,0.882,1,0.1279376109523781,0.0
67975.83,11985.72,36,21,0,6,0.346,1,0.941,1,0.1763232607825458,0.0
62529.72,36219.28,31,19,1,16,0.351,0,0.957,1,0.5792330431033434,0.0625
92781.76,22697.69,26,24,0,17,0.118,0,0.96,0,0.2446352602063164,0.0
75904.63,14767.98,21,29,1,24,0.416,3,1.0,1,0.19455967310557998,0.041666666666666664
87806.36,24060.5,25,12,3,14,0.323,2,0.974,1,0.2740177363006507,0.21428571428571427
47685.14,17310.47,46,20,0,24,0.51,3,0.854,0,0.3630160255375155,0.0
97358.91,18147.77,28,15,0,7,0.486,1,0.954,1,0.18640071052562113,0.0
135288.41,27585.87,30,29,2,20,0.28,1,0.981,0,0.20390416296562283,0.1
42006.32,11218.71,26,10,3,6,0.812,1,1.0,0,0.2670719548867884,0.5
43594.2,18478.18,56,5,1,24,0.437,1,0.929,1,0.4238678539805754,0.041666666666666664
118568.43,14693.39,52,11,0,19,0.535,1,0.93,1,0.12392329054201022,0.0
59637.38,6422.0,68,19,3,16,0.433,2,1.0,1,0.1076841403830953,0.1875
122254.74,9895.45,26,29,1,2,0.126,1,0.953,1,0.08094123794300327,0.5
53263.23,49884.28,31,25,1,12,0.146,3,0.828,1,0.9365613012954714,0.08333333333333333
125105.55,23114.08,43,0,0,4,0.576,1,0.813,1,0.18475663150036112,0.0
68962.02,7614.39,52,15,2,23,0.246,2,1.0,1,0.11041425410682576,0.08695652173913043
73009.55,6613.69,27,4,2,10,0.286,0,0.82,1,0.09058664243239412,0.2
131434.73,16734.38,31,11,2,20,0.51,3,0.928,1,0.1273208382594159,0.1
55234.65,49657.18,41,29,2,22,0.586,3,1.0,1,0.899022262293687,0.09090909090909091
42558.62,15942.35,21,30,0,3,0.502,1,0.816,1,0.37459743760488473,0.0
53118.93,42094.68,40,4,1,19,0.662,1,0.864,0,0.7924609927195446,0.05263157894736842
79673.54,22626.61,58,4,0,8,0.261,1,0.853,1,0.2839915234091519,0.0
32130.18,24451.33,46,21,1,3,0.305,2,1.0,1,0.7610081860730317,0.3333333333333333
86595.61,7554.58,42,12,3,7,0.336,4,1.0,1,0.08723975730409428,0.42857142857142855
51005.84,33107.56,44,13,2,14,0.302,0,0.889,0,0.6490935155660607,0.14285714285714285
108951.52,14478.52,67,27,2,21,0.12,1,0.981,1,0.1328895640923596,0.09523809523809523
22130.8,31543.95,46,28,1,17,0.065,1,0.962,1,1.4253416053644694,0.058823529411764705
45623.94,10603.26,47,27,0,6,0.662,2,0.92,0,0.23240561862916706,0.0
30431.45,20195.38,66,24,0,8,0.474,3,0.826,1,0.6636351537636228,0.0
44816.84,22627.67,28,30,0,8,0.349,3,1.0,1,0.5048921342959477,0.0
72663.34,16285.09,25,22,2,18,0.723,3,0.813,1,0.2241170031545481,0.1111111111111111
59963.45,23413.81,43,27,2,13,0.228,2,0.955,0,0.39046802677297593,0.15384615384615385
57995.61,15138.08,36,16,0,1,0.497,2,0.895,0,0.26102113591011455,0.0
60506.7,11804.52,30,1,3,2,0.477,4,1.0,1,0.19509442755926204,1.5
71229.85,51107.74,26,25,3,2,0.28,1,0.999,1,0.7175045293511076,1.5
41286.93,35594.5,64,28,3,24,0.477,0,0.871,1,0.8621251325782759,0.125
89341.81,10977.08,51,9,1,13,0.725,2,0.885,1,0.12286610266794461,0.07692307692307693
87583.0,26045.9,54,13,1,12,0.152,0,0.831,1,0.2973853373371545,0.08333333333333333
77296.94,11107.61,26,17,1,19,0.129,1,0.954,1,0.14370051388838936,0.05263157894736842
83498.39,8333.86,37,20,2,5,0.156,1,0.99,1,0.09980863104067038,0.4
74275.07,35245.85,51,20,2,1,0.447,6,0.909,1,0.47453136025317777,2.0
162417.51,5945.93,46,12,3,7,0.288,1,0.923,0,0.0366089222769146,0.42857142857142855
62501.77,32878.8,55,26,1,6,0.637,2,1.0,1,0.5260459023800447,0.16666666666666666
56610.8,15273.24,53,25,0,20,0.514,0,1.0,1,0.2697937496025493,0.0
46307.31,15687.54,41,29,2,20,0.605,0,1.0,1,0.33877027190739434,0.1
40848.46,23493.18,59,17,1,16,0.327,4,0.783,0,0.5751301273046768,0.0625
37128.13,26262.73,33,2,0,22,0.518,0,0.978,1,0.7073539658474586,0.0
43572.6,10519.69,24,26,0,12,0.397,1,0.958,1,0.24142901731822294,0.0
62965.13,28699.89,65,2,0,6,0.72,4,0.852,1,0.45580609457965066,0.0
75551.92,19376.53,22,6,3,8,0.608,1,0.867,0,0.25646641408980736,0.375
66513.25,7956.08,34,8,1,4,0.352,0,0.925,1,0.1196164673955941,0.25
46057.77,16118.27,26,5,2,22,0.741,1,0.846,0,0.3499576727227567,0.09090909090909091
97462.76,44176.95,32,22,2,15,0.118,0,0.884,1,0.45327004899101975,0.13333333333333333
90660.61,53525.51,40,13,2,19,0.791,2,0.908,0,0.5903943289152809,0.10526315789473684
60494.08,28692.86,27,6,0,7,0.448,1,0.98,1,0.47430856044095554,0.0
48452.07,8303.26,43,0,3,18,0.142,2,0.891,1,0.17137059366091068,0.16666666666666666
83194.38,24760.91,66,6,1,8,0.319,2,0.909,1,0.29762719549084926,0.125
70737.47,31294.16,27,21,0,11,0.588,1,1.0,0,0.4423986325776141,0.0
33876.79,28849.19,66,24,2,16,0.271,0,0.817,1,0.8515916059343285,0.125
63041.68,29981.85,41,9,1,24,0.519,1,0.956,1,0.4755877381440342,0.041666666666666664
73134.73,22793.9,50,2,1,14,0.227,2,0.967,1,0.3116699822368935,0.07142857142857142
43359.45,17172.41,42,17,0,18,0.283,4,0.969,1,0.3960476897193115,0.0
70797.01,12120.92,36,24,0,15,0.594,4,0.905,1,0.1712066653662351,0.0
33774.87,5242.06,26,2,3,11,0.427,2,0.865,1,0.1552059267733673,0.2727272727272727
118589.86,22446.59,50,24,1,23,0.229,0,1.0,0,0.18927916771298997,0.043478260869565216
113973.36,20313.91,65,5,0,24,0.316,1,0.88,1,0.17823384341744422,0.0
58018.07,25862.55,46,7,1,8,0.641,0,0.862,1,0.4457671549570677,0.125
76549.82,7545.63,50,19,2,22,0.603,2,0.941,1,0.09857149239540994,0.09090909090909091
21975.37,27375.07,52,1,0,11,0.502,3,0.888,0,1.245715999321058,0.0
38630.06,68431.01,40,9,1,18,0.945,2,1.0,1,1.7714445693327943,0.05555555555555555
56950.74,18941.67,26,4,0,13,0.383,1,0.921,1,0.3325974342036644,0.0
40122.1,17292.78,45,6,1,19,0.188,6,1.0,1,0.43100386071516694,0.05263157894736842
89645.74,22003.98,63,23,1,21,0.616,0,0.971,1,0.24545483142868807,0.047619047619047616
159679.82,67450.29,36,7,0,11,0.121,0,0.913,1,0.42240960692465707,0.0
38279.35,9253.49,63,1,2,17,0.266,0,1.0,0,0.2417358183981703,0.11764705882352941
44590.85,20541.69,62,6,0,13,0.196,0,0.894,1,0.46067051872749676,0.0
72264.94,10703.75,32,2,1,20,0.187,2,0.918,1,0.148118160756793,0.05
134207.83,12614.14,49,19,1,5,0.693,2,0.977,1,0.0939895980733762,0.2
37499.17,17429.04,57,30,1,18,0.469,0,0.956,1,0.46478468723441085,0.05555555555555555
72708.15,43212.59,45,5,3,15,0.671,3,0.893,1,0.5943293839824009,0.2
147521.18,58033.22,55,22,2,11,0.184,2,0.832,1,0.39338907131843714,0.18181818181818182
30910.49,24086.8,65,11,1,9,0.426,2,0.939,1,0.7792435512992514,0.1111111111111111
36521.68,14091.69,51,2,1,17,0.582,1,0.889,0,0.38584451755779037,0.058823529411764705
53718.87,90981.12,62,21,0,9,0.134,2,0.942,1,1.693652900740466,0.0
51424.9,13632.56,60,6,0,1,0.19,1,0.911,1,0.2650964804987467,0.0
93696.22,12417.83,60,15,3,23,0.349,1,0.89,1,0.1325328812624458,0.13043478260869565
72467.21,5678.34,62,15,1,11,0.515,2,0.921,0,0.07835737018163111,0.09090909090909091
29243.41,44604.35,32,18,1,4,0.03,3,0.935,1,1.5252786867195036,0.25
81967.43,33775.35,21,4,1,6,0.06,1,0.989,1,0.41205817969405656,0.16666666666666666
50123.74,86655.92,28,7,2,20,0.71,1,0.97,1,1.7288398670969085,0.1
115340.49,7294.94,33,22,1,8,0.082,2,1.0,1,0.06324700025116937,0.125
49007.48,46441.0,54,28,2,7,0.178,3,0.95,1,0.9476308514536964,0.2857142857142857
48808.79,18839.58,45,0,1,12,0.443,1,0.893,1,0.3859874420160795,0.08333333333333333
82921.68,30396.79,43,12,0,1,0.272,2,0.928,1,0.3665722884533937,0.0
91625.0,6167.64,21,27,3,14,0.185,1,0.98,1,0.06731394270122784,0.21428571428571427
79521.86,46741.15,54,8,0,1,0.156,5,1.0,0,0.5877773734165674,0.0
30443.38,30012.31,38,13,1,21,0.432,2,1.0,1,0.9858402713496334,0.047619047619047616
82806.19,17550.46,58,28,0,11,0.777,2,0.869,1,0.211946232521989,0.0
40810.88,27376.77,26,30,2,6,0.017,0,1.0,1,0.67082037927141,0.3333333333333333
72259.33,10944.09,35,20,2,11,0.308,3,0.937,1,0.15145573588905406,0.18181818181818182
34250.69,12350.98,23,21,1,5,0.846,0,0.875,1,0.3606052899956176,0.2
79458.29,13318.22,34,19,0,8,0.59,0,0.926,1,0.16761271857222199,0.0
45214.5,5398.38,66,8,2,4,0.357,1,1.0,0,0.1193948843844342,0.5
36495.96,31516.61,45,27,2,17,0.278,4,0.972,1,0.8635643506842949,0.11764705882352941
89622.49,39052.53,42,1,2,24,0.42,0,0.855,1,0.43574475558534465,0.08333333333333333
72466.71,11410.09,34,1,3,12,0.104,2,0.856,1,0.15745284972920667,0.25
49308.56,22571.85,33,18,0,3,0.528,1,0.854,1,0.45776737345402096,0.0
124888.05,15146.51,53,25,0,2,0.721,1,0.889,1,0.12128069899401904,0.0
53308.39,22281.35,69,25,3,20,0.759,1,0.945,1,0.417970792214884,0.15
65945.97,11970.52,57,21,0,9,0.229,1,0.861,1,0.1815201141176633,0.0
73361.43,10136.53,57,11,0,8,0.688,1,0.91,1,0.13817247019312467,0.0
49182.49,35666.81,44,11,3,3,0.696,0,1.0,1,0.7251932547538769,1.0
80350.52,17268.01,25,13,2,16,0.566,2,1.0,0,0.21490850339238624,0.125
51128.07,67003.35,56,7,0,2,0.302,1,1.0,1,1.3105002790052511,0.0
54008.96,18550.06,60,12,4,22,0.421,1,0.814,1,0.34346264027302137,0.18181818181818182
120010.17,9859.36,46,3,0,5,0.178,1,1.0,1,0.08215437075041224,0.0
40695.75,39960.17,25,9,2,2,0.409,0,0.946,1,0.9819248938771247,1.0
21947.12,27123.27,55,29,2,17,0.155,0,0.945,0,1.2358464345207938,0.11764705882352941
134197.01,28871.04,66,21,2,9,0.43,0,1.0,1,0.21513921956979518,0.2222222222222222
204708.06,39027.33,32,4,1,17,0.328,1,0.989,0,0.1906487218920447,0.058823529411764705
54163.98,11775.89,28,8,0,1,0.269,1,0.809,0,0.21741182978060325,0.0
27188.94,16571.05,57,8,1,21,0.391,1,0.897,0,0.6094776037609411,0.047619047619047616
56524.23,16101.77,37,8,4,8,0.354,1,0.914,1,0.2848649154530721,0.5
57144.72,7778.68,56,21,0,19,0.46,0,0.847,1,0.13612246240772552,0.0
59675.5,15165.73,55,27,1,23,0.318,0,1.0,1,0.2541366222319042,0.043478260869565216
39384.12,42906.29,34,22,2,13,0.079,1,1.0,0,1.0894312225333458,0.15384615384615385
84368.14,21002.5,23,15,1,9,0.41,1,0.939,0,0.24893875816155245,0.1111111111111111
82303.66,7503.97,48,4,1,8,0.188,1,0.961,1,0.09117419565545444,0.125
33178.59,6547.45,40,4,1,17,0.511,1,0.939,0,0.1973396096699709,0.058823529411764705
89034.67,53115.89,62,25,2,1,0.331,1,0.947,0,0.5965753565436924,2.0
163709.83,16973.69,38,21,0,4,0.649,0,1.0,1,0.10368155656871673,0.0
70229.57,11817.19,33,15,2,16,0.424,1,0.816,1,0.16826516238103123,0.125
55845.61,15063.54,63,17,2,1,0.607,0,0.974,1,0.2697354366798035,2.0
60976.33,6890.35,57,26,1,7,0.351,3,0.941,1,0.11300040523921331,0.14285714285714285
85734.29,45394.17,51,25,0,16,0.178,1,0.89,1,0.5294750793410665,0.0
29832.1,13941.74,67,2,1,7,0.436,2,0.905,1,0.46734021406471554,0.14285714285714285
69990.75,43780.25,59,12,2,23,0.169,2,1.0,1,0.6255148001700225,0.08695652173913043
54526.05,18614.58,63,1,1,24,0.31,4,0.847,0,0.3413887490474736,0.041666666666666664
149292.66,45584.49,60,11,3,1,0.068,1,0.928,1,0.30533644453786274,3.0
60099.98,21268.42,40,19,0,5,0.578,3,1.0,1,0.353883977997996,0.0
137680.63,31342.44,24,6,0,22,0.806,1,0.851,1,0.22764596588496144,0.0
39555.47,28725.41,50,4,2,1,0.355,3,0.908,1,0.7262057561191916,2.0
84660.9,26991.2,58,15,1,12,0.36,1,0.943,1,0.3188154153806539,0.08333333333333333
75047.21,22567.91,69,16,3,23,0.398,2,0.969,1,0.30071617585783667,0.13043478260869565
43961.58,15471.8,54,22,1,15,0.414,3,0.934,1,0.35193912502689845,0.06666666666666667
70401.57,62514.86,48,0,2,8,0.779,0,0.877,1,0.8879753675947851,0.25
112170.58,9982.79,49,7,2,1,0.454,0,0.971,1,0.08899650871021618,2.0
56186.75,18050.47,26,24,1,10,0.625,0,0.933,1,0.32125848175948957,0.1
30356.3,18175.01,21,21,5,14,0.648,0,0.984,1,0.5987228351281282,0.35714285714285715
64488.31,23381.81,23,27,0,2,0.591,4,1.0,1,0.3625743952663669,0.0
43306.25,13615.58,65,25,3,13,0.538,2,0.836,1,0.3144021936787415,0.23076923076923078
55719.7,22086.29,59,26,0,10,0.149,4,1.0,0,0.396382069537345,0.0
62656.83,16129.08,33,15,0,8,0.36,1,0.922,1,0.25741934279152007,0.0
30169.87,6437.26,41,29,1,24,0.376,1,0.998,0,0.21336717725333257,0.041666666666666664
31416.74,18112.11,44,12,1,22,0.161,0,0.975,1,0.5765114394427938,0.045454545454545456
80746.72,8802.22,33,27,1,17,0.473,0,1.0,1,0.109010248341976,0.058823529411764705
51375.63,5830.02,41,12,3,15,0.387,5,0.94,1,0.1134783164702798,0.2
20496.46,19674.82,38,13,2,12,0.246,1,0.912,0,0.959913077672925,0.16666666666666666
92533.16,24717.12,55,21,1,2,0.337,1,0.904,0,0.267116350506132,0.5
73475.62,25348.65,58,12,0,8,0.074,2,0.867,1,0.34499402659004447,0.0
47141.02,26024.35,25,4,2,1,0.581,0,0.997,0,0.5520531800118029,2.0
35938.66,5125.3,43,27,0,9,0.596,1,0.863,1,0.14261244019671296,0.0
94679.81,7431.37,69,14,3,12,0.301,2,0.996,1,0.07848948999792035,0.25
76065.52,64920.32,63,28,3,15,0.218,2,0.924,1,0.8534789481489116,0.2
189911.52,9112.86,59,12,4,9,0.527,1,0.817,1,0.04798476680087654,0.4444444444444444
78529.33,26773.66,57,30,1,7,0.064,2,1.0,1,0.34093834749385993,0.14285714285714285
77389.7,11517.44,21,18,1,18,0.364,2,0.704,1,0.14882393910300726,0.05555555555555555
60296.24,18956.73,68,23,0,4,0.134,1,0.934,1,0.31439323579712436,0.0
93872.4,11926.42,57,23,2,4,0.11,1,0.956,1,0.12704927113826855,0.5
86114.31,25929.3,64,6,0,17,0.384,1,0.779,1,0.3011032661122176,0.0
114167.14,19673.55,65,25,1,15,0.647,3,0.971,1,0.17232235124747802,0.06666666666666667
51407.91,13450.06,33,29,2,21,0.347,2,0.893,1,0.26163405592641287,0.09523809523809523
53434.36,9095.32,21,20,1,18,0.245,2,0.923,1,0.17021482057612367,0.05555555555555555
52393.94,21422.14,53,29,3,22,0.134,3,1.0,1,0.4088667506203961,0.13636363636363635
92781.57,8183.37,43,26,1,16,0.642,0,0.95,1,0.08820038289931934,0.0625
127568.79,23765.49,22,20,0,21,0.083,3,0.915,1,0.18629548810488838,0.0
52873.86,99244.54,34,14,0,5,0.685,2,0.928,1,1.877005764285036,0.0
53690.66,43292.62,69,26,0,13,0.242,1,1.0,1,0.8063342860750827,0.0
74867.66,28711.5,38,5,0,23,0.476,3,0.968,1,0.38349669269748776,0.0
58194.72,17025.75,33,17,1,19,0.328,2,0.878,1,0.29256520179150275,0.05263157894736842
99764.4,5104.81,53,25,3,10,0.521,0,0.906,1,0.051168653347286215,0.3
23596.24,7620.83,53,29,1,23,0.481,1,0.857,1,0.3229679813393998,0.043478260869565216
44807.25,41437.54,37,8,1,8,0.418,0,0.908,0,0.9247954293111048,0.125
45709.22,10772.86,62,2,4,1,0.408,0,1.0,1,0.23568242905917014,4.0
22879.17,11425.62,49,10,4,20,0.12,1,0.928,1,0.49938961946609084,0.2
42129.57,16162.58,28,26,1,10,0.704,2,0.846,0,0.3836398045363387,0.1
43058.82,9025.39,36,16,0,1,0.423,1,0.97,1,0.20960606909339363,0.0
59376.0,8108.98,62,1,1,5,0.758,0,0.913,1,0.13656999461061708,0.2
107256.37,17419.04,25,3,1,2,0.121,3,0.979,1,0.16240564546422745,0.5
58213.07,10083.27,21,10,3,24,0.146,2,0.923,0,0.1732131632982078,0.125
40875.1,11119.6,53,10,0,21,0.093,2,1.0,1,0.27203847819332555,0.0
63355.25,10833.01,42,4,1,23,0.559,0,0.876,1,0.1709883553454528,0.043478260869565216
104221.18,25277.28,33,15,3,5,0.768,2,0.858,1,0.24253496266305946,0.6
41896.65,15479.09,44,14,2,20,0.53,2,1.0,1,0.36945889468489723,0.1
43147.68,16027.4,29,6,1,14,0.522,4,0.8,1,0.371454502304643,0.07142857142857142
83574.15,26532.93,39,7,1,8,0.193,4,0.928,0,0.31747771290524646,0.125
58832.59,16412.55,32,20,2,17,0.476,0,0.996,1,0.278970380192339,0.11764705882352941
86986.71,15021.87,49,29,1,23,0.297,0,0.786,1,0.17269155253716342,0.043478260869565216
64602.05,24438.62,54,30,0,12,0.433,3,0.945,1,0.37829480643416113,0.0
89133.56,27790.67,65,17,0,1,0.224,1,0.835,1,0.3117868286647588,0.0
40796.74,16358.93,24,1,0,21,0.176,0,0.811,1,0.4009862062507936,0.0
64647.48,18968.26,37,27,6,5,0.279,0,0.865,1,0.2934106634937665,1.2
59120.44,10828.79,33,29,0,5,0.396,3,0.927,1,0.18316490878619984,0.0
37608.74,10287.48,49,8,2,15,0.781,2,0.891,1,0.2735396080804621,0.13333333333333333
32163.18,29675.38,47,12,1,20,0.051,3,1.0,1,0.9226506831724973,0.05
88497.5,24036.75,63,0,1,20,0.264,1,0.946,1,0.27160936749625697,0.05
55504.2,24199.11,66,24,2,21,0.661,0,0.906,1,0.43598700638870574,0.09523809523809523
41032.36,21605.05,58,24,0,22,0.203,0,0.848,1,0.5265368601757247,0.0
62246.78,18548.78,30,0,3,4,0.61,1,0.956,1,0.2979877834644619,0.75
107985.37,28305.03,22,21,2,8,0.703,3,1.0,0,0.26211911854355824,0.25
23290.73,33055.65,65,12,1,18,0.289,0,0.891,0,1.4192620840995538,0.05555555555555555
33145.26,32546.5,67,16,1,10,0.665,1,0.899,0,0.9819352752097886,0.1
42909.29,16858.69,33,6,1,18,0.375,1,0.866,1,0.3928913762031485,0.05555555555555555
125451.32,44341.32,23,25,4,11,0.383,1,1.0,1,0.35345439171146226,0.36363636363636365
73814.22,20881.66,54,12,1,11,0.342,1,1.0,1,0.28289481349257634,0.09090909090909091
91806.22,27151.07,49,26,2,1,0.567,3,0.909,1,0.29574325138318514,2.0
38912.47,21622.38,64,4,0,15,0.519,0,0.898,0,0.5556671164796272,0.0
39275.31,21134.91,49,18,2,21,0.546,1,0.874,1,0.538122041557406,0.09523809523809523
79511.64,11157.73,58,9,0,20,0.558,1,0.92,1,0.1403282588561876,0.0
66727.07,28396.04,59,29,1,9,0.53,3,1.0,1,0.42555502586881155,0.1111111111111111
83206.02,114412.82,21,17,1,17,0.724,3,0.943,1,1.3750545934056213,0.058823529411764705
59736.03,14108.18,28,22,1,5,0.263,2,1.0,1,0.236175386948212,0.2
73666.78,18850.1,59,2,2,16,0.213,1,0.89,1,0.25588331674059867,0.125
69793.5,13468.29,29,20,1,10,0.241,3,0.778,0,0.19297341442971053,0.1
92238.96,13107.16,31,3,0,23,0.47,1,1.0,0,0.14210004102387971,0.0
93460.7,49119.88,57,11,0,18,0.33,1,0.955,1,0.52556721702277,0.0
31357.23,11622.47,31,6,3,2,0.34,1,0.994,1,0.37064721596901257,1.5
23644.17,13226.46,28,0,0,21,0.407,2,0.885,1,0.5593962486312694,0.0
102020.39,6414.12,21,18,0,18,0.57,0,0.845,1,0.06287096138330779,0.0
110926.03,11000.32,44,7,4,6,0.354,1,0.951,1,0.09916806722461806,0.6666666666666666
41062.98,5929.33,52,15,1,7,0.355,1,0.801,0,0.14439599853688162,0.14285714285714285
28147.58,27140.98,56,23,1,5,0.335,3,0.921,0,0.9642384887084431,0.2
67962.29,111071.59,65,5,1,8,0.074,1,1.0,1,1.634312057465986,0.125
98816.49,14182.81,52,22,0,23,0.319,3,0.971,1,0.14352675348011246,0.0
145955.94,6092.02,58,9,1,22,0.622,4,0.958,1,0.041738760340963174,0.045454545454545456
82000.16,32309.83,31,10,2,14,0.087,2,1.0,1,0.39402154825063757,0.14285714285714285
54987.99,11221.94,37,17,0,9,0.267,2,0.966,1,0.20407983634244498,0.0
43487.72,41885.82,35,19,0,9,0.793,2,0.807,0,0.9631643139718522,0.0
65335.81,14985.05,24,20,2,23,0.389,2,0.93,1,0.22935431580323257,0.08695652173913043
56810.33,11937.58,68,6,1,5,0.567,1,1.0,1,0.21013044634664152,0.2
41165.75,16033.81,32,17,0,19,0.103,2,0.918,1,0.38949393609979166,0.0
163420.61,29456.86,42,8,0,24,0.579,2,1.0,1,0.18025180544852942,0.0
145142.07,15526.5,38,8,2,21,0.144,6,1.0,1,0.10697449746996167,0.09523809523809523
108376.27,13033.21,23,29,2,18,0.699,0,0.911,1,0.1202588906224582,0.1111111111111111
42948.62,15817.73,65,3,0,22,0.34,1,0.864,1,0.36829425485615136,0.0
95501.88,7874.79,31,12,1,6,0.654,0,0.964,1,0.08245691079589218,0.16666666666666666
86679.65,23299.74,25,13,2,24,0.194,1,1.0,0,0.26880288510625044,0.08333333333333333
79323.37,5635.01,37,7,1,3,0.468,2,0.829,0,0.07103845940988136,0.3333333333333333
114061.37,13486.55,28,24,1,1,0.565,3,0.948,1,0.11823941795543925,1.0
86513.83,29487.67,69,15,1,5,0.353,1,0.797,1,0.3408434235312435,0.2
90685.16,21918.98,30,22,1,15,0.62,1,0.916,1,0.2417041553436086,0.06666666666666667
86573.62,26418.91,35,11,1,6,0.19,0,0.824,1,0.30516120268506736,0.16666666666666666
75773.1,17254.83,34,27,0,16,0.369,2,0.979,1,0.22771709221346362,0.0
29129.82,38501.87,22,22,3,3,0.269,2,0.892,1,1.3217338795776974,1.0
67492.52,32832.74,21,10,1,17,0.293,4,1.0,0,0.48646487047749876,0.058823529411764705
50607.56,24055.49,46,29,2,6,0.309,2,0.902,1,0.47533392244162737,0.3333333333333333
36541.87,32893.55,32,26,2,13,0.553,3,0.896,1,0.9001605555490182,0.15384615384615385
138546.33,29316.4,25,18,1,3,0.438,2,0.827,0,0.21159997525737423,0.3333333333333333
141519.17,13527.44,35,0,2,24,0.31,1,0.967,1,0.0955873327973871,0.08333333333333333
119825.5,7514.52,34,18,2,10,0.56,3,0.974,1,0.06271219398208228,0.2
72910.55,23655.77,41,21,1,15,0.745,1,1.0,1,0.3244492052247583,0.06666666666666667
119362.92,25670.17,69,11,1,12,0.379,2,0.986,1,0.2150598360026715,0.08333333333333333
65353.51,36568.18,36,4,0,15,0.142,2,0.968,1,0.5595442387103615,0.0
71210.91,9793.93,55,17,1,11,0.276,1,0.982,1,0.13753412222930447,0.09090909090909091
39738.69,9986.07,58,24,0,2,0.639,1,0.989,1,0.2512933868730952,0.0
77713.84,24271.6,23,9,0,20,0.071,1,1.0,1,0.3123201736009956,0.0
66790.51,17186.31,45,14,3,16,0.205,2,0.833,1,0.257316645733054,0.1875
36168.69,5283.7,42,0,1,7,0.551,1,0.908,1,0.14608491488079883,0.14285714285714285
63519.6,22970.07,45,21,2,3,0.673,3,0.826,1,0.36162176713959154,0.6666666666666666
62709.25,5399.45,29,26,1,22,0.341,2,0.963,1,0.08610292739906791,0.045454545454545456
145953.75,9737.21,43,24,1,8,0.567,2,1.0,1,0.06671435300566103,0.125
97201.22,43335.17,27,13,4,22,0.436,2,1.0,1,0.4458294865023299,0.18181818181818182
65335.64,58941.36,67,1,2,19,0.336,2,0.898,1,0.9021318226927907,0.10526315789473684
72700.01,8167.76,49,15,0,24,0.638,0,0.975,1,0.11234881535779707,0.0
66306.16,14530.75,22,29,0,16,0.199,0,0.964,1,0.21914630556195683,0.0
59327.68,18505.66,45,2,0,5,0.125,3,0.956,1,0.31192286635850247,0.0
39936.67,57292.47,66,6,2,1,0.265,0,0.849,1,1.4345830536196433,2.0
60728.55,13065.92,57,25,1,6,0.139,0,1.0,1,0.21515283997394963,0.16666666666666666
46462.38,13202.38,34,17,1,11,0.315,1,0.858,1,0.28415203870314004,0.09090909090909091
37030.63,49256.6,64,5,0,15,0.146,0,0.914,0,1.3301583040850238,0.0
81813.08,14108.24,30,0,0,22,0.22,2,1.0,1,0.17244479733558496,0.0
77513.83,28783.52,33,12,1,4,0.319,5,0.914,1,0.3713339929145547,0.25
29089.26,6891.09,28,18,1,16,0.13,1,0.946,1,0.23689464771534238,0.0625
61508.73,16104.04,66,26,0,3,0.072,3,0.948,1,0.2618171436802548,0.0
101743.29,6120.44,56,27,1,12,0.647,2,0.945,1,0.0601557114970432,0.08333333333333333
104693.6,9064.27,46,14,4,2,0.232,1,0.948,1,0.0865790267981997,2.0
103132.43,31057.88,53,13,3,9,0.395,2,0.955,1,0.3011456241261842,0.3333333333333333
66148.24,17425.48,33,28,2,15,0.552,2,0.945,1,0.2634307428285318,0.13333333333333333
44438.97,14628.23,24,24,2,18,0.673,2,0.877,1,0.3291757212194612,0.1111111111111111
39913.83,11063.87,62,6,1,20,0.123,1,0.831,1,0.27719389494819213,0.05
75903.25,15594.92,68,21,0,13,0.507,0,1.0,1,0.20545786906357766,0.0
77096.92,21891.43,22,22,3,7,0.708,1,1.0,0,0.2839468814058979,0.42857142857142855
116011.15,34098.97,23,7,0,22,0.635,1,0.964,1,0.29392838533192717,0.0
106631.41,3267.5,48,30,2,23,0.166,0,0.963,0,0.030642940949575738,0.08695652173913043
61245.13,10482.71,23,9,1,24,0.453,2,0.876,1,0.1711598946724417,0.041666666666666664
37132.58,19961.08,56,17,2,20,0.639,2,0.769,1,0.5375624316974473,0.1
56305.34,16879.68,67,15,3,19,0.536,0,0.923,0,0.29978826164623107,0.15789473684210525
71674.95,23396.03,34,21,5,2,0.289,1,0.807,1,0.3264185046519042,2.5
59349.86,21418.88,35,27,0,14,0.387,3,0.953,1,0.36089183698158683,0.0
50115.73,14764.23,63,12,2,10,0.597,2,1.0,1,0.2946027125615051,0.2
72834.19,12780.46,38,11,5,7,0.604,1,0.897,0,0.17547335942089834,0.7142857142857143
51811.2,15345.09,32,23,1,2,0.509,1,0.901,0,0.2961732212340189,0.5
48996.92,37979.79,25,29,0,6,0.209,0,0.87,1,0.7751464785949811,0.0
74779.3,11184.92,62,28,3,22,0.579,0,0.943,0,0.1495724084071394,0.13636363636363635
54243.9,17279.96,66,23,2,22,0.132,1,0.938,1,0.31856042799282497,0.09090909090909091
72546.97,20278.15,24,21,1,18,0.069,2,0.869,0,0.27951753188313727,0.05555555555555555
73503.21,49630.22,60,23,3,3,0.276,1,1.0,1,0.6752115996022486,1.0
38925.29,14808.06,28,29,0,17,0.143,1,1.0,1,0.3804225992921311,0.0
52343.55,33568.77,27,0,1,4,0.495,1,1.0,1,0.6413162653278197,0.25
124137.14,40091.26,39,18,2,17,0.474,1,0.932,1,0.32295943019148016,0.11764705882352941
38530.55,17269.32,42,1,0,1,0.459,0,0.931,1,0.4481981181166632,0.0
25075.54,15695.98,62,17,0,7,0.13,1,0.904,1,0.6259478360186859,0.0
28122.13,14533.94,55,12,0,3,0.288,3,0.903,1,0.5168150492156889,0.0
65857.07,15242.49,28,9,1,23,0.223,0,1.0,1,0.23144804346746672,0.043478260869565216
65910.65,31362.96,49,27,0,14,0.264,2,1.0,1,0.47584055080628096,0.0
61649.33,20916.29,63,21,1,23,0.168,0,0.858,1,0.3392784641779562,0.043478260869565216
112254.96,20974.56,53,17,3,1,0.201,1,0.966,0,0.1868475121277492,3.0
19523.36,8662.27,32,27,0,18,0.663,1,1.0,1,0.4436874595356537,0.0
77676.87,9597.51,27,3,2,12,0.415,3,0.915,1,0.12355685804538727,0.16666666666666666
131240.89,72501.86,43,20,4,12,0.429,2,0.925,0,0.5524334679534708,0.3333333333333333
39129.86,16035.18,44,4,3,21,0.252,1,0.989,0,0.40979395275117264,0.14285714285714285
54788.17,10878.3,38,7,2,2,0.491,3,0.991,1,0.1985519866788761,1.0
46320.56,45630.95,26,5,3,23,0.75,0,0.97,1,0.9851122266224761,0.13043478260869565
43463.94,21618.45,26,16,0,1,0.121,2,0.958,1,0.4973881797186357,0.0
56124.33,26210.82,46,19,2,9,0.438,1,0.967,1,0.4670135037692209,0.2222222222222222
123563.56,16455.19,67,23,1,4,0.617,0,0.921,0,0.13317186717507976,0.25
148593.04,14632.34,50,13,1,13,0.289,1,0.862,1,0.0984725798731892,0.07692307692307693
55880.45,16121.29,42,29,3,15,0.565,0,0.831,1,0.288496066155516,0.2
153187.76,7327.19,66,11,1,16,0.742,0,0.982,1,0.04783143248520638,0.0625
66048.99,17000.1,54,4,3,20,0.519,1,0.948,1,0.2573862219543402,0.15
143100.65,21819.26,56,1,0,19,0.706,1,0.972,1,0.15247491887702816,0.0
62327.51,59929.74,49,3,4,23,0.283,1,0.882,0,0.9615295075962443,0.17391304347826086
68948.74,19034.84,58,13,1,11,0.336,4,0.947,0,0.27607234011818055,0.09090909090909091
76619.44,3947.79,45,12,2,5,0.135,0,0.946,1,0.051524652229251476,0.4
271746.98,16933.29,51,26,1,4,0.334,1,1.0,1,0.06231270721021445,0.25
95341.56,106809.77,51,3,3,7,0.192,1,1.0,1,1.1202855292067804,0.42857142857142855
47281.46,31611.15,57,8,1,15,0.553,1,0.888,1,0.6685738976757486,0.06666666666666667
100528.0,10625.89,65,30,0,2,0.23,2,0.975,0,0.1057007997771765,0.0
55233.11,26432.41,35,0,2,23,0.522,0,0.888,1,0.47856095736778176,0.08695652173913043
52143.51,11112.42,55,13,1,24,0.5,0,0.757,1,0.21311223582762265,0.041666666666666664
97832.6,7466.28,22,6,0,4,0.109,1,1.0,1,0.07631689232423547,0.0
65915.64,14352.61,47,16,0,19,0.328,4,0.914,1,0.2177421018744565,0.0
73681.11,19103.35,65,30,1,15,0.15,2,1.0,1,0.2592706597389751,0.06666666666666667
65410.36,5330.64,52,7,1,12,0.6,2,0.894,1,0.08149534722022628,0.08333333333333333
75629.75,8528.54,34,11,0,18,0.331,1,0.883,1,0.11276699975869285,0.0
78698.33,18121.33,50,13,0,14,0.294,0,0.902,1,0.2302632088889307,0.0
27187.36,13805.39,38,24,0,8,0.729,1,0.958,0,0.5077870745817173,0.0
87737.11,23266.14,42,30,2,14,0.295,1,0.952,1,0.2651801501097996,0.14285714285714285
41782.54,8173.01,32,2,1,4,0.461,1,0.975,1,0.19560826124979477,0.25
33965.75,28632.59,51,15,1,7,0.534,2,0.905,1,0.8429841825957031,0.14285714285714285
63313.73,8338.88,30,23,1,24,0.278,1,0.943,0,0.13170729318901286,0.041666666666666664
67503.45,52360.32,42,0,2,5,0.601,2,0.881,1,0.7756687991502657,0.4
47575.1,5901.04,67,24,1,15,0.485,0,1.0,1,0.12403631311337233,0.06666666666666667
94476.55,8848.18,58,7,3,8,0.541,0,0.848,1,0.09365477465042912,0.375
35531.1,23609.82,41,16,1,12,0.4,1,0.882,1,0.6644832273698253,0.08333333333333333
54123.18,53097.16,68,30,4,6,0.126,2,0.91,1,0.9810428729427946,0.6666666666666666
49958.56,22090.55,21,19,1,14,0.504,2,1.0,0,0.4421774766926829,0.07142857142857142
63651.51,25951.5,68,30,1,14,0.4,2,0.994,1,0.40771224437566367,0.07142857142857142
73690.67,18206.36,38,18,0,15,0.366,1,0.88,1,0.2470646555391612,0.0
41298.88,9236.96,61,6,1,8,0.099,1,0.998,0,0.22366127120154347,0.125
90045.44,13089.13,67,21,1,14,0.373,1,0.976,1,0.14536138642889634,0.07142857142857142
66869.19,8187.68,50,19,2,18,0.321,1,0.959,1,0.12244323581607613,0.1111111111111111
27743.77,7839.78,50,9,3,18,0.233,2,0.989,1,0.2825780346362444,0.16666666666666666
26924.08,23371.29,57,2,2,14,0.311,2,0.944,0,0.8680441448695739,0.14285714285714285
64640.66,8673.79,32,20,1,8,0.493,2,0.952,1,0.13418473759395402,0.125
58847.65,22155.41,29,17,1,13,0.539,3,0.831,1,0.3764875912632025,0.07692307692307693
62044.27,7722.88,37,23,1,13,0.135,3,1.0,1,0.12447370240636244,0.07692307692307693
64186.64,21824.23,44,3,1,23,0.371,1,0.909,1,0.34001203365684823,0.043478260869565216
71944.08,13101.52,57,16,1,10,0.536,0,0.853,1,0.18210699198599803,0.1
99566.88,44910.51,33,25,3,8,0.769,2,0.905,1,0.4510587255521113,0.375
39424.6,22215.47,48,27,0,18,0.266,3,0.908,0,0.5634925909203898,0.0
38359.42,40190.5,21,29,1,16,0.423,3,0.884,1,1.0477348197652625,0.0625
39741.32,11014.38,22,6,1,11,0.151,2,0.994,1,0.2771518409554589,0.09090909090909091
74024.77,18669.01,68,5,0,1,0.507,1,1.0,1,0.2521995002483628,0.0
113819.47,9513.06,62,17,1,17,0.625,0,0.803,1,0.08358025213085248,0.058823529411764705
53532.26,13756.73,63,14,0,18,0.608,2,0.904,1,0.25698018353792645,0.0
21086.27,15180.38,37,7,0,23,0.581,1,0.909,1,0.7199177474252202,0.0
30192.41,11229.72,46,3,5,13,0.4,5,0.928,1,0.3719385103739648,0.38461538461538464
44679.77,8168.58,54,4,0,13,0.379,3,1.0,1,0.18282502349497323,0.0
50572.57,7182.05,33,10,1,6,0.481,0,0.883,0,0.14201473249233726,0.16666666666666666
54088.0,3933.52,57,22,1,12,0.57,1,1.0,1,0.07272444904599912,0.08333333333333333
66138.35,9058.89,54,2,0,1,0.502,2,0.93,1,0.13696879344586005,0.0
56492.13,27065.04,40,3,1,13,0.712,3,1.0,0,0.4790939906142679,0.07692307692307693
104228.97,6368.4,42,8,0,17,0.622,0,0.918,1,0.06110009529980004,0.0
47950.99,7397.13,36,27,0,19,0.512,2,0.91,1,0.15426438536514053,0.0
44094.9,57653.78,60,30,1,16,0.627,2,0.938,1,1.307493156804982,0.0625
80630.84,11901.32,69,13,0,20,0.184,1,1.0,1,0.14760257985654124,0.0
32568.59,22176.91,69,1,0,16,0.584,4,0.951,0,0.6809293862583551,0.0
77458.98,27327.07,58,0,1,19,0.506,4,0.955,1,0.35279408533394063,0.05263157894736842
68069.97,27688.41,38,26,0,11,0.693,0,0.985,1,0.4067639518571846,0.0
60827.27,6691.7,59,13,2,15,0.385,0,0.878,1,0.11001151292832968,0.13333333333333333
132835.5,15489.82,32,2,0,16,0.319,2,0.964,1,0.11660903899936387,0.0
49126.27,6287.25,64,25,0,14,0.643,0,0.896,1,0.1279814241952422,0.0
164271.65,88276.89,34,16,1,14,0.193,1,1.0,1,0.5373835960130674,0.07142857142857142
58729.56,6383.41,40,10,3,19,0.3,1,0.969,1,0.10869160266141957,0.15789473684210525
36588.35,9109.12,25,14,3,6,0.594,0,0.988,1,0.2489623063078822,0.5
67077.66,9152.08,24,6,4,8,0.38,0,0.797,1,0.13644006066997566,0.5
40047.93,6804.22,40,28,1,13,0.426,4,0.989,0,0.16990191503031493,0.07692307692307693
46344.25,43360.89,47,24,2,16,0.727,2,0.928,1,0.935626102483048,0.125
77715.31,86917.8,21,6,0,13,0.448,2,0.839,0,1.1184128326838045,0.0
83462.65,13212.12,62,22,2,5,0.485,0,0.947,1,0.15829979038528014,0.4
49127.15,7630.07,26,5,2,20,0.325,1,0.834,1,0.15531269369381287,0.1
101364.16,4205.4,69,14,0,14,0.067,2,0.983,1,0.04148803679722694,0.0
109427.89,15358.99,34,23,1,11,0.052,0,1.0,0,0.14035717950880713,0.09090909090909091
124054.76,14654.31,39,1,0,22,0.606,4,0.815,1,0.11812775261505484,0.0
82485.56,11787.38,28,22,2,11,0.236,0,0.938,1,0.1429023455741829,0.18181818181818182
120052.63,20785.71,61,7,1,4,0.103,2,0.928,1,0.17313831442093353,0.25
27883.3,23271.61,56,21,0,24,0.359,0,0.801,1,0.8346074532067582,0.0
56335.75,22206.3,24,15,0,10,0.605,0,1.0,1,0.3941777645633545,0.0
44001.99,14656.6,26,0,0,22,0.336,2,0.984,1,0.3330894807257581,0.0
68582.6,8796.18,50,23,1,13,0.385,0,1.0,0,0.1282567298410967,0.07692307692307693
50261.29,27747.99,63,8,1,6,0.789,1,0.975,1,0.5520747676790628,0.16666666666666666
60317.14,18147.01,26,29,0,10,0.186,1,0.878,1,0.3008599214087405,0.0
151618.27,32066.25,31,26,0,22,0.145,1,0.976,1,0.21149331145910055,0.0
60220.53,30081.82,47,5,2,23,0.496,3,1.0,1,0.4995276527788779,0.08695652173913043
78303.62,7143.67,26,18,0,4,0.218,1,0.907,1,0.09123039266894686,0.0
58549.12,7086.04,35,11,2,24,0.113,0,1.0,1,0.12102726736114906,0.08333333333333333
67252.77,11015.14,21,18,0,21,0.568,0,0.775,1,0.1637871570197034,0.0
65176.23,9059.37,45,17,0,16,0.384,0,1.0,1,0.13899806724015795,0.0
79529.9,29408.55,56,9,0,5,0.557,5,0.996,1,0.3697797935116227,0.0
109812.64,22617.48,41,20,2,15,0.284,1,0.762,1,0.20596426786570288,0.13333333333333333
136416.75,36775.85,33,8,1,11,0.149,2,0.967,1,0.2695845634791915,0.09090909090909091
74717.65,23291.49,41,28,1,3,0.173,3,0.801,1,0.3117267472946486,0.3333333333333333
84748.1,20614.49,45,29,1,24,0.642,1,0.897,0,0.24324427332294177,0.041666666666666664
38725.5,39259.6,29,5,0,15,0.492,1,0.988,1,1.0137919458754567,0.0
62479.76,24427.13,26,22,0,3,0.45,0,0.93,0,0.3909606887094317,0.0
99237.66,18814.68,29,28,3,9,0.388,1,1.0,0,0.18959213669487973,0.3333333333333333
95973.6,47118.52,69,3,1,21,0.188,2,0.944,1,0.4909529287220652,0.047619047619047616
71493.87,19399.35,56,22,3,11,0.433,2,0.937,1,0.27134284379905577,0.2727272727272727
96859.8,14769.3,27,29,2,12,0.862,1,1.0,1,0.15248121511710738,0.16666666666666666
81063.46,10441.48,35,6,1,4,0.243,0,0.916,1,0.12880624636550178,0.25
111555.82,28426.97,41,18,2,3,0.72,2,0.938,0,0.2548228321928878,0.6666666666666666
74039.51,40223.63,29,24,1,24,0.579,0,0.947,1,0.5432725040995003,0.041666666666666664
55385.79,17417.75,62,10,1,23,0.674,3,0.935,1,0.31448048317086386,0.043478260869565216
75604.5,42119.76,67,7,1,3,0.829,1,1.0,1,0.5571065214372161,0.3333333333333333
17385.21,5002.12,32,12,1,14,0.23,4,0.893,1,0.28772272523599085,0.07142857142857142
77222.11,17362.75,21,10,0,17,0.152,2,0.882,1,0.2248416936548354,0.0
12586.21,17536.95,34,22,1,22,0.53,1,0.866,1,1.3933463687639092,0.045454545454545456
29929.02,11221.43,49,11,0,14,0.547,1,0.79,0,0.3749347623143023,0.0
79653.27,84764.89,60,11,1,21,0.203,1,1.0,1,1.0641733854743187,0.047619047619047616
80582.01,17241.97,37,29,0,3,0.649,1,0.877,0,0.213967981190839,0.0
38524.5,13809.36,34,17,2,1,0.499,2,0.923,1,0.35845656660047504,2.0
47178.64,18306.33,33,28,0,12,0.516,4,1.0,1,0.3880215707786405,0.0
120437.47,4896.61,21,22,0,7,0.17,1,0.93,1,0.04065686534265457,0.0
52277.9,10984.2,21,27,0,19,0.689,0,0.976,1,0.21011172981317153,0.0
178341.71,34106.15,41,6,2,9,0.832,1,0.841,1,0.19124045631277173,0.2222222222222222
64943.87,11959.87,51,29,0,10,0.411,2,1.0,1,0.18415702667549685,0.0
78101.05,10502.39,21,29,1,13,0.436,1,0.931,1,0.13447181567981478,0.07692307692307693
134556.04,42163.86,30,1,1,24,0.378,1,0.869,1,0.31335538709373434,0.041666666666666664
68947.78,43014.49,65,11,0,2,0.53,0,0.869,1,0.6238705582688812,0.0
41402.14,25189.21,69,12,1,14,0.081,1,1.0,1,0.6084035752741284,0.07142857142857142
61868.42,13390.5,52,13,0,10,0.387,0,0.899,1,0.21643513766797343,0.0
63966.69,15405.36,46,24,1,1,0.608,1,0.87,1,0.24083409662122582,1.0
35172.11,10672.54,49,21,0,20,0.254,3,0.91,1,0.3034375816520533,0.0
57931.59,9428.8,39,6,2,22,0.674,2,0.943,0,0.16275748689100367,0.09090909090909091
46544.13,9129.41,30,18,1,5,0.855,3,0.951,1,0.1961452496802497,0.2
98528.74,12044.84,39,30,3,19,0.688,3,0.971,1,0.12224697078233214,0.15789473684210525
66020.32,9187.13,55,13,2,17,0.414,0,0.956,1,0.13915609618372038,0.11764705882352941
57232.92,6514.06,53,28,1,17,0.532,3,0.985,1,0.1138166635565685,0.058823529411764705
61967.21,20759.07,54,20,4,12,0.288,1,0.921,1,0.33500088191803373,0.3333333333333333
71865.2,20965.09,50,28,5,8,0.904,3,1.0,1,0.29172798517223913,0.625
85794.39,54374.05,23,27,0,2,0.148,0,0.906,1,0.6337716253941545,0.0
41451.2,11657.52,51,0,1,1,0.798,0,1.0,1,0.2812348014050257,1.0
40677.41,21820.22,64,24,0,5,0.662,1,0.898,1,0.5364210749897793,0.0
106857.15,22057.11,52,5,1,13,0.224,2,0.84,1,0.20641679101492041,0.07692307692307693
53991.99,15262.17,49,25,1,4,0.596,2,0.823,1,0.2826747078594436,0.25
34357.09,29200.58,31,25,0,17,0.411,3,0.961,1,0.8499142389532992,0.0
79368.61,29792.92,59,8,0,15,0.382,1,1.0,1,0.37537409310809394,0.0
80070.19,22268.85,43,2,1,9,0.354,1,0.859,1,0.2781166124371629,0.1111111111111111
32640.88,15244.3,33,13,1,3,0.362,2,0.879,1,0.46703091338223723,0.3333333333333333
72071.17,14267.4,45,9,1,13,0.507,2,0.967,1,0.19796265275005248,0.07692307692307693
90504.51,7398.9,26,17,2,20,0.753,2,0.94,1,0.08175172706862896,0.1
76927.33,10660.29,66,2,1,10,0.089,0,0.899,1,0.13857610812698168,0.1
86381.97,12013.93,55,1,0,20,0.17,1,0.85,1,0.1390791388527027,0.0
34552.03,8669.32,37,13,4,7,0.118,1,0.962,1,0.2509062419776783,0.5714285714285714
75441.34,23958.48,59,23,1,2,0.641,6,0.986,1,0.3175776040033223,0.5
56724.62,39180.53,23,9,0,16,0.44,1,0.974,1,0.6907147196402549,0.0
52307.08,9975.49,39,10,0,22,0.205,0,0.942,1,0.19071012948916283,0.0
96171.91,21641.41,52,5,1,22,0.38,1,0.866,1,0.22502838926667879,0.045454545454545456
126477.04,9190.77,22,8,0,24,0.507,1,0.962,1,0.07266749759482038,0.0
145744.31,14763.71,55,9,1,3,0.203,1,0.957,1,0.10129870593232765,0.3333333333333333
117454.48,11492.07,61,8,1,2,0.417,1,0.848,0,0.09784275576376482,0.5
61868.24,26618.43,50,10,2,14,0.475,1,0.919,0,0.430243853712341,0.14285714285714285
76180.94,11578.61,31,8,0,23,0.049,1,0.966,1,0.15198827948303079,0.0
91785.8,34742.06,57,21,2,24,0.576,1,0.935,0,0.3785123624787276,0.08333333333333333
68642.88,15342.91,37,10,1,7,0.713,5,0.803,1,0.2235178652177764,0.14285714285714285
68939.63,11800.35,57,23,0,10,0.538,0,0.895,1,0.17116932597404425,0.0
94167.6,7970.31,51,18,1,16,0.354,0,0.891,1,0.0846396212710104,0.0625
63288.91,21220.22,25,19,2,22,0.393,2,0.979,1,0.33529128562966243,0.09090909090909091
46815.21,32209.57,25,18,0,5,0.271,2,1.0,0,0.6880150703158225,0.0
53940.11,21499.52,21,28,3,24,0.532,0,0.949,1,0.39858131546264924,0.125
86456.98,77139.26,24,7,2,20,0.622,1,0.856,1,0.8922270937522916,0.1
65087.61,45592.06,35,30,3,2,0.256,1,0.929,1,0.7004721789600201,1.5
75753.28,14738.73,22,6,1,21,0.438,1,0.941,0,0.1945622684588707,0.047619047619047616
87875.67,14638.48,66,4,1,16,0.371,1,0.993,1,0.1665817171009905,0.0625
54910.72,24426.65,65,25,0,24,0.603,1,1.0,1,0.44484301061796316,0.0
91350.06,10440.15,29,27,1,6,0.569,2,1.0,0,0.1142872812563013,0.16666666666666666
77081.74,38415.43,36,2,1,24,0.445,2,0.978,1,0.4983726366322296,0.041666666666666664
37289.86,22769.28,57,18,1,2,0.212,1,0.94,1,0.6106024533210904,0.5
124390.33,21265.16,53,15,1,2,0.267,1,1.0,1,0.1709550895153988,0.5
51886.16,28131.55,49,6,1,11,0.391,1,0.916,1,0.5421782995696732,0.09090909090909091
30864.12,55158.52,69,16,0,16,0.527,2,0.944,1,1.7871405372970297,0.0
40614.19,20115.54,51,21,1,5,0.721,1,0.923,1,0.49528354498760163,0.2
41055.18,16724.85,53,17,0,7,0.826,3,0.791,1,0.40737490372713014,0.0
66544.13,47992.25,45,16,1,10,0.204,2,1.0,1,0.7212093688804707,0.1
57463.76,33760.1,46,27,1,4,0.714,3,0.987,0,0.587502453720397,0.25
55858.01,14610.42,35,6,4,5,0.43,1,0.774,1,0.2615635608930572,0.8
85905.96,18060.78,46,19,3,4,0.851,1,1.0,1,0.21023896362953162,0.75
75741.88,20437.46,65,9,0,23,0.347,0,0.919,1,0.26983037653673236,0.0
74934.08,22772.42,39,30,1,23,0.055,1,1.0,1,0.3038993739564161,0.043478260869565216
78164.07,7452.74,27,7,1,16,0.365,0,0.945,1,0.0953473891520746,0.0625
85768.16,6604.54,50,27,1,17,0.562,3,0.845,0,0.07700456672965818,0.058823529411764705
25173.91,10110.44,59,19,0,4,0.101,0,0.942,0,0.40162374458318156,0.0
55168.39,9614.69,67,6,0,2,0.686,2,0.877,0,0.17427896663288525,0.0
24368.53,11844.77,47,23,4,10,0.34,0,0.854,1,0.4860683020272458,0.4
66063.36,27192.3,59,7,3,24,0.64,1,1.0,1,0.4116094004301325,0.125
64864.63,16128.18,33,8,0,12,0.393,1,0.967,1,0.24864367529730766,0.0
104050.55,20450.93,41,10,1,20,0.662,5,1.0,1,0.19654802401332813,0.05
110921.5,8121.98,41,21,0,9,0.545,5,0.912,1,0.07322277466496575,0.0
71210.2,13333.83,37,12,2,8,0.401,2,0.873,1,0.18724606868117208,0.25
51895.12,26366.37,56,17,0,20,0.375,0,0.985,1,0.5080703156674461,0.0
80859.23,26498.57,64,17,1,12,0.668,1,0.882,1,0.3277123712407353,0.08333333333333333
51255.57,11239.1,37,6,0,18,0.41,0,0.918,1,0.219275680672364,0.0
64959.28,19994.4,27,7,3,18,0.367,1,0.977,1,0.3077989780674909,0.16666666666666666
101306.3,75160.28,61,9,1,18,0.421,3,0.931,1,0.7419112138139483,0.05555555555555555
50571.6,17795.28,62,6,2,17,0.21,2,0.906,1,0.35188287497330517,0.11764705882352941
93404.79,11470.75,66,28,0,20,0.134,2,0.842,1,0.1228068710394831,0.0
88165.69,16077.59,33,11,0,12,0.786,2,1.0,0,0.18235653801382373,0.0
42297.63,19111.44,56,12,0,8,0.133,4,0.914,1,0.4518324076313496,0.0
100749.74,16315.45,56,20,0,13,0.456,2,0.983,1,0.16194036828283626,0.0
89009.41,17636.86,59,24,0,8,0.745,0,0.974,0,0.19814601624704622,0.0
68050.76,7043.68,60,21,1,2,0.195,1,1.0,1,0.10350626502922232,0.5
46124.38,9627.87,67,17,4,9,0.562,2,0.924,0,0.20873711473194873,0.4444444444444444
44156.7,16334.9,44,30,0,13,0.429,2,0.916,1,0.36993027105739335,0.0
51031.3,16166.6,24,27,1,13,0.35,1,0.862,1,0.3167977300205952,0.07692307692307693
82976.28,12457.82,30,6,0,9,0.434,2,0.902,1,0.1501371235249399,0.0
42281.77,16043.65,64,4,0,18,0.146,1,0.964,1,0.3794460354899996,0.0
79143.91,18728.22,62,12,1,7,0.164,1,0.883,1,0.23663501083027108,0.14285714285714285
37173.54,32088.27,21,25,1,16,0.243,2,0.962,1,0.8632018903768648,0.0625
59296.86,16875.86,39,29,1,7,0.232,0,1.0,1,0.28459955552452526,0.14285714285714285
68287.64,23331.14,33,21,2,24,0.472,2,0.909,1,0.34165977913426204,0.08333333333333333
195331.05,12658.53,36,21,1,16,0.059,2,0.848,1,0.0648055186310625,0.0625
34973.66,26107.8,52,7,2,14,0.362,3,0.911,0,0.7464989366283081,0.14285714285714285
126064.52,22979.36,45,18,0,11,0.577,2,0.84,1,0.18228253278559264,0.0
69534.04,31599.86,44,5,0,19,0.39,1,1.0,1,0.45445166137333604,0.0
78211.34,28620.44,42,16,0,11,0.117,1,0.946,0,0.3659372157541349,0.0
68555.51,26391.71,52,6,0,20,0.861,2,0.889,1,0.38496847299363685,0.0
79401.27,16884.57,54,2,0,4,0.626,3,0.901,1,0.21264861380680686,0.0
60656.63,21106.53,23,29,4,20,0.245,0,0.857,1,0.34796740273899157,0.2
125049.52,35932.87,27,27,0,24,0.236,1,1.0,1,0.28734912377112687,0.0
52930.26,11781.41,37,21,1,6,0.104,0,1.0,1,0.22258364119125806,0.16666666666666666
108190.42,11964.05,42,19,3,6,0.483,0,0.835,1,0.11058326605997093,0.5
48638.82,20252.98,69,7,1,23,0.68,0,1.0,1,0.4163953813024247,0.043478260869565216
63261.31,23577.75,64,17,0,10,0.454,3,0.923,1,0.37270410619065586,0.0
40125.18,10534.99,52,23,0,17,0.399,0,1.0,1,0.2625530901045179,0.0
79770.04,17146.19,22,16,0,5,0.151,3,0.812,1,0.21494523507823238,0.0
124548.34,16933.14,25,8,1,11,0.712,1,0.956,1,0.13595636842690959,0.09090909090909091
62776.26,4264.99,43,12,0,17,0.634,4,0.911,1,0.06793953637887952,0.0
59488.84,15605.69,49,26,2,22,0.397,0,0.986,1,0.2623297075552322,0.09090909090909091
39362.34,16250.36,53,7,1,11,0.105,2,0.944,1,0.41284029353945934,0.09090909090909091
58627.6,16218.97,27,29,1,2,0.077,0,0.942,1,0.27664393562076567,0.5
31741.65,45182.78,64,23,1,10,0.703,0,0.933,1,1.4234540422441806,0.1
43102.98,8167.01,45,27,1,16,0.511,0,1.0,1,0.1894766904747653,0.0625
71983.79,10531.46,50,15,1,22,0.399,1,0.928,1,0.14630321632134125,0.045454545454545456
117676.96,3295.13,22,6,0,21,0.467,3,1.0,1,0.028001488141773886,0.0
230104.18,13167.82,61,1,2,19,0.182,0,0.984,1,0.05722547065420541,0.10526315789473684
49920.11,13918.29,47,16,0,4,0.344,0,1.0,1,0.27881128467064675,0.0
123998.86,12921.42,31,12,2,13,0.152,0,0.869,1,0.10420595802251731,0.15384615384615385
72535.48,36979.44,36,3,0,14,0.477,1,0.99,1,0.509811750056662,0.0
60723.2,31493.25,38,28,1,12,0.517,0,0.964,1,0.518636204943086,0.08333333333333333
78968.95,18934.37,22,30,0,23,0.173,2,0.857,1,0.23976980826008196,0.0
66836.52,14146.59,67,11,1,24,0.01,0,0.925,1,0.21165958371261698,0.041666666666666664
68310.63,35071.72,60,20,2,6,0.439,2,1.0,0,0.5134152620170536,0.3333333333333333
54089.35,17770.31,64,12,3,23,0.433,1,0.913,1,0.32853620906888326,0.13043478260869565
34647.93,10575.04,38,15,0,21,0.34,2,0.914,1,0.3052141931711361,0.0
32451.8,5899.16,48,19,0,17,0.567,1,0.972,1,0.18178221238883513,0.0
87212.48,13511.18,43,12,1,10,0.531,3,0.902,0,0.15492255236865185,0.1
57390.12,29396.93,44,24,0,19,0.318,2,0.95,1,0.5122298054090146,0.0
49707.07,79053.27,49,5,1,15,0.333,1,0.909,0,1.5903828167703307,0.06666666666666667
65249.27,18735.47,43,20,3,22,0.412,0,0.968,1,0.2871368522590368,0.13636363636363635
92954.19,10945.09,58,30,2,18,0.542,0,0.936,1,0.11774713974700872,0.1111111111111111
70495.65,8332.34,23,26,2,24,0.467,0,1.0,1,0.11819651283447986,0.08333333333333333
48383.68,25768.23,30,1,0,11,0.187,5,0.943,1,0.5325810273216093,0.0
112868.01,5716.58,64,3,1,2,0.129,4,0.924,1,0.05064836351770533,0.5
132293.21,25741.28,64,19,2,12,0.476,2,1.0,1,0.19457748436219818,0.16666666666666666
81201.83,30627.07,61,28,2,24,0.388,1,0.843,0,0.37717216471599224,0.08333333333333333
100739.29,23901.79,39,26,4,16,0.382,0,1.0,1,0.2372638322148191,0.25
113666.56,15605.0,43,28,1,17,0.078,1,0.871,1,0.1372875188621878,0.058823529411764705
108086.51,25986.66,22,4,0,16,0.475,1,1.0,0,0.24042463763516836,0.0
85689.64,20115.32,34,16,1,15,0.214,0,1.0,1,0.2347462306995338,0.06666666666666667
85084.38,10854.63,56,22,2,2,0.682,1,0.903,1,0.12757488507291231,1.0
82124.35,59927.76,37,19,2,10,0.256,0,0.91,1,0.7297197481623903,0.2
39669.61,14321.76,44,24,2,3,0.149,0,0.932,1,0.3610259843744368,0.6666666666666666
89095.84,29803.05,27,6,1,9,0.647,1,0.984,1,0.33450551675588897,0.1111111111111111
35313.7,3736.96,45,14,2,18,0.095,1,0.87,1,0.10582181986028086,0.1111111111111111
45459.3,41267.61,56,13,1,20,0.182,0,0.932,1,0.9077924649081706,0.05
116861.74,46761.87,49,29,3,6,0.8,0,0.918,0,0.40014695998878674,0.5
94867.99,18352.46,48,6,0,16,0.332,0,0.859,1,0.19345260714388487,0.0
126940.25,25882.65,65,10,0,6,0.638,2,0.867,1,0.20389632130076946,0.0
57520.06,25878.35,32,0,0,5,0.074,1,0.949,1,0.449901303997249,0.0
38701.38,11852.78,35,4,1,24,0.244,4,0.948,1,0.3062624640258306,0.041666666666666664
58334.32,25687.42,51,30,2,15,0.284,2,0.887,1,0.44034832325121814,0.13333333333333333
68053.99,10641.51,44,26,0,5,0.303,1,0.946,1,0.15636864201496486,0.0
67351.97,12117.85,68,8,1,4,0.386,2,0.895,1,0.1799182711359445,0.25
108260.84,37445.43,23,21,1,2,0.646,0,1.0,1,0.3458815763853301,0.5
55247.08,33916.42,26,18,1,12,0.076,1,0.933,1,0.6139043004625764,0.08333333333333333
76157.44,11372.84,37,28,0,3,0.067,0,1.0,1,0.1493332759084339,0.0
41658.48,11173.52,43,9,1,15,0.288,1,0.822,1,0.2682171793113911,0.06666666666666667
79601.27,11831.13,64,30,0,11,0.301,0,0.963,1,0.14862991507547554,0.0
65090.99,28979.47,45,11,1,16,0.856,1,0.982,1,0.4452147678196322,0.0625
46384.77,9396.92,42,22,0,5,0.843,0,0.93,1,0.20258632305388172,0.0
58455.4,22697.05,29,12,0,4,0.229,2,0.902,0,0.3882797825350609,0.0
59830.06,29248.32,42,20,0,3,0.052,4,0.929,1,0.4888566048571571,0.0
57559.4,16996.58,47,10,1,3,0.357,0,0.992,1,0.2952876506704379,0.3333333333333333
144241.77,34706.02,49,26,2,2,0.049,1,0.855,1,0.240610053523331,1.0
62183.31,14769.59,50,19,1,7,0.161,0,0.989,1,0.2375169478755634,0.14285714285714285
58243.59,15664.01,42,8,0,20,0.351,1,0.962,1,0.268939637821089,0.0
25293.17,9536.84,28,29,0,15,0.808,1,0.922,1,0.3770519867616436,0.0
43466.65,34866.87,28,21,1,7,0.528,2,0.925,0,0.80215222475162,0.14285714285714285
57743.12,10936.8,28,13,2,23,0.397,4,0.944,0,0.18940438272126617,0.08695652173913043
47739.23,22594.88,51,4,1,19,0.556,1,1.0,0,0.4732979564186519,0.05263157894736842
121044.19,17184.65,62,30,2,19,0.332,1,0.964,1,0.14197005242465582,0.10526315789473684
60350.26,9079.9,64,23,2,22,0.637,3,0.874,1,0.1504533700434762,0.09090909090909091
116069.27,12115.13,36,20,0,18,0.096,2,0.91,1,0.1043784457333108,0.0
66830.15,44222.72,24,25,1,23,0.483,1,0.86,1,0.6617181017848981,0.043478260869565216
66098.09,20521.01,51,18,5,8,0.556,1,0.808,1,0.3104629800951888,0.625
62453.91,9341.1,22,7,1,21,0.344,1,0.859,0,0.14956789735022194,0.047619047619047616
65111.14,21951.49,51,7,1,3,0.38,1,0.948,1,0.33713877533091885,0.3333333333333333
140871.06,16369.14,39,2,1,8,0.475,0,1.0,0,0.11619945217988706,0.125
22886.85,169949.6,62,1,1,22,0.114,0,1.0,1,7.4256439833354095,0.045454545454545456
26408.65,21665.09,51,22,1,4,0.823,2,0.859,0,0.8203785502098744,0.25
50904.96,14054.82,57,26,2,13,0.204,0,0.884,1,0.27609922490853545,0.15384615384615385
65426.33,45303.75,40,5,1,9,0.674,1,0.874,1,0.692439114344332,0.1111111111111111
88671.12,5439.56,62,17,1,3,0.513,1,0.759,1,0.06134533994833945,0.3333333333333333
80421.09,19138.08,46,3,3,6,0.095,2,0.928,1,0.23797339727675915,0.5
54678.83,65808.58,51,12,1,13,0.174,1,0.996,1,1.2035476984419746,0.07692307692307693
102817.64,16690.54,38,24,3,16,0.194,0,0.922,1,0.16233148319685223,0.1875
103334.9,5834.14,43,25,1,17,0.289,1,0.851,1,0.05645856337016827,0.058823529411764705
70612.93,13915.8,62,29,2,4,0.298,3,0.881,0,0.197071556158341,0.5
100241.59,46330.87,40,9,0,8,0.767,1,0.917,1,0.4621920901294563,0.0
73484.73,22984.43,22,29,0,3,0.3,1,0.994,1,0.31277831462400424,0.0
50487.2,10434.48,39,24,0,1,0.214,1,0.927,0,0.20667575147760225,0.0
88979.4,11530.13,40,10,2,10,0.174,2,0.984,0,0.12958201561260246,0.2
68317.31,12510.48,41,10,1,15,0.648,3,0.934,1,0.18312313526396165,0.06666666666666667
65039.2,22763.32,24,3,4,9,0.128,2,0.957,1,0.349993849862852,0.4444444444444444
126117.8,42956.98,27,28,0,1,0.705,4,0.874,1,0.340609969409552,0.0
21574.13,35674.88,36,6,2,6,0.741,3,0.892,0,1.6535953014096048,0.3333333333333333
34344.07,24210.34,41,8,1,11,0.286,2,0.852,0,0.7049350877749784,0.09090909090909091
38099.67,7574.62,22,12,0,9,0.59,0,0.982,1,0.1988106458664865,0.0
55197.63,7592.92,40,4,1,20,0.408,0,0.92,1,0.1375588046080964,0.05
57963.51,25456.87,36,24,3,15,0.145,0,0.688,1,0.43918786146663646,0.2
32986.25,7506.85,22,21,2,24,0.448,0,0.974,1,0.2275751259994695,0.08333333333333333
41723.57,15545.22,33,4,1,5,0.566,2,1.0,1,0.3725764597804071,0.2
44124.21,21934.69,34,5,1,9,0.55,0,0.883,1,0.4971123562325535,0.1111111111111111
196414.67,8592.89,28,0,0,3,0.416,2,0.974,1,0.04374871795472303,0.0
146228.6,9249.79,57,29,2,1,0.073,1,0.925,1,0.06325568322475905,2.0
54006.26,16931.79,24,13,0,23,0.081,1,0.792,1,0.3135153221126588,0.0
55189.61,24971.73,49,20,0,12,0.343,3,1.0,0,0.45247157934256105,0.0
38754.45,35886.42,53,4,1,16,0.568,0,0.926,0,0.9259948212398834,0.0625
27542.45,26707.82,60,7,1,7,0.22,0,0.954,1,0.969696595618763,0.14285714285714285
61669.61,18882.75,47,16,3,2,0.453,0,0.896,0,0.30619214228855995,1.5
41485.91,11082.25,47,6,2,22,0.303,0,0.919,1,0.26713286511010603,0.09090909090909091
62564.91,8973.56,58,19,0,16,0.268,0,0.951,1,0.14342800141485057,0.0
31635.97,12913.87,62,28,0,18,0.38,1,0.867,1,0.40820211929648437,0.0
46131.63,23495.99,31,9,2,13,0.557,2,1.0,0,0.5093249468965221,0.15384615384615385
69496.02,22402.6,60,18,0,10,0.159,3,0.999,1,0.32235802856048446,0.0
76644.79,4597.15,43,28,3,11,0.205,2,0.976,0,0.059979941232796125,0.2727272727272727
78433.38,10801.46,25,27,4,19,0.645,3,0.93,1,0.13771509018226677,0.21052631578947367
35879.54,39381.72,51,0,2,6,0.121,3,0.887,0,1.0976093896410044,0.3333333333333333
95487.55,18951.09,68,3,1,9,0.495,0,1.0,1,0.19846660637957514,0.1111111111111111
45344.64,7165.77,27,30,2,8,0.238,2,0.983,1,0.15802904158021766,0.25
86416.04,83233.97,21,28,0,13,0.137,4,0.912,0,0.9631773221730596,0.0
64689.56,17664.55,65,9,1,24,0.386,1,0.864,1,0.2730664731681588,0.041666666666666664
34988.27,23108.23,50,16,1,23,0.645,1,0.83,1,0.6604564901322644,0.043478260869565216
56379.09,23337.53,31,17,2,14,0.164,2,0.942,1,0.41393945876033117,0.14285714285714285
76615.62,14174.36,59,20,2,5,0.555,4,0.923,1,0.18500613843495622,0.4
85645.93,11217.21,40,23,0,23,0.182,1,1.0,1,0.13097189790571484,0.0
61004.2,71483.06,37,11,1,8,0.525,0,1.0,1,1.171772763186797,0.125
129500.89,34551.66,35,27,1,9,0.445,1,0.943,1,0.2668063516783553,0.1111111111111111
102285.42,30711.31,50,1,0,22,0.368,2,0.934,1,0.3002511012811015,0.0
57910.16,26179.06,27,1,1,7,0.455,0,0.859,1,0.45206333396419557,0.14285714285714285
91098.57,9376.58,38,29,2,12,0.083,6,1.0,1,0.10292785056889477,0.16666666666666666
155181.34,41296.03,35,5,0,23,0.109,3,0.936,0,0.26611466301296277,0.0
157056.46,10405.51,23,30,1,8,0.14,1,0.982,1,0.06625330788685801,0.125
37404.36,21639.24,58,8,1,15,0.358,1,1.0,0,0.5785218621572459,0.06666666666666667
42838.93,6201.36,21,11,0,1,0.721,2,0.9,1,0.14475991813987885,0.0
126798.69,4777.0,68,0,0,24,0.486,7,0.882,1,0.03767389079492856,0.0
40372.98,22137.24,25,29,0,11,0.613,0,1.0,0,0.5483182068799479,0.0
35846.42,10638.26,38,11,1,17,0.3,0,0.982,1,0.2967732900523958,0.058823529411764705
52227.02,4940.23,25,5,1,13,0.121,0,0.92,1,0.09459145859748459,0.07692307692307693
78530.67,25578.9,38,14,2,11,0.4,1,1.0,0,0.32571860140757747,0.18181818181818182
62072.85,71409.02,50,4,1,10,0.423,1,0.918,1,1.1504066592721296,0.1
48503.39,44415.39,25,24,1,1,0.519,0,0.963,1,0.9157172313110485,1.0
47989.95,15227.68,46,2,1,7,0.366,1,0.9,0,0.317309770066441,0.14285714285714285
47173.66,18103.79,58,15,2,10,0.265,0,0.939,1,0.3837690355168541,0.2
43755.09,32052.68,43,12,0,9,0.148,5,0.921,1,0.7325474590499071,0.0
181475.76,37328.42,26,1,2,7,0.507,0,0.887,1,0.20569369705353485,0.2857142857142857
74311.61,14397.77,54,1,1,16,0.266,0,0.957,1,0.1937485946004938,0.0625
96875.71,18404.35,30,16,0,20,0.282,3,0.895,1,0.1899789947345934,0.0
52159.3,21884.34,21,12,2,22,0.411,4,0.98,1,0.4195673638258182,0.09090909090909091
59782.13,25800.44,42,4,3,24,0.598,1,0.919,1,0.43157445209797646,0.125
47147.83,16508.45,34,4,1,16,0.318,2,0.82,1,0.3501423077159649,0.0625
19709.85,16648.44,22,24,5,10,0.131,0,0.983,0,0.8446761390878165,0.5
34962.75,44135.43,59,22,2,16,0.267,2,0.985,0,1.2623557929510694,0.125
28777.93,39510.25,50,18,0,4,0.358,0,1.0,1,1.3729357879458322,0.0
23617.42,24549.43,65,25,2,20,0.446,1,0.941,1,1.0394628202403142,0.1
37957.83,55025.28,44,2,3,13,0.227,1,0.953,1,1.4496424057961164,0.23076923076923078
117992.06,14001.75,42,21,1,4,0.188,2,0.974,0,0.11866688317841048,0.25
63713.15,51692.08,62,23,0,11,0.434,2,1.0,1,0.81132513460722,0.0
116180.03,25610.61,24,6,0,8,0.306,2,1.0,1,0.22043900315742732,0.0
78204.68,150888.14,38,16,0,9,0.607,1,0.962,1,1.9294003888258353,0.0
92438.05,8291.73,60,23,0,2,0.095,0,0.938,1,0.08970039934853666,0.0
43336.0,11499.43,35,18,1,1,0.329,0,0.999,0,0.26535513199187744,1.0
82283.06,23631.73,64,7,0,9,0.401,3,0.935,1,0.2872004274026756,0.0
90225.19,23302.81,34,20,3,8,0.323,1,0.85,1,0.25827388116334254,0.375
50143.86,63941.08,41,23,0,24,0.489,0,0.835,1,1.2751527305636223,0.0
83611.45,11657.25,64,0,3,7,0.307,1,0.919,0,0.13942169403831653,0.42857142857142855
83861.93,32413.3,32,17,1,8,0.271,0,0.948,1,0.3865079184321181,0.125
50758.98,38320.03,68,15,2,22,0.659,0,1.0,1,0.7549408991276025,0.09090909090909091
39218.22,28456.96,23,11,0,21,0.408,1,0.932,0,0.7256055986222729,0.0
38150.14,9638.1,34,1,0,2,0.565,4,0.943,0,0.2526360322661988,0.0
67580.18,44943.9,49,2,0,3,0.61,1,0.912,1,0.6650455799318676,0.0
75304.64,40022.15,50,23,2,3,0.417,2,0.983,1,0.5314699067680292,0.6666666666666666
45501.74,26578.48,65,25,1,12,0.488,3,0.96,0,0.5841200798035416,0.08333333333333333
65782.29,20556.92,68,12,2,14,0.385,2,0.895,0,0.3124993064242671,0.14285714285714285
84026.22,20849.75,54,29,4,9,0.686,1,0.869,1,0.24813385631294613,0.4444444444444444
85847.55,17101.97,53,28,1,1,0.034,1,0.912,1,0.1992132565227546,1.0
130677.61,27299.87,36,20,1,5,0.187,1,0.881,1,0.20891008031138616,0.2
115472.07,18367.99,60,18,0,15,0.521,1,0.924,1,0.15906868214971812,0.0
41421.75,10369.1,52,29,0,9,0.536,2,0.95,1,0.2503298387924219,0.0
138656.7,9104.67,22,18,2,3,0.514,1,0.905,1,0.06566339744130648,0.6666666666666666
51185.07,11040.26,61,28,1,16,0.391,1,1.0,1,0.21569297453339423,0.0625
104019.67,20795.94,38,30,1,15,0.414,1,1.0,1,0.19992314915054046,0.06666666666666667
67019.34,17687.36,44,6,0,12,0.519,5,0.924,0,0.2639142671354269,0.0
53996.54,20704.38,44,20,3,23,0.474,1,0.873,1,0.3834390129441627,0.13043478260869565
28815.8,24925.72,61,22,1,21,0.611,0,0.938,1,0.8650018392687345,0.047619047619047616
60170.56,11972.51,34,25,2,1,0.532,2,0.931,0,0.19897621029287413,2.0
32222.5,46667.63,40,10,1,22,0.509,2,0.936,1,1.4482932733338505,0.045454545454545456
100451.19,15125.16,22,26,1,2,0.583,2,0.912,1,0.1505722331412898,0.5
128630.5,13580.63,38,15,2,12,0.337,0,0.867,1,0.10557861471423961,0.16666666666666666
45412.04,24628.96,25,11,0,22,0.404,1,0.942,1,0.5423442769802898,0.0
74460.9,5455.59,49,4,1,24,0.491,2,0.915,1,0.07326784930077397,0.041666666666666664
46897.35,10767.41,64,9,2,1,0.646,2,0.922,0,0.22959527563924187,2.0
48987.69,34058.14,43,30,1,2,0.106,2,0.947,0,0.6952387426310569,0.5
92103.22,5818.53,65,22,0,6,0.467,3,0.935,1,0.0631740128086727,0.0
63882.47,37218.09,68,22,0,7,0.686,1,0.945,1,0.5826025512163195,0.0
142199.2,48067.7,23,27,3,7,0.589,5,0.912,1,0.3380307343501229,0.42857142857142855
52320.21,14157.23,46,8,4,11,0.509,0,0.965,0,0.27058817233340615,0.36363636363636365
101909.85,21759.49,46,20,5,8,0.459,1,0.89,1,0.21351704472138858,0.625
67912.72,37254.71,39,11,3,14,0.518,1,0.864,1,0.5485674848540891,0.21428571428571427
92989.57,13289.29,61,26,0,21,0.203,1,0.878,1,0.14291161901275595,0.0
53152.56,31640.12,40,13,1,14,0.703,1,0.893,0,0.5952699173849764,0.07142857142857142
63566.45,11636.25,23,26,4,8,0.059,0,0.85,1,0.183056470826985,0.5
61707.95,13196.22,47,23,0,14,0.605,0,0.822,1,0.21384959312373852,0.0
44619.08,10705.99,30,23,5,15,0.06,0,0.975,1,0.23994197101329742,0.3333333333333333
87559.97,22490.49,38,28,2,22,0.653,2,1.0,1,0.2568581282063025,0.09090909090909091
87094.99,38208.26,45,24,0,23,0.498,1,0.979,1,0.4386964164069598,0.0
84901.09,15969.78,56,9,0,7,0.385,1,0.906,1,0.18809864514106947,0.0
129803.51,7877.89,34,16,0,23,0.453,3,0.82,1,0.060690885785754184,0.0
124785.02,8904.99,39,14,1,20,0.406,1,0.953,1,0.07136265234400731,0.05
54908.17,23262.94,24,2,1,4,0.03,3,0.827,1,0.4236699201594225,0.25
76881.16,59683.01,39,18,2,14,0.338,2,0.934,0,0.7763021525689778,0.14285714285714285
49095.48,23249.72,49,13,0,4,0.523,1,0.884,1,0.47356131358732007,0.0
65686.75,13997.64,51,12,4,12,0.784,3,0.78,1,0.21309685743319617,0.3333333333333333
49625.26,29618.27,35,3,1,2,0.374,0,1.0,1,0.5968385858331019,0.5
134749.69,15405.08,23,15,1,8,0.316,2,0.852,1,0.1143236767372155,0.125
76558.22,14076.21,49,17,1,15,0.064,0,0.915,1,0.18386281708221533,0.06666666666666667
58925.51,9654.01,53,3,0,8,0.273,1,0.931,0,0.16383413567400604,0.0
111220.6,44964.06,25,19,0,1,0.394,2,0.907,1,0.4042781642969018,0.0
24473.98,3455.22,45,5,1,10,0.53,4,0.973,1,0.14117932596169483,0.1
26259.85,30234.4,25,4,1,13,0.188,1,0.888,0,1.1513546345466559,0.07692307692307693
92992.11,13315.62,43,12,1,19,0.622,1,0.967,0,0.14319085780503316,0.05263157894736842
66792.99,13785.95,52,12,2,4,0.479,1,0.962,1,0.20639815645324455,0.5
72754.31,54075.25,56,28,0,12,0.375,1,0.844,1,0.743258371909513,0.0
35784.29,11315.65,55,2,0,5,0.734,3,0.957,1,0.3162183740406754,0.0
64323.95,11568.97,58,10,1,4,0.405,0,0.866,1,0.1798547819280377,0.25
160126.88,16537.25,32,22,2,3,0.616,3,0.858,1,0.10327591469964317,0.6666666666666666
94186.52,23555.81,62,7,1,19,0.496,2,0.96,1,0.25009746617668854,0.05263157894736842
70158.38,13506.43,38,30,0,23,0.44,1,0.911,0,0.19251342462582516,0.0
53346.75,6471.21,39,23,0,16,0.35,3,0.966,1,0.12130467179350195,0.0
54425.32,10254.0,59,29,0,10,0.134,3,0.967,1,0.18840495563462006,0.0
24934.4,41398.26,37,29,0,23,0.104,2,0.84,1,1.6602869930698152,0.0
72990.22,18896.5,24,3,3,12,0.381,1,0.992,1,0.2588908486643827,0.25
95092.93,24132.96,56,14,2,13,0.434,2,0.96,1,0.2537829047858763,0.15384615384615385
31987.93,15187.12,53,23,1,16,0.249,1,0.899,1,0.47477657979119003,0.0625
48267.08,11724.71,49,0,2,16,0.548,1,0.93,1,0.24291318223517971,0.125
38610.65,53559.43,28,14,1,12,0.119,0,0.994,0,1.3871672712062604,0.08333333333333333
42097.12,15927.5,51,21,0,12,0.349,2,0.918,1,0.37835129814106044,0.0
66583.31,13493.14,30,24,1,8,0.535,2,1.0,1,0.2026504840327103,0.125
25442.13,36703.21,48,12,0,17,0.465,1,1.0,1,1.4426154571177805,0.0
85696.24,11255.28,45,26,0,17,0.26,2,0.948,0,0.13133925129037166,0.0
91251.74,12228.86,58,20,4,11,0.449,5,0.924,1,0.13401234869603582,0.36363636363636365
58055.02,18120.29,68,1,1,18,0.199,0,0.927,1,0.31212270704583345,0.05555555555555555
21286.4,18003.16,30,8,1,4,0.565,4,0.898,0,0.8457587943475646,0.25
41512.68,21308.78,26,29,3,10,0.496,3,0.949,1,0.5133077411528236,0.3
113204.19,70102.37,48,0,0,24,0.352,0,0.988,1,0.6192559657023295,0.0
18621.0,22397.14,67,3,1,18,0.223,1,0.846,1,1.202789323881639,0.05555555555555555
55589.91,3836.79,28,10,0,18,0.357,1,0.985,1,0.06901953969704214,0.0
38221.07,22252.76,44,30,3,21,0.642,3,1.0,1,0.5822118533049964,0.14285714285714285
93358.22,18448.7,40,21,1,15,0.224,2,0.98,1,0.19761195104191148,0.06666666666666667
47970.49,18515.61,36,4,0,16,0.371,2,0.931,0,0.38597917177831625,0.0
77957.72,21120.36,53,12,2,12,0.03,2,0.977,1,0.27092069906610916,0.16666666666666666
83834.49,17667.57,35,29,1,20,0.644,1,1.0,1,0.21074345415592077,0.05
148515.44,17394.84,45,6,1,18,0.561,1,0.936,1,0.1171247918734914,0.05555555555555555
59326.93,26812.03,62,17,2,13,0.397,0,0.942,1,0.45193691970914385,0.15384615384615385
76984.74,12654.58,39,14,2,4,0.553,1,1.0,0,0.16437777149081753,0.5
33318.48,9721.85,22,23,0,20,0.615,1,0.962,1,0.291785519627546,0.0
111060.31,128487.25,64,23,2,8,0.291,1,0.869,1,1.156914202742636,0.25
46162.06,11302.96,34,25,2,9,0.41,1,1.0,1,0.24485389083589423,0.2222222222222222
50503.77,19210.65,58,3,0,3,0.276,2,0.968,1,0.38038051416755625,0.0
64352.5,6808.64,58,14,0,6,0.622,3,0.894,1,0.10580226098442175,0.0
32171.77,19415.59,46,21,2,4,0.183,1,0.863,1,0.6034977248687281,0.5
72048.09,9813.66,25,12,2,3,0.779,3,0.957,1,0.13620985650001272,0.6666666666666666
100458.74,13501.01,67,20,1,1,0.252,2,0.936,1,0.1343935828779059,1.0
74158.71,35504.65,54,19,3,8,0.177,3,0.853,1,0.47876574444188685,0.375
31797.36,24463.4,41,11,1,19,0.638,2,0.934,1,0.7693531790060559,0.05263157894736842
61477.61,26045.32,62,3,1,21,0.503,2,0.929,0,0.42365537632318495,0.047619047619047616
90767.41,5692.15,59,30,2,6,0.482,0,0.936,1,0.0627113850665123,0.3333333333333333
27918.58,59403.53,58,25,1,11,0.453,1,0.974,1,2.1277418120835656,0.09090909090909091
40074.59,8294.97,29,27,2,20,0.794,2,0.817,0,0.20698826862607952,0.1
96431.4,48615.2,52,9,1,17,0.381,2,0.862,1,0.5041428414396141,0.058823529411764705
73400.46,34965.97,35,9,3,22,0.057,1,0.906,1,0.47637262763748345,0.13636363636363635
78239.49,26196.82,24,10,3,11,0.605,4,1.0,1,0.3348286140413236,0.2727272727272727
150078.72,10325.66,37,0,0,5,0.422,3,1.0,1,0.06880162623988265,0.0
80257.16,19863.92,26,5,0,4,0.263,2,0.94,1,0.24750340031967238,0.0
87394.9,13253.65,26,9,2,18,0.841,2,0.943,1,0.15165244196171632,0.1111111111111111
220130.99,18342.99,56,30,0,1,0.304,0,0.769,1,0.08332761325427193,0.0
59037.64,15301.56,45,6,1,12,0.108,1,1.0,1,0.2591831245286905,0.08333333333333333
45392.19,4783.99,40,15,1,9,0.361,4,0.971,0,0.10539235934639857,0.1111111111111111
78798.63,37320.08,30,16,0,23,0.047,2,0.96,1,0.47361331028217113,0.0
79196.59,17075.63,58,11,2,24,0.492,0,0.853,0,0.215610672126161,0.08333333333333333
51283.31,13134.62,52,28,1,12,0.416,1,1.0,1,0.25611880356396655,0.08333333333333333
40845.99,12505.38,49,2,2,14,0.424,0,1.0,0,0.3061593071927012,0.14285714285714285
183794.31,22722.84,30,26,1,10,0.658,1,0.961,1,0.12363190133579217,0.1
75299.0,10068.69,27,23,1,19,0.148,1,1.0,1,0.133716118407947,0.05263157894736842
46752.08,4155.81,27,9,1,8,0.077,2,0.944,0,0.08889037664206599,0.125
98155.79,23453.18,22,23,1,18,0.517,1,0.997,1,0.23893832447377789,0.05555555555555555
61884.64,25223.82,68,13,1,22,0.44,1,0.848,1,0.40759419461759816,0.045454545454545456
58008.56,15809.5,39,30,1,5,0.078,1,0.781,1,0.27253736345118723,0.2
83714.32,8535.51,53,1,0,6,0.793,2,0.851,1,0.10195997530649475,0.0
36344.4,19071.21,69,0,1,10,0.312,1,0.884,1,0.5247358602700828,0.1
76177.76,6947.8,66,16,1,20,0.43,1,0.895,1,0.09120509713071112,0.05
153732.94,9231.96,36,28,3,16,0.204,5,0.971,1,0.06005193161595686,0.1875
80171.43,11049.86,45,1,1,5,0.661,2,0.922,1,0.137827902034428,0.2
54876.86,31153.67,43,24,2,9,0.618,4,0.938,1,0.5677013954515618,0.2222222222222222
51737.86,14220.36,22,29,1,16,0.165,3,0.857,1,0.2748540430547379,0.0625
54040.53,13453.76,58,15,2,24,0.354,0,0.851,0,0.24895684775852495,0.08333333333333333
57980.34,64130.62,49,26,3,11,0.422,1,0.943,1,1.1060752662023026,0.2727272727272727
54837.5,22634.43,39,23,2,2,0.268,2,0.902,1,0.41275459311602464,1.0
98172.63,22437.15,48,6,1,3,0.558,3,0.94,0,0.22854791605358846,0.3333333333333333
29798.06,14154.98,57,26,2,1,0.592,3,0.978,1,0.47503025364738505,2.0
95802.36,12215.8,21,21,1,4,0.166,1,1.0,1,0.12751042876188018,0.25
54791.13,4345.79,52,0,3,10,0.662,2,0.939,0,0.0793155753495137,0.3
77016.04,33786.22,63,17,0,7,0.479,4,1.0,1,0.43869069352306356,0.0
39143.83,24089.43,56,20,2,8,0.25,3,0.968,1,0.6154080987987123,0.25
118187.37,16021.22,51,24,1,19,0.52,0,0.988,1,0.13555780114237248,0.05263157894736842
113854.69,16463.97,25,23,1,12,0.373,1,1.0,1,0.1446051102506186,0.08333333333333333
100103.34,29045.56,57,14,1,18,0.521,2,0.99,1,0.2901557530448035,0.05555555555555555
32876.15,6552.26,57,9,0,14,0.779,0,0.884,1,0.1993013172162799,0.0
94395.34,12267.44,45,5,2,5,0.58,2,1.0,0,0.12995811022027148,0.4
77989.33,8600.11,49,2,2,23,0.249,0,0.914,1,0.11027290528076085,0.08695652173913043
31563.94,56931.73,51,19,0,12,0.563,2,0.961,1,1.8036952927929786,0.0
64293.17,31802.59,26,29,2,21,0.422,3,0.949,1,0.49464958719565394,0.09523809523809523
76587.03,4300.03,33,2,2,3,0.583,1,1.0,0,0.056145668528992436,0.6666666666666666
83481.17,6729.0,59,21,1,21,0.216,2,0.968,1,0.08060500349959158,0.047619047619047616
70397.3,16516.29,68,18,3,18,0.311,0,0.843,1,0.23461539007888088,0.16666666666666666
74101.92,13240.57,34,5,1,6,0.255,0,1.0,1,0.17868052541688528,0.16666666666666666
126155.14,7610.46,40,6,0,20,0.259,0,0.998,1,0.06032619836179485,0.0
112854.86,63718.01,65,8,0,18,0.497,1,0.901,1,0.5646013826963234,0.0
17889.47,22054.63,28,21,0,22,0.585,1,0.86,0,1.2328274677785311,0.0
56347.62,24508.07,33,9,1,6,0.519,2,1.0,1,0.4349441910767482,0.16666666666666666
60358.05,11479.49,23,25,0,22,0.288,2,0.869,1,0.19018987525276246,0.0
29545.84,28784.87,32,11,1,19,0.443,0,0.996,1,0.9742444283188428,0.05263157894736842
67814.07,14056.58,52,3,0,9,0.386,3,1.0,1,0.20728117336122132,0.0
114014.8,14972.25,38,2,0,9,0.28,1,0.895,1,0.13131847795198517,0.0
39862.33,26776.46,69,12,0,7,0.489,0,0.888,0,0.6717234040258058,0.0
75623.55,6243.39,64,12,3,12,0.566,1,0.907,1,0.08255880608619934,0.25
43045.89,50827.62,64,22,2,22,0.391,2,0.871,0,1.1807775376464513,0.09090909090909091
48039.66,20265.6,56,14,1,21,0.241,1,0.956,1,0.4218514452433676,0.047619047619047616
126370.04,41387.77,55,5,1,4,0.37,1,0.966,1,0.32751251799872816,0.25
50919.01,8947.27,45,6,0,4,0.31,0,0.991,1,0.17571571010512577,0.0
80028.51,9878.04,69,17,1,2,0.41,2,0.882,1,0.12343151209487721,0.5
28003.77,8458.2,25,10,2,15,0.352,1,0.999,0,0.3020379041821869,0.13333333333333333
150269.47,21180.17,56,20,0,8,0.249,0,0.871,1,0.14094792508418374,0.0
85249.38,18788.8,27,28,1,19,0.307,4,0.999,1,0.22039808383357157,0.05263157894736842
59875.2,13309.85,37,10,3,19,0.126,1,0.836,1,0.222293203195981,0.15789473684210525
84215.85,9311.28,33,17,2,5,0.403,2,1.0,1,0.11056446025302838,0.4
34465.83,7901.75,50,25,0,17,0.343,2,0.903,1,0.2292633022329652,0.0
110667.05,17441.58,59,6,0,19,0.771,2,0.982,0,0.1576040926364261,0.0
56181.87,13299.69,24,15,2,24,0.529,3,0.987,1,0.236725655447211,0.08333333333333333
59296.84,11527.4,50,9,2,18,0.363,2,0.851,1,0.1944015903714262,0.1111111111111111
52098.82,49204.25,31,19,0,9,0.066,1,0.998,1,0.9444407762018411,0.0
50053.59,17062.11,24,23,3,24,0.163,1,0.901,1,0.3408768481941056,0.125
88853.51,41095.54,41,4,3,7,0.586,0,0.919,1,0.4625089093272737,0.42857142857142855
72933.3,12727.41,49,5,3,20,0.376,1,0.893,1,0.1745075294824175,0.15
87153.76,21104.29,30,0,2,10,0.328,1,1.0,0,0.24215008050140352,0.2
64743.26,17362.49,40,0,1,23,0.578,2,0.858,1,0.2681744787024935,0.043478260869565216
81885.93,5971.02,67,1,0,19,0.512,0,0.97,1,0.07291875417425192,0.0
53834.01,45549.14,37,21,1,15,0.365,1,0.896,1,0.8461034204957052,0.06666666666666667
177286.42,16486.17,69,28,0,6,0.336,0,1.0,1,0.09299172491609903,0.0
32098.8,29240.17,61,12,2,5,0.366,1,1.0,1,0.9109427766770097,0.4
114641.41,11040.31,39,27,1,23,0.27,2,0.896,1,0.09630298510808616,0.043478260869565216
120294.83,16171.05,49,22,1,20,0.277,1,0.95,1,0.1344284704504757,0.05
44296.95,10246.31,55,25,1,13,0.278,2,0.913,1,0.23130960483735336,0.07692307692307693
177249.86,40196.13,43,22,1,22,0.397,1,1.0,1,0.22677665302528308,0.045454545454545456
101733.63,22038.43,40,6,1,19,0.412,1,0.923,1,0.2166287588479837,0.05263157894736842
100624.91,22850.12,37,16,0,10,0.062,1,1.0,1,0.22708214099272236,0.0
65824.84,43518.73,27,16,0,20,0.779,0,0.912,0,0.6611292940476575,0.0
58946.81,38167.85,22,19,1,20,0.393,0,1.0,1,0.6474964463725857,0.05
59154.54,29602.07,37,24,0,12,0.441,6,0.787,1,0.5004192408562386,0.0
77488.23,7143.83,59,3,0,1,0.195,1,0.966,1,0.09219245296995428,0.0
122109.86,11452.18,32,20,3,18,0.654,0,0.939,1,0.09378587445764003,0.16666666666666666
70525.8,9373.11,29,25,2,9,0.457,2,0.937,1,0.1329032779493462,0.2222222222222222
43130.81,28883.45,37,3,2,9,0.508,1,0.96,0,0.6696709382457692,0.2222222222222222
94196.16,20111.58,50,12,1,18,0.342,4,0.944,1,0.21350742960222582,0.05555555555555555
98386.65,7290.26,31,27,3,20,0.574,2,0.955,0,0.07409806106824453,0.15
87268.02,15921.78,31,0,2,3,0.264,1,0.969,1,0.18244690322984297,0.6666666666666666
90909.25,6815.5,26,4,4,20,0.885,2,1.0,1,0.07497036880185459,0.2
57539.38,17388.69,37,24,0,8,0.116,0,0.746,1,0.3022050289732006,0.0
42791.61,6137.27,31,5,0,14,0.256,1,1.0,1,0.14342227366532834,0.0
43978.47,25383.76,61,21,0,21,0.119,1,1.0,0,0.5771860639990432,0.0
31138.0,23012.73,65,27,2,6,0.538,1,0.817,1,0.7390561371957094,0.3333333333333333
72313.74,62211.4,39,15,1,6,0.405,1,0.943,0,0.8602984716320854,0.16666666666666666
62604.38,31233.44,25,15,1,24,0.401,0,1.0,1,0.49890183402503147,0.041666666666666664
53324.34,13673.74,25,13,1,9,0.514,4,1.0,0,0.25642586481145385,0.1111111111111111
17190.53,30634.21,36,11,2,23,0.451,1,1.0,0,1.782039878933343,0.08695652173913043
37080.62,7256.45,43,11,2,9,0.44,1,0.966,1,0.19569386919636186,0.2222222222222222
107637.12,9628.86,46,17,2,15,0.616,2,0.798,0,0.08945668557464191,0.13333333333333333
48197.42,22351.97,35,27,2,13,0.139,0,1.0,1,0.46375864102269376,0.15384615384615385
76451.27,4426.06,38,30,0,24,0.576,1,0.984,1,0.057893871481794874,0.0
34763.88,17570.43,34,26,1,14,0.405,2,1.0,1,0.5054220069796582,0.07142857142857142
124189.02,9273.87,46,3,0,13,0.789,0,0.833,1,0.0746754423217125,0.0
60920.81,19225.19,55,9,1,12,0.657,1,0.855,1,0.31557672985634955,0.08333333333333333
74062.21,8933.81,23,23,0,10,0.44,1,0.941,1,0.12062575502405341,0.0
185117.02,23715.6,44,16,1,11,0.165,2,1.0,1,0.12811139678026365,0.09090909090909091
128610.1,18227.56,52,10,2,12,0.162,1,1.0,0,0.14172728269397195,0.16666666666666666
56623.99,44728.44,53,9,0,19,0.167,1,0.889,1,0.7899203146934719,0.0
49771.28,18078.97,48,3,1,2,0.635,2,0.912,0,0.3632410096746558,0.5
56142.44,10921.73,46,10,2,13,0.558,3,1.0,1,0.19453607645125504,0.15384615384615385
81764.36,15331.29,54,13,2,14,0.254,1,0.901,1,0.187505778801424,0.14285714285714285
61993.93,7512.87,39,12,2,19,0.316,1,0.987,1,0.12118718719719818,0.10526315789473684
54408.88,23438.05,48,17,0,16,0.273,1,0.908,0,0.4307761894749534,0.0
125790.63,26410.84,36,8,0,11,0.358,1,0.973,1,0.20995872268069568,0.0
61743.75,89599.45,42,6,1,3,0.649,0,0.879,0,1.4511501164085434,0.3333333333333333
182948.07,12015.27,27,27,2,9,0.295,1,0.881,1,0.06567584998300337,0.2222222222222222
67709.16,15124.34,38,12,1,7,0.315,0,0.914,1,0.22337214049029702,0.14285714285714285
145151.87,12380.58,27,7,2,5,0.096,0,0.902,1,0.08529397519990614,0.4
76338.78,20660.95,32,19,2,18,0.74,2,0.919,1,0.27064815549842425,0.1111111111111111
100255.26,23068.56,41,16,1,12,0.439,1,0.977,1,0.23009825120397676,0.08333333333333333
46913.82,17386.22,45,17,4,20,0.457,0,1.0,1,0.37059911130664697,0.2
44265.06,36469.77,67,6,1,4,0.619,1,0.899,1,0.8238951895693805,0.25
79938.29,12053.26,22,22,1,24,0.558,3,0.871,1,0.15078205951115542,0.041666666666666664
101416.54,34171.26,65,5,0,12,0.214,1,0.941,1,0.33693971417285584,0.0
66188.23,25543.82,37,25,0,7,0.262,1,0.88,1,0.38592692386546673,0.0
36434.29,17859.8,56,13,0,9,0.329,2,0.826,1,0.49019206906460916,0.0
35243.14,14667.92,54,12,0,21,0.14,0,1.0,1,0.41619220080844105,0.0
34198.3,87156.54,68,12,0,18,0.438,0,0.946,0,2.548563525087504,0.0
29340.16,10583.71,26,13,2,5,0.696,0,0.952,1,0.3607243450615129,0.4
68282.65,21846.23,68,20,2,24,0.137,0,0.805,0,0.31993822735350785,0.08333333333333333
107840.9,11053.3,24,15,1,4,0.596,2,0.899,1,0.10249636269726978,0.25
64608.77,57456.33,63,3,1,7,0.402,0,0.841,1,0.8892961435421229,0.14285714285714285
23504.71,32034.35,52,17,3,18,0.438,1,0.939,1,1.362890671699417,0.16666666666666666
59653.04,11581.91,44,8,2,13,0.4,1,0.949,0,0.1941545644614256,0.15384615384615385
60408.37,25117.34,40,3,0,11,0.636,0,0.949,1,0.415792381088912,0.0
166932.03,21282.26,25,26,1,23,0.316,0,0.893,1,0.12749057206097594,0.043478260869565216
33739.7,12865.71,60,9,1,20,0.384,0,0.88,1,0.38132259622936776,0.05
54520.8,29464.27,56,18,3,24,0.514,4,0.926,0,0.5404225543278895,0.125
140053.01,23183.02,66,5,2,7,0.195,1,0.965,1,0.16553032312550797,0.2857142857142857
79589.13,20709.16,56,10,1,21,0.489,1,0.899,1,0.2602008590871643,0.047619047619047616
83753.52,17516.16,67,11,2,6,0.818,1,0.874,1,0.20913938900717247,0.3333333333333333
68439.51,23820.75,64,4,6,20,0.242,0,0.877,1,0.34805553108138854,0.3
75404.12,20894.24,41,30,1,14,0.53,1,0.894,1,0.27709679524142716,0.07142857142857142
92232.41,18704.84,55,9,0,15,0.345,2,0.908,1,0.20280116284503463,0.0
45155.79,11866.41,33,18,0,3,0.153,2,0.863,1,0.26278822715758043,0.0
96497.17,54126.28,59,17,1,22,0.623,2,0.909,1,0.5609105427651402,0.045454545454545456
35041.6,9093.85,50,13,0,7,0.334,5,1.0,1,0.25951583261038313,0.0
75350.67,23767.89,42,18,0,15,0.154,2,0.919,1,0.3154303737445201,0.0
70444.19,14617.44,51,17,3,4,0.598,3,0.853,0,0.20750384098390512,0.75
49257.19,56490.78,34,2,0,23,0.772,0,0.782,1,1.1468534847399943,0.0
64339.83,10005.23,51,20,1,8,0.74,3,1.0,1,0.15550600615512972,0.125
49118.92,11161.28,44,3,3,19,0.378,1,1.0,1,0.227229751794217,0.15789473684210525
40129.9,9582.99,36,13,0,19,0.456,2,0.96,1,0.23879924943745187,0.0
55437.74,22211.81,68,11,1,14,0.599,2,1.0,1,0.40066225643397446,0.07142857142857142
39551.06,7373.47,24,13,2,3,0.488,2,0.977,1,0.1864291374238769,0.6666666666666666
75162.03,13188.28,58,2,0,7,0.527,2,0.935,1,0.1754646594829863,0.0
38739.08,4443.02,31,21,1,15,0.183,2,0.853,0,0.1146909012810836,0.06666666666666667
89548.19,21044.63,31,12,3,13,0.278,0,1.0,0,0.2350089934816103,0.23076923076923078
38195.65,13003.68,28,1,0,15,0.314,1,0.909,1,0.34044923963854523,0.0
50378.0,6842.37,26,0,3,6,0.1,2,0.913,1,0.13582059629203225,0.5
49073.33,36452.79,27,16,1,13,0.435,1,0.943,1,0.7428228326873273,0.07692307692307693
118002.2,7693.6,61,20,2,3,0.404,2,0.944,1,0.06519878442944285,0.6666666666666666
75415.87,30216.41,66,16,1,12,0.68,0,0.98,1,0.40066381253706945,0.08333333333333333
59092.68,11412.34,49,22,0,3,0.818,0,0.972,1,0.19312611985105432,0.0
81354.08,50977.95,21,23,0,16,0.264,1,0.9,1,0.626618234758478,0.0
25182.54,29299.77,63,27,2,14,0.535,1,0.942,1,1.1634954218279807,0.14285714285714285
63750.51,9347.8,50,30,0,21,0.227,3,0.978,1,0.14663098381487455,0.0
159695.46,9917.17,46,27,0,12,0.356,0,0.894,1,0.06210051306405329,0.0
68988.73,26681.31,67,24,0,4,0.343,2,1.0,1,0.38674882114803394,0.0
67017.13,15177.68,41,13,1,6,0.264,3,0.939,1,0.22647463417189007,0.16666666666666666
83183.17,16123.84,38,15,0,20,0.385,1,1.0,1,0.19383536357174175,0.0
97262.12,41154.24,59,19,0,23,0.232,1,0.843,1,0.42312711259018415,0.0
26457.17,11064.3,46,5,2,2,0.347,1,0.986,1,0.41819665519781596,1.0
30488.22,19100.47,56,21,2,17,0.754,2,0.878,0,0.6264868857545636,0.11764705882352941
71451.46,33477.71,55,18,2,12,0.428,2,0.896,1,0.4685378017468082,0.16666666666666666
47119.78,30456.46,62,16,3,7,0.478,1,1.0,1,0.6463625254617064,0.42857142857142855
117307.49,16226.14,36,25,2,13,0.189,1,0.924,1,0.138321431990404,0.15384615384615385
56405.06,14918.21,24,21,0,23,0.373,1,1.0,0,0.2644835410156465,0.0
27217.18,5813.26,44,28,0,5,0.241,1,0.976,1,0.21358788823823777,0.0
36736.87,9059.49,52,30,2,21,0.703,0,0.891,1,0.24660484140320063,0.09523809523809523
18859.81,22138.21,61,25,2,3,0.625,3,0.976,1,1.1738299590504888,0.6666666666666666
58500.24,16456.96,34,9,0,18,0.224,0,0.923,1,0.28131440144519065,0.0
59716.86,18898.35,57,5,0,2,0.347,4,0.998,1,0.31646590259434265,0.0
53698.18,35370.8,61,9,1,2,0.358,2,0.919,0,0.6586964399910761,0.5
105623.71,8319.58,60,22,0,1,0.184,0,0.968,1,0.07876621641106907,0.0
111466.18,15438.35,60,26,2,20,0.374,3,0.954,1,0.13850254848600715,0.1
60202.42,20349.04,69,27,3,14,0.638,1,0.945,1,0.33801033247500684,0.21428571428571427
24872.81,11389.23,53,21,0,17,0.409,2,1.0,1,0.45789880596522864,0.0
85812.44,45642.16,39,21,0,4,0.619,0,0.814,1,0.5318827899544635,0.0
83454.32,32490.68,42,29,0,23,0.457,2,0.947,1,0.38932292540398145,0.0
74709.96,21735.75,57,21,2,20,0.419,3,0.891,1,0.29093510423509794,0.1
101094.24,57778.83,32,4,1,12,0.13,2,0.846,1,0.5715343426094306,0.08333333333333333
38482.92,6794.34,50,15,0,22,0.199,5,0.881,1,0.1765546897168926,0.0
160505.34,17909.83,49,11,0,4,0.309,0,0.897,1,0.11158401334186141,0.0
42209.48,22839.48,53,19,1,8,0.29,2,0.924,0,0.541098350417963,0.125
91061.73,9933.48,41,19,1,2,0.74,2,0.964,1,0.10908512280625461,0.5
30419.41,21885.76,57,9,1,4,0.487,0,0.978,1,0.7194669456113711,0.25
42767.06,8767.86,24,9,1,21,0.24,0,0.911,1,0.20501432644656895,0.047619047619047616
128605.96,28197.52,57,2,1,10,0.608,1,1.0,1,0.21925515738150858,0.1
57799.63,35800.59,60,9,0,16,0.567,5,0.914,1,0.6193913352040489,0.0
94855.29,21485.72,64,25,1,22,0.162,0,0.804,0,0.22651050879713722,0.045454545454545456
72313.96,5398.13,66,20,1,19,0.393,1,0.916,1,0.07464851876456495,0.05263157894736842
62001.35,9601.85,38,29,1,10,0.717,0,0.943,1,0.15486517632277363,0.1
120075.4,25982.76,23,28,3,9,0.179,0,0.711,1,0.21638703681186988,0.3333333333333333
58433.58,18249.74,53,26,1,3,0.381,1,1.0,1,0.31231596626460334,0.3333333333333333
29167.5,3124.49,25,5,1,20,0.723,2,0.933,1,0.10712231079112025,0.05
45282.89,40375.03,34,10,2,24,0.492,0,0.859,0,0.8916177832289415,0.08333333333333333
83297.92,19672.04,55,1,0,13,0.315,1,0.873,1,0.23616484061066592,0.0
77662.02,10569.51,50,2,1,12,0.28,2,0.993,1,0.136096253999059,0.08333333333333333
32111.4,34366.87,50,7,1,21,0.735,2,1.0,1,1.0702389182657872,0.047619047619047616
46919.49,11588.01,57,8,2,9,0.122,0,0.895,1,0.24697646969308493,0.2222222222222222
50029.49,11506.11,29,0,0,10,0.587,1,0.845,1,0.2299865539304918,0.0
55142.79,22721.26,59,26,1,22,0.39,1,0.949,1,0.4120440768412334,0.045454545454545456
34995.73,57285.46,49,16,0,10,0.509,0,0.962,1,1.6369271336817375,0.0
48990.2,51712.7,41,20,0,23,0.466,2,0.98,1,1.0555723389575875,0.0
46829.46,22741.34,43,20,1,4,0.323,3,0.901,1,0.48562037657491675,0.25
91980.56,24310.84,45,29,2,12,0.663,2,0.931,1,0.264304109477046,0.16666666666666666
93549.61,30109.66,47,4,1,12,0.261,0,0.941,1,0.3218576753019067,0.08333333333333333
60871.96,7951.28,37,10,3,8,0.293,0,1.0,1,0.1306230323452703,0.375
54487.39,27359.62,31,9,1,24,0.339,2,1.0,1,0.5021275564860053,0.041666666666666664
69224.39,11169.92,29,17,1,12,0.581,0,1.0,1,0.16135815714663576,0.08333333333333333
45011.97,22139.92,37,16,2,22,0.445,0,1.0,1,0.4918673854976798,0.09090909090909091
38795.83,15526.03,33,24,1,6,0.538,1,1.0,0,0.4001984233872558,0.16666666666666666
42575.87,24932.13,46,17,0,9,0.426,1,1.0,1,0.5855929661566517,0.0
48848.39,19436.23,65,7,2,12,0.313,2,0.899,1,0.39788885570230664,0.16666666666666666
38506.38,2442.21,26,17,1,14,0.349,3,1.0,1,0.06342351579140912,0.07142857142857142
69917.37,20219.58,36,29,1,6,0.088,1,0.844,1,0.2891925139632684,0.16666666666666666
90265.86,27324.16,23,17,4,8,0.663,4,1.0,1,0.3027075795876758,0.5
31823.12,24052.17,68,18,3,15,0.238,2,0.872,1,0.75580804144911,0.2
65739.19,16838.89,55,5,1,7,0.551,2,1.0,0,0.25614690415260666,0.14285714285714285
58874.98,52340.84,32,0,3,19,0.275,1,1.0,0,0.8890166926595983,0.15789473684210525
75797.57,22037.91,41,6,0,12,0.116,2,0.972,0,0.29074691972315203,0.0
64622.64,23923.46,56,0,3,24,0.646,0,0.796,1,0.3702024553623931,0.125
33793.47,35491.44,67,14,2,6,0.538,1,0.874,0,1.0502455060104807,0.3333333333333333
36829.98,22783.97,49,27,0,21,0.282,1,0.965,1,0.6186256413932345,0.0
65866.36,10040.83,34,13,1,12,0.412,2,0.984,1,0.15244246076449344,0.08333333333333333
103269.15,3689.36,55,20,2,3,0.736,4,0.927,0,0.03572567412436338,0.6666666666666666
23998.78,13200.35,54,26,0,17,0.159,2,0.945,0,0.5500425438293114,0.0
75941.57,29517.59,52,23,4,6,0.522,2,0.837,1,0.38868817170885456,0.6666666666666666
111020.76,14308.58,23,20,2,4,0.171,2,1.0,1,0.12888202170476945,0.5
60674.63,30299.7,55,24,0,13,0.076,1,0.914,1,0.49938005390391343,0.0
83260.85,19827.01,21,8,0,19,0.244,0,0.995,1,0.23813124655825635,0.0
47370.81,41579.81,65,13,1,7,0.219,1,1.0,1,0.8777517209437626,0.14285714285714285
61600.65,14857.15,64,12,3,15,0.634,1,0.859,1,0.24118495502888362,0.2
31342.54,24393.61,48,24,1,1,0.287,2,0.949,0,0.7782907830699107,1.0
22633.54,25008.03,52,12,2,5,0.276,0,0.959,1,1.104910234987545,0.4
99348.3,47770.72,24,29,1,19,0.386,1,0.922,1,0.4808408397526681,0.05263157894736842
41726.63,5936.13,63,5,1,1,0.605,3,1.0,1,0.1422623873531124,1.0
52952.74,13361.89,34,5,2,9,0.58,2,0.893,1,0.2523361397351676,0.2222222222222222
34830.32,31246.5,33,22,1,13,0.147,2,0.944,1,0.8971063142687176,0.07692307692307693
34463.5,49166.11,55,23,1,2,0.461,1,0.914,1,1.4266139538932494,0.5
60109.04,21039.85,67,21,1,24,0.295,0,1.0,1,0.35002804902557083,0.041666666666666664
46809.1,14881.43,45,9,1,13,0.178,2,0.894,1,0.3179174562211194,0.07692307692307693
77051.51,29444.25,45,0,1,9,0.187,3,0.992,0,0.38213722222964874,0.1111111111111111
79680.87,31659.19,47,9,2,24,0.676,1,1.0,0,0.3973248535062431,0.08333333333333333
75096.17,14247.65,35,14,2,14,0.435,1,0.876,1,0.18972538812565273,0.14285714285714285
72367.52,22310.81,50,12,1,17,0.411,1,0.947,1,0.30829866768959335,0.058823529411764705
132208.86,38772.63,68,28,1,3,0.36,0,0.871,1,0.2932680154718829,0.3333333333333333
40204.14,61508.18,39,26,1,4,0.651,1,0.799,0,1.5298966723327498,0.25
63412.85,29167.79,58,24,1,2,0.71,1,0.885,1,0.4599665525205065,0.5
108212.59,18523.9,58,0,1,13,0.292,0,0.9,1,0.17118063619029913,0.07692307692307693
114827.41,17378.31,62,3,1,21,0.216,3,0.904,0,0.1513428718805031,0.047619047619047616
34281.08,25859.54,56,13,0,22,0.135,1,0.919,1,0.7543385447599668,0.0
56476.65,16696.25,66,19,0,14,0.493,2,0.94,0,0.2956310262736901,0.0
119766.23,20361.34,56,21,1,2,0.262,3,0.856,1,0.1700090250816111,0.5
81697.46,9049.89,68,9,2,16,0.336,1,0.965,1,0.11077321130913982,0.125
70969.89,41823.52,56,3,0,16,0.188,1,1.0,0,0.5893135807312087,0.0
58934.65,8578.44,62,10,0,15,0.327,1,1.0,1,0.14555851269159994,0.0
54689.78,13592.24,64,24,0,18,0.233,2,0.922,1,0.24853345542805255,0.0
74001.54,19178.84,69,30,2,14,0.201,1,1.0,1,0.2591681200147997,0.14285714285714285
58021.81,65661.53,50,29,0,17,0.141,1,0.892,1,1.1316697979604566,0.0
63766.43,13675.8,55,18,1,12,0.243,1,0.916,1,0.21446707930803088,0.08333333333333333
67340.15,11675.14,68,2,2,4,0.145,1,0.968,1,0.17337561618143113,0.5
47906.69,12582.93,39,29,2,2,0.185,3,0.917,1,0.26265496530860305,1.0
82586.44,52913.31,26,4,3,22,0.058,1,0.852,1,0.6407021540097866,0.13636363636363635
241241.22,2893.15,64,8,3,11,0.828,2,0.998,1,0.011992768068408873,0.2727272727272727
29216.78,9380.12,51,30,1,8,0.559,1,0.882,1,0.32105249106848877,0.125
75203.13,106240.93,41,15,0,8,0.048,1,0.904,0,1.4127195237751407,0.0
46168.68,26428.56,56,6,1,2,0.626,1,1.0,1,0.5724348194490291,0.5
84286.22,8771.27,22,15,1,23,0.754,0,0.978,1,0.10406529086249211,0.043478260869565216
66376.17,17516.18,44,2,2,2,0.295,3,0.952,1,0.26389259880466137,1.0
91580.83,18806.78,34,9,0,6,0.335,1,0.837,0,0.20535716918049332,0.0
110317.79,31197.97,35,29,2,11,0.822,4,0.859,1,0.2828008972986134,0.18181818181818182
70879.18,59504.27,68,9,0,9,0.399,4,0.968,1,0.8395169075037268,0.0
108181.55,23171.67,47,27,0,1,0.582,2,0.984,1,0.2141924385442804,0.0
22634.0,12673.45,27,16,0,8,0.103,4,0.958,1,0.5599297517009808,0.0
132965.65,30023.39,38,20,0,19,0.057,0,0.907,1,0.2257980914619678,0.0
76950.72,11433.04,32,21,1,7,0.347,0,0.905,1,0.14857612768275594,0.14285714285714285
105574.49,9195.39,65,17,0,21,0.35,4,0.955,1,0.08709859739791306,0.0
37541.36,5734.1,35,1,2,9,0.533,2,0.852,1,0.15274087033607733,0.2222222222222222
44725.37,6508.04,38,28,2,1,0.159,1,0.946,1,0.14551114948853414,2.0
69411.98,10051.1,37,14,0,3,0.506,0,0.843,1,0.14480353391446263,0.0
64503.55,8371.29,29,20,3,20,0.491,1,0.866,1,0.12978029891378073,0.15
73830.22,22064.62,59,17,2,10,0.639,1,0.952,1,0.29885621362092646,0.2
105891.93,8254.52,49,20,1,24,0.625,1,0.981,1,0.07795230476958916,0.041666666666666664
29371.89,2332.61,42,10,0,19,0.321,3,0.964,1,0.07941640800098326,0.0
100746.34,9132.41,40,26,2,1,0.466,0,0.862,1,0.09064756099328274,2.0
65242.7,13245.57,53,6,1,8,0.32,1,0.809,1,0.20301995472290388,0.125
59304.51,12143.93,25,20,1,18,0.366,1,0.939,1,0.20477245322488963,0.05555555555555555
33528.15,48330.5,66,17,1,2,0.262,2,0.807,1,1.4414902104649376,0.5
81512.73,12080.22,48,15,1,24,0.552,4,1.0,1,0.14820040992370148,0.041666666666666664
21934.02,31911.68,32,0,2,4,0.851,2,0.864,0,1.454894269267558,0.5
87022.31,17779.27,47,12,0,20,0.101,3,1.0,1,0.20430703344923848,0.0
33212.94,17511.78,62,1,1,21,0.549,2,0.873,0,0.5272577495397878,0.047619047619047616
66582.6,10458.08,29,15,2,13,0.47,3,0.972,1,0.15706926434233567,0.15384615384615385
61606.12,17325.22,46,21,2,20,0.52,0,0.888,1,0.2812256314794699,0.1
110021.9,10946.93,50,16,0,22,0.202,2,0.928,1,0.09949773635976111,0.0
59978.88,20103.37,60,23,1,18,0.094,2,0.953,1,0.33517414796675093,0.05555555555555555
47561.56,15437.65,48,11,0,17,0.274,0,1.0,1,0.3245824989760639,0.0
51749.57,9741.19,57,9,1,10,0.262,2,1.0,1,0.188237119651429,0.1
115259.32,34298.55,58,13,1,8,0.632,1,0.991,0,0.29757723713795986,0.125
82741.47,23755.59,64,7,1,21,0.49,1,1.0,0,0.28710621167354167,0.047619047619047616
54644.78,13452.04,38,24,1,6,0.372,3,0.897,0,0.24617246148671476,0.16666666666666666
58439.17,19785.36,55,25,2,10,0.371,0,0.985,1,0.33856333004045064,0.2
32109.68,17045.51,33,12,2,13,0.709,1,0.916,1,0.5308526899053494,0.15384615384615385
77416.56,10241.39,62,24,1,10,0.368,1,1.0,1,0.13228939648054627,0.1
29443.41,18844.0,67,0,3,9,0.549,2,0.948,1,0.640007390448321,0.3333333333333333
91167.25,12021.71,35,4,1,15,0.764,2,0.983,1,0.13186434821715035,0.06666666666666667
68873.19,9739.26,48,8,1,8,0.529,3,0.96,0,0.14140858002947154,0.125
190283.6,6268.73,61,12,0,24,0.402,1,0.993,1,0.03294414232230208,0.0
39619.69,14257.41,22,7,2,5,0.105,0,0.883,1,0.3598566773238256,0.4
62065.44,26020.97,55,15,3,10,0.184,1,0.83,1,0.4192505523202607,0.3
146001.48,11459.78,61,24,0,21,0.23,0,1.0,1,0.0784908481749637,0.0
111109.1,92650.32,63,14,0,12,0.637,0,1.0,1,0.8338679730103115,0.0
47517.2,32010.61,30,13,1,17,0.682,3,0.932,1,0.6736636417970756,0.058823529411764705
71892.55,42021.71,58,1,3,16,0.395,1,0.997,0,0.5845071568611768,0.1875
65058.51,30183.03,59,8,2,8,0.178,0,0.826,1,0.46393669329346765,0.25
73793.26,60023.37,21,25,0,18,0.448,1,0.896,1,0.8133990827888619,0.0
47464.45,10792.17,55,25,0,6,0.476,3,0.946,1,0.2273737502488705,0.0
62439.19,3407.21,51,3,2,18,0.287,1,0.819,1,0.054568452921954946,0.1111111111111111
31666.64,13468.99,68,0,0,4,0.703,1,0.833,0,0.4253368844942185,0.0
69075.0,25873.36,23,25,1,17,0.711,2,0.951,1,0.3745690915671372,0.058823529411764705
79590.65,19862.98,68,5,0,3,0.328,3,0.898,1,0.2495642390155125,0.0
58677.04,21529.6,48,17,0,21,0.461,1,0.916,0,0.3669169405955038,0.0
31425.33,42477.02,34,25,4,16,0.297,0,0.912,0,1.3516809529128253,0.25
101415.57,23074.06,39,24,1,1,0.321,4,0.85,1,0.22751989659970356,1.0
76586.71,30255.11,58,17,1,3,0.405,1,0.925,0,0.3950438659657792,0.3333333333333333
46884.19,9773.32,69,11,0,5,0.212,2,0.939,1,0.20845662471720208,0.0
57289.48,8831.86,36,23,0,24,0.378,1,0.899,1,0.15416198576073653,0.0
33085.2,51395.25,69,21,0,15,0.572,1,0.905,1,1.5534211671684017,0.0
40974.61,19220.12,51,25,0,7,0.144,3,0.926,1,0.46907389722562337,0.0
51027.88,12004.39,30,15,1,7,0.218,2,0.997,0,0.2352515918748731,0.14285714285714285
112976.14,12018.72,50,29,2,1,0.602,1,0.933,1,0.10638281676113204,2.0
48745.4,11804.04,60,23,2,5,0.112,0,0.805,1,0.24215700353264105,0.4
86702.56,11353.75,23,1,0,21,0.51,1,0.856,1,0.13095057400842605,0.0
51016.29,7817.19,24,9,1,15,0.356,2,1.0,0,0.15322929205553754,0.06666666666666667
72672.55,6787.61,21,24,1,9,0.378,5,0.892,1,0.093399915098617,0.1111111111111111
60993.01,15857.12,48,3,3,1,0.416,1,0.934,1,0.259982578331517,3.0
96280.2,12243.19,23,21,0,9,0.043,1,1.0,1,0.1271620748606671,0.0
51096.82,36966.99,66,10,2,10,0.381,1,0.984,1,0.7234694840109424,0.2
32032.45,21777.37,27,6,0,3,0.236,4,0.79,1,0.6798533986629184,0.0
34900.82,21387.96,24,16,2,15,0.518,2,1.0,1,0.6128211314232731,0.13333333333333333
51164.32,11104.42,33,28,1,16,0.411,1,0.95,1,0.2170344490066515,0.0625
37051.55,16638.23,58,27,0,24,0.302,2,0.966,1,0.44905624730949173,0.0
78177.56,22760.41,65,12,2,9,0.276,1,0.961,1,0.29113738008707357,0.2222222222222222
52709.28,28671.37,33,0,1,7,0.54,0,1.0,1,0.5439529813345961,0.14285714285714285
189229.43,16934.32,46,27,0,20,0.826,2,0.934,1,0.08949094229158752,0.0
29737.7,36299.44,58,27,1,9,0.577,3,0.836,1,1.2206539174179578,0.1111111111111111
71237.7,18093.72,60,18,0,16,0.516,2,0.963,1,0.253990794200262,0.0
39126.83,30136.06,28,19,1,18,0.098,5,0.843,1,0.770214709446178,0.05555555555555555
52057.91,13091.56,62,16,2,22,0.396,2,1.0,1,0.25148070677443635,0.09090909090909091
69270.98,5541.08,63,0,1,8,0.561,2,0.915,1,0.07999136146189935,0.125
22827.6,21430.28,57,4,0,15,0.194,2,0.936,1,0.9387881336627591,0.0
72309.75,28841.99,46,4,1,4,0.282,1,0.893,0,0.3988672343632774,0.25
153039.43,26163.03,40,28,3,19,0.66,0,0.964,0,0.1709561385585401,0.15789473684210525
53002.55,23683.84,64,1,0,2,0.323,4,0.972,1,0.44684340659081495,0.0
73061.45,14350.58,63,17,2,17,0.727,1,0.892,1,0.19641794681052732,0.11764705882352941
103089.96,10654.55,46,11,1,6,0.851,3,0.972,0,0.10335196560363394,0.16666666666666666
60377.0,25764.44,57,0,0,12,0.656,1,0.945,0,0.42672607118604766,0.0
50046.63,23749.53,40,28,2,2,0.142,2,0.933,1,0.474548036501159,1.0
23343.2,12500.73,57,0,2,17,0.738,1,0.887,1,0.5355191233421296,0.11764705882352941
86732.88,37021.45,25,26,0,12,0.131,2,1.0,0,0.42684446774971607,0.0
61772.7,10140.21,65,24,3,16,0.418,2,1.0,1,0.16415358240776265,0.1875
41209.94,12318.25,46,24,3,9,0.325,1,0.991,1,0.2989145337265718,0.3333333333333333
68810.46,52146.03,50,5,0,1,0.39,2,1.0,0,0.7578212672898857,0.0
49985.41,31656.71,30,27,1,14,0.547,2,0.961,1,0.633319002484925,0.07142857142857142
51243.84,14262.96,46,18,0,17,0.184,1,0.916,1,0.27833511305944286,0.0
85389.09,21696.9,21,12,1,16,0.643,0,0.755,0,0.2540945219114058,0.0625
35591.8,19905.31,64,21,3,7,0.25,0,0.855,1,0.5592667412156732,0.42857142857142855
104134.06,3021.41,57,10,3,18,0.417,1,1.0,1,0.029014618271869932,0.16666666666666666
34654.53,9985.8,43,8,0,14,0.093,0,1.0,1,0.2881528042654164,0.0
48239.18,17414.82,61,8,1,6,0.263,0,0.954,1,0.3610098679123484,0.16666666666666666
154425.7,14275.92,60,17,1,3,0.208,3,0.83,1,0.09244523418058004,0.3333333333333333
107953.1,21136.23,26,18,0,8,0.295,4,0.984,1,0.19579085732600546,0.0
67918.54,37507.29,23,7,2,1,0.283,4,0.921,1,0.5522393443675321,2.0
42569.95,14605.14,33,7,3,18,0.267,2,0.989,1,0.34308567428432496,0.16666666666666666
51224.34,9051.19,21,29,1,1,0.375,2,0.862,1,0.17669705456429505,1.0
67179.03,22231.84,49,15,1,2,0.069,2,0.906,0,0.33093422158670643,0.5
66106.87,14556.92,46,26,2,4,0.438,0,1.0,1,0.22020283217160336,0.5
62395.64,16263.62,47,10,2,8,0.796,0,1.0,1,0.2606531482007397,0.25
64104.38,14890.43,24,8,0,1,0.231,1,0.894,1,0.23228412785522612,0.0
59022.48,77290.14,65,8,1,16,0.636,0,0.87,1,1.3095034298795984,0.0625
33970.65,4195.09,68,16,2,4,0.398,0,1.0,1,0.12349160230964082,0.5
51519.35,13984.57,49,24,0,20,0.564,0,0.852,1,0.2714430597435721,0.0
98098.11,17956.89,21,15,2,14,0.27,2,0.857,1,0.1830503156482831,0.14285714285714285
35115.3,10833.35,40,9,0,3,0.336,2,0.959,1,0.308507972308367,0.0
59685.39,32306.18,56,29,3,10,0.609,1,1.0,0,0.5412745062066278,0.3
44947.63,30538.53,57,17,3,4,0.378,0,0.881,0,0.6794246993667964,0.75
68339.98,17449.85,32,12,2,24,0.22,0,0.914,1,0.2553388221652977,0.08333333333333333
54570.99,15096.06,61,0,0,15,0.253,2,0.948,1,0.27663159491883876,0.0
126370.04,16736.63,68,17,1,20,0.482,0,0.907,1,0.13244143944245013,0.05
81642.48,16814.82,45,19,2,9,0.636,1,0.816,1,0.20595675192620314,0.2222222222222222
36020.05,17106.0,39,28,0,4,0.536,1,0.996,1,0.4749021725400159,0.0
87921.1,15929.49,46,7,0,6,0.248,1,0.953,1,0.18117937559925887,0.0
45869.2,21209.81,22,5,2,11,0.547,0,0.966,1,0.46239764373479375,0.18181818181818182
50135.98,29369.58,46,30,1,19,0.361,1,0.93,0,0.5857984625013812,0.05263157894736842
74858.96,8090.6,22,17,0,11,0.191,2,1.0,1,0.1080779107804864,0.0
52096.66,9092.41,22,0,2,23,0.679,0,0.905,0,0.17452961475841253,0.08695652173913043
97141.86,5776.71,48,3,2,9,0.278,2,0.865,1,0.059466742761565404,0.2222222222222222
45872.13,31611.79,46,14,1,6,0.688,0,1.0,1,0.6891284533768107,0.16666666666666666
49198.41,21180.52,69,19,1,12,0.546,1,0.786,1,0.43051228688081583,0.08333333333333333
48376.8,24998.0,45,7,1,3,0.704,0,0.929,0,0.516735294604025,0.3333333333333333
50392.88,7107.84,69,11,2,17,0.588,2,0.935,1,0.14104849732740024,0.11764705882352941
106593.6,57431.22,60,22,1,3,0.649,0,0.932,1,0.5387867564281532,0.3333333333333333
86258.24,12117.11,37,29,1,16,0.179,0,0.831,1,0.14047481144989743,0.0625
140311.09,20079.62,66,15,2,10,0.523,2,0.857,1,0.14310786125316252,0.2
180336.97,31365.91,44,12,1,9,0.669,2,1.0,1,0.17392944996247858,0.1111111111111111
40876.88,9476.69,50,11,1,15,0.157,3,1.0,1,0.2318349639209255,0.06666666666666667
67092.74,12619.72,25,4,2,17,0.445,0,0.911,0,0.18809367451679568,0.11764705882352941
38286.49,20223.26,31,1,2,23,0.2,0,0.875,1,0.5282087754714522,0.08695652173913043
45808.27,115322.12,46,25,0,7,0.274,2,0.815,1,2.5174956399794186,0.0
48952.49,21891.6,34,1,0,20,0.609,2,1.0,0,0.44720094932862453,0.0
40393.45,51136.91,50,25,2,21,0.588,1,1.0,0,1.2659703491531427,0.09523809523809523
40489.31,39411.57,24,7,0,24,0.44,1,0.743,1,0.9733821099939713,0.0
60913.77,22864.34,33,21,2,24,0.061,0,0.77,0,0.3753558513945205,0.08333333333333333
37594.73,9463.05,53,29,0,19,0.544,1,0.95,0,0.25171214156877836,0.0
94949.43,35845.27,50,23,0,8,0.812,0,0.959,1,0.37751959121818845,0.0
43008.52,6797.81,69,22,0,17,0.269,2,0.907,1,0.15805728725378138,0.0
230141.26,50954.88,65,8,1,19,0.18,2,0.938,1,0.22140697413406007,0.05263157894736842
53051.56,20498.98,60,18,0,7,0.462,3,0.923,1,0.38639730858055826,0.0
67141.02,3214.68,21,19,1,20,0.649,3,0.942,1,0.047879522831199166,0.05
36287.88,14426.15,50,13,1,17,0.382,1,0.877,0,0.39754733536376335,0.058823529411764705
140068.08,27534.45,32,1,0,12,0.521,3,0.939,0,0.1965790492737532,0.0
107572.24,15429.89,34,28,0,21,0.574,0,0.893,1,0.14343747048495037,0.0
74291.71,28649.2,31,6,3,3,0.442,2,0.887,1,0.3856311828062646,1.0
35457.19,10359.0,43,30,3,17,0.715,0,0.809,0,0.2921551313005909,0.17647058823529413
71463.54,7702.02,27,28,4,19,0.547,3,0.928,1,0.107775517417693,0.21052631578947367
39241.83,17183.2,47,0,1,1,0.217,1,0.996,1,0.43787968094250446,1.0
125517.74,18373.13,29,22,0,10,0.599,2,0.917,0,0.14637875092397298,0.0
93552.7,14352.47,45,19,1,13,0.407,2,0.915,1,0.15341588217122543,0.07692307692307693
67852.41,39969.27,51,7,1,5,0.178,4,1.0,1,0.5890619065704519,0.2
21715.32,10357.77,29,25,0,22,0.292,0,1.0,1,0.4769798464862595,0.0
41756.29,22063.6,26,3,0,16,0.086,0,1.0,1,0.5283898545584389,0.0
88577.67,18813.08,60,7,1,7,0.501,1,1.0,1,0.212390775237145,0.14285714285714285
112189.0,6543.72,57,29,1,11,0.47,3,0.944,1,0.05832764353011436,0.09090909090909091
107073.3,7636.98,33,23,3,3,0.318,3,0.859,0,0.07132478404980512,1.0
31752.82,18139.9,64,3,0,3,0.286,1,0.904,1,0.5712846921942681,0.0
74446.88,65245.15,31,4,2,18,0.215,1,0.98,1,0.8763987154330711,0.1111111111111111
102654.51,26229.83,66,7,2,24,0.347,3,1.0,1,0.2555156125142481,0.08333333333333333
30819.15,5863.28,26,2,1,7,0.382,1,0.867,1,0.19024794648781682,0.14285714285714285
64769.2,2383.46,53,5,0,6,0.173,2,0.958,1,0.03679928113980102,0.0
73524.33,28987.26,21,17,3,17,0.542,0,0.884,0,0.39425398368132014,0.17647058823529413
56772.0,16908.78,30,0,2,13,0.148,5,0.93,1,0.29783660959627983,0.15384615384615385
28244.94,37795.67,40,8,0,4,0.425,1,0.929,1,1.3381395039253048,0.0
56138.57,10154.38,25,9,2,17,0.307,3,0.967,1,0.18088063162278625,0.11764705882352941
56097.98,22601.36,43,30,1,6,0.919,2,1.0,1,0.40289079927655147,0.16666666666666666
60810.03,31198.95,32,30,2,3,0.366,1,0.973,1,0.5130559876388813,0.6666666666666666
50442.05,13457.28,25,26,2,12,0.018,1,0.91,1,0.2667869366926998,0.16666666666666666
53251.81,13645.59,68,10,1,18,0.361,2,0.898,1,0.25624650129263216,0.05555555555555555
63848.91,18298.02,69,16,0,13,0.185,1,0.927,1,0.28658312256231155,0.0
79320.12,25613.29,68,15,0,16,0.477,2,0.879,1,0.32291037885469664,0.0
56678.52,17833.07,28,26,1,6,0.201,2,0.95,1,0.3146354209672377,0.16666666666666666
54057.34,33901.84,39,23,0,12,0.25,2,0.771,1,0.6271459157997785,0.0
67758.27,13331.29,37,28,0,18,0.384,0,0.925,1,0.1967477918193602,0.0
27384.44,7590.63,36,17,1,13,0.691,1,0.931,1,0.27718770221337374,0.07692307692307693
80564.09,65066.23,41,28,1,6,0.149,1,0.859,0,0.8076331526862651,0.16666666666666666
64983.53,12150.37,45,23,1,23,0.731,2,0.913,1,0.18697614610963734,0.043478260869565216
66171.47,12439.59,44,22,1,2,0.795,1,1.0,1,0.18799023204411205,0.5
100154.87,17246.33,35,20,1,22,0.295,1,1.0,1,0.17219661909600603,0.045454545454545456
26994.15,18803.43,69,10,0,18,0.422,2,0.903,1,0.696574257755847,0.0
26740.04,13999.58,69,18,0,3,0.488,3,0.977,1,0.523543719455917,0.0
73523.05,17797.17,37,11,0,7,0.155,1,0.835,1,0.24206245524362766,0.0
64792.16,17540.74,31,20,3,9,0.528,2,0.919,1,0.2707231862620416,0.3333333333333333
70173.23,20166.13,47,7,1,23,0.414,1,0.956,1,0.28737639695365313,0.043478260869565216
52795.72,3888.43,39,24,1,13,0.501,1,1.0,1,0.07365047772811886,0.07692307692307693
87649.55,61126.25,69,17,2,7,0.539,2,1.0,1,0.6973937687073122,0.2857142857142857
98896.59,16356.65,42,22,2,23,0.412,0,0.955,1,0.16539144575156736,0.08695652173913043
80816.35,26252.9,22,6,0,3,0.127,1,0.876,1,0.3248463955622841,0.0
57801.48,7349.31,27,24,2,20,0.407,0,1.0,1,0.12714743636322115,0.1
25176.9,13252.97,24,24,1,20,0.237,3,0.916,1,0.5263940358026603,0.05
91885.53,11627.42,39,4,1,10,0.42,0,0.971,1,0.12654244906678996,0.1
112636.43,46791.06,36,10,0,2,0.194,0,0.931,1,0.4154167528214451,0.0
86872.24,12299.92,62,21,0,22,0.586,1,1.0,1,0.14158631111618625,0.0
43752.47,29462.66,64,27,2,24,0.384,0,0.897,1,0.6733942106582782,0.08333333333333333
88022.7,11794.09,27,22,0,10,0.691,2,1.0,1,0.1339891868802025,0.0
95738.99,13412.26,67,14,2,5,0.722,1,0.934,1,0.14009193119751942,0.4
131086.13,15344.61,49,9,1,7,0.307,2,0.98,1,0.11705746443197308,0.14285714285714285
43822.08,41465.89,36,28,1,4,0.174,1,1.0,1,0.9462328123174436,0.25
58702.52,5269.67,40,27,2,15,0.328,1,0.8,1,0.08976905931806677,0.13333333333333333
90981.82,7653.71,42,27,3,13,0.195,1,0.935,0,0.08412350950992187,0.23076923076923078
66701.12,5076.51,29,9,2,9,0.062,0,0.877,1,0.07610831722165985,0.2222222222222222
39314.36,8877.28,63,13,0,16,0.21,0,0.971,0,0.22580248031508082,0.0
78332.66,10620.98,21,7,0,15,0.046,2,0.988,1,0.13558814420447357,0.0
84333.99,6302.58,24,29,1,1,0.137,3,0.907,1,0.0747335682801205,1.0
67624.52,11169.38,34,26,0,10,0.44,2,0.903,1,0.16516760488651155,0.0
71750.91,4858.88,28,5,1,21,0.536,1,0.954,1,0.0677187230099242,0.047619047619047616
57856.72,9287.59,24,7,1,20,0.518,1,0.851,1,0.16052742015102134,0.05
126420.39,39277.23,39,17,0,21,0.48,0,0.963,1,0.3106874610970588,0.0
43339.99,23399.25,39,12,1,23,0.47,1,0.883,1,0.539899755399113,0.043478260869565216
49903.59,20332.6,27,14,2,2,0.615,0,0.991,1,0.4074376212212388,1.0
65322.12,9379.87,60,11,0,7,0.143,0,0.848,1,0.14359408420914693,0.0
96536.06,6632.07,64,20,1,12,0.114,3,0.9,1,0.06870044209386628,0.08333333333333333
33134.31,8584.17,56,27,0,13,0.65,1,0.887,1,0.25907194083715646,0.0
36044.48,17501.48,46,28,3,19,0.076,2,0.919,1,0.4855522953861451,0.15789473684210525
25982.14,31648.37,67,14,0,18,0.447,1,1.0,0,1.2180817284488499,0.0
65963.41,32359.6,38,25,1,17,0.43,2,0.999,1,0.49056893814313113,0.058823529411764705
39297.06,27119.95,41,21,0,4,0.38,1,0.906,1,0.6901266914115204,0.0
54671.35,11144.65,21,6,0,17,0.249,0,0.906,1,0.20384808496589163,0.0
87532.26,18289.54,55,24,0,20,0.25,1,1.0,1,0.20894627877767583,0.0
48700.68,14606.97,25,10,1,19,0.223,2,0.859,0,0.29993359435638267,0.05263157894736842
72129.58,15793.5,53,19,1,14,0.771,0,0.942,1,0.2189600993101582,0.07142857142857142
56808.46,67660.66,59,22,1,3,0.212,1,0.898,1,1.191031406237733,0.3333333333333333
87956.18,5726.31,31,29,3,4,0.721,0,0.928,1,0.06510412343964916,0.75
80494.99,15453.44,50,29,2,18,0.78,1,0.997,1,0.19198014683895234,0.1111111111111111
47608.78,39567.52,35,24,1,21,0.435,2,0.893,1,0.8310971211612648,0.047619047619047616
60249.48,6941.67,40,15,1,20,0.177,0,1.0,0,0.11521543422449455,0.05
103966.82,11845.36,46,12,2,11,0.251,0,1.0,1,0.11393404164905688,0.18181818181818182
77587.54,12762.32,33,13,2,15,0.345,0,0.982,1,0.1644892981527704,0.13333333333333333
34665.83,15568.25,60,29,1,5,0.576,1,0.934,1,0.44909497334983756,0.2
87305.67,6378.93,40,6,1,15,0.518,0,1.0,1,0.07306432674991212,0.06666666666666667
39897.45,26504.32,43,16,3,5,0.058,1,0.862,0,0.6643111276535217,0.6
122733.85,27756.18,60,21,2,20,0.341,2,1.0,1,0.2261493467368619,0.1
103051.8,25048.54,32,0,0,19,0.289,1,0.887,0,0.24306746704084742,0.0
74057.05,10222.89,43,19,1,2,0.267,1,1.0,1,0.13804074021311946,0.5
69765.67,19041.18,69,8,2,23,0.69,2,0.89,1,0.2729305115252244,0.08695652173913043
59164.56,10031.55,40,8,2,20,0.445,2,0.986,1,0.1695533609985437,0.1
88210.24,14500.51,26,19,3,10,0.163,0,0.831,1,0.16438579013048824,0.3
55011.22,72975.66,34,0,0,11,0.558,1,0.925,0,1.3265595636671939,0.0
72268.89,19155.19,67,4,1,2,0.369,1,0.864,1,0.26505443767020637,0.5
96231.6,8318.48,58,14,0,23,0.694,3,0.839,1,0.08644229130555867,0.0
50479.85,20238.56,60,18,0,3,0.442,2,1.0,1,0.4009235368171657,0.0
49259.42,7476.05,33,3,2,23,0.438,2,0.854,1,0.15176894084420808,0.08695652173913043
37974.8,8256.62,62,11,0,16,0.205,1,0.889,1,0.2174236599007763,0.0
40260.65,9148.97,40,9,2,23,0.648,5,0.88,1,0.2272434747079344,0.08695652173913043
28548.64,13484.9,59,16,1,9,0.475,2,1.0,0,0.47234824496018024,0.1111111111111111
90270.46,33095.64,64,9,1,22,0.299,2,1.0,1,0.36662757672886565,0.045454545454545456
146701.34,26214.97,31,0,1,11,0.441,2,1.0,1,0.1786961864152025,0.09090909090909091
123443.71,25287.72,66,16,1,9,0.057,3,0.885,0,0.20485223588954027,0.1111111111111111
31269.69,8811.62,51,26,2,9,0.383,0,1.0,1,0.28179428705561205,0.2222222222222222
90068.62,12660.89,56,18,2,23,0.58,2,0.884,0,0.14056937921331536,0.08695652173913043
123264.83,21481.08,58,11,0,12,0.432,1,0.887,1,0.1742677128585664,0.0
52922.19,11964.74,29,14,1,12,0.442,2,0.891,0,0.22608172488704642,0.08333333333333333
68036.11,15020.76,57,4,2,16,0.468,4,0.894,1,0.22077629070797847,0.125
26333.33,23980.83,31,7,2,14,0.586,0,0.934,0,0.91066454565374,0.14285714285714285
73289.59,14348.85,34,13,2,13,0.506,3,0.881,1,0.19578292087593888,0.15384615384615385
40277.19,20849.09,26,18,4,10,0.48,2,0.956,1,0.5176401332863588,0.4
71109.65,50685.77,29,15,1,4,0.384,1,0.757,0,0.7127832860940815,0.25
32196.12,16097.49,68,29,0,24,0.275,0,0.956,0,0.49998229600336935,0.0
82986.13,38742.66,37,19,1,12,0.691,1,0.864,1,0.4668570518952987,0.08333333333333333
103070.99,25892.73,39,0,6,24,0.337,0,0.893,1,0.2512125865871668,0.25
45693.51,6935.58,44,16,2,12,0.245,2,0.895,0,0.15178479394557345,0.16666666666666666
38969.22,8793.24,55,18,0,15,0.29,0,1.0,1,0.2256457788993467,0.0
24635.21,10470.21,49,1,0,14,0.25,1,0.975,1,0.4250099755593721,0.0
57656.4,10326.66,47,11,1,24,0.394,1,0.928,1,0.17910691614460839,0.041666666666666664
50032.36,16974.01,62,27,2,3,0.192,1,0.89,1,0.33926063051992744,0.6666666666666666
32344.0,26839.92,45,11,4,13,0.351,0,0.995,1,0.8298268612416522,0.3076923076923077
79698.1,40699.86,58,14,1,4,0.693,2,1.0,1,0.5106754113335198,0.25
53085.33,21992.15,65,6,0,21,0.458,0,0.938,1,0.4142792368437759,0.0
40057.11,13472.9,54,2,1,13,0.367,1,0.828,1,0.3363422872993084,0.07692307692307693
50644.45,4650.22,22,9,1,23,0.108,1,0.891,1,0.09182092016005704,0.043478260869565216
105264.3,18845.14,33,23,1,7,0.449,2,0.979,1,0.17902688755826998,0.14285714285714285
85260.3,18304.05,51,30,0,4,0.034,2,0.909,1,0.21468432553017053,0.0
61305.87,20272.71,44,20,1,16,0.57,1,0.88,1,0.3306813849962491,0.0625
85882.88,70769.49,34,25,1,4,0.106,2,0.877,0,0.8240232511997735,0.25
38550.8,40316.45,37,20,0,9,0.098,3,0.946,1,1.0458006059537024,0.0
65953.76,29983.92,24,20,0,8,0.5,2,0.833,1,0.4546203279388469,0.0
69455.23,9631.33,32,13,3,6,0.383,1,0.938,1,0.1386696149447637,0.5
52612.87,12896.1,59,1,1,4,0.618,3,0.946,1,0.245113030328891,0.25
79070.79,16923.83,21,12,0,16,0.581,1,0.909,1,0.21403390556740362,0.0
45750.02,10873.81,62,26,1,19,0.087,1,0.867,1,0.2376788032005232,0.05263157894736842
81761.51,24920.07,37,16,1,10,0.393,1,1.0,1,0.30478974764531624,0.1
83322.92,22699.95,60,23,1,7,0.249,1,0.847,1,0.2724334432830727,0.14285714285714285
17490.63,8872.63,33,1,1,4,0.376,0,0.952,0,0.5072790402632723,0.25
111054.92,39185.34,61,6,2,17,0.309,1,0.991,1,0.3528465015327551,0.11764705882352941
16493.27,19237.73,49,9,0,20,0.407,1,0.951,1,1.1663987796234463,0.0
49262.6,5850.2,62,11,0,14,0.85,0,1.0,1,0.11875540470864307,0.0
103109.74,17409.2,24,30,0,11,0.439,5,0.861,1,0.16884146929281366,0.0
56351.47,21610.0,60,14,0,16,0.078,0,0.885,1,0.3834860031158016,0.0
33602.6,33875.32,34,20,0,22,0.131,3,0.908,1,1.008116038639867,0.0
39733.93,14454.59,38,19,4,24,0.146,5,1.0,1,0.3637845539064472,0.16666666666666666
103182.05,30831.34,23,12,4,5,0.406,2,0.976,0,0.2988052670013825,0.8
27377.19,20328.3,67,29,1,12,0.215,3,0.989,1,0.7425268992179256,0.08333333333333333
108032.63,7656.74,52,6,0,22,0.36,0,0.986,1,0.07087432750642098,0.0
63408.08,7174.36,69,1,1,16,0.547,4,0.946,1,0.11314583251850552,0.0625
38008.48,37338.9,48,23,0,20,0.244,2,1.0,1,0.9823834049664706,0.0
49998.12,39164.14,28,20,0,24,0.368,0,0.809,1,0.7833122525406955,0.0
41125.83,22203.78,37,8,0,3,0.144,1,0.959,1,0.539898647638236,0.0
95984.68,47588.02,42,26,2,15,0.142,1,0.97,1,0.4957876611142528,0.13333333333333333
90376.09,35772.1,28,5,1,13,0.117,2,1.0,1,0.39581376003321234,0.07692307692307693
29987.02,28070.82,66,7,2,7,0.631,0,0.859,1,0.9360990188421523,0.2857142857142857
54204.87,9954.45,67,4,1,16,0.412,0,0.864,1,0.1836449381762192,0.0625
44077.69,55467.68,48,5,3,3,0.56,4,0.869,0,1.25840714429454,1.0
116334.16,25507.38,49,22,3,12,0.639,0,0.977,1,0.21925958806940282,0.25
35404.63,14007.27,55,21,1,10,0.529,1,0.978,1,0.39563384788938627,0.1
133792.54,11658.04,54,19,0,10,0.708,0,0.874,1,0.08713520200752597,0.0
64033.39,21269.65,24,26,1,15,0.352,1,1.0,1,0.33216498454946713,0.06666666666666667
38533.07,6075.01,47,2,0,23,0.364,1,0.96,1,0.15765704627220203,0.0
47923.88,28365.1,59,19,4,23,0.328,0,0.949,0,0.5918782035177452,0.17391304347826086
45315.94,9684.73,60,3,1,17,0.391,0,0.925,1,0.2137157477037881,0.058823529411764705
36627.85,22902.98,50,29,0,8,0.252,1,1.0,0,0.6252886806077889,0.0
67833.72,12824.0,64,19,1,24,0.344,1,0.967,1,0.18905051941718662,0.041666666666666664
37405.78,15157.56,49,23,1,24,0.664,2,1.0,0,0.4052197280741105,0.041666666666666664
24366.82,11005.34,39,17,0,21,0.736,4,0.855,1,0.45165269821831494,0.0
54791.38,16209.1,42,11,0,21,0.186,5,0.832,1,0.2958330306701529,0.0
28878.63,61465.03,54,21,1,20,0.154,3,0.888,0,2.1283914784046196,0.05
46335.8,44285.64,64,25,1,19,0.808,1,0.979,1,0.9557542979726259,0.05263157894736842
43176.27,22664.12,32,5,1,18,0.361,1,0.91,1,0.5249207492912195,0.05555555555555555
43918.69,17706.48,35,27,1,16,0.117,1,1.0,1,0.4031650306509597,0.0625
159943.51,31158.98,52,22,0,16,0.485,0,0.912,1,0.1948124059550775,0.0
66671.16,37519.19,58,2,1,10,0.302,3,1.0,1,0.5627499206553478,0.1
72588.33,10495.95,40,29,1,22,0.171,2,0.882,0,0.14459555688910325,0.045454545454545456
29224.52,17116.39,52,5,0,16,0.411,1,1.0,1,0.5856859240117545,0.0
48429.24,5507.43,21,18,0,15,0.375,2,1.0,0,0.11372117340680962,0.0
71612.77,37352.06,35,4,2,18,0.423,2,0.9,0,0.5215837901536275,0.1111111111111111
40990.87,68898.71,67,6,1,2,0.29,1,0.974,0,1.680830633748442,0.5
97808.9,18961.78,49,19,3,23,0.657,4,0.959,1,0.19386558891879982,0.13043478260869565
37832.7,4522.73,63,21,2,14,0.564,0,0.976,1,0.11954552543170326,0.14285714285714285
57141.03,26739.73,31,21,0,23,0.421,3,1.0,0,0.467960238028611,0.0
49932.1,10001.29,35,10,3,3,0.43,2,1.0,1,0.2002978044184002,1.0
69988.54,11695.39,68,25,2,6,0.426,2,0.976,1,0.16710435737050666,0.3333333333333333
48723.76,27048.9,69,1,1,23,0.457,0,0.986,0,0.5551480427618887,0.043478260869565216
57540.28,21238.85,63,26,1,17,0.33,0,0.851,1,0.3691127328542718,0.058823529411764705
58447.49,13106.41,36,9,1,16,0.514,0,0.937,1,0.22424247816287748,0.0625
46707.87,11800.34,60,19,2,10,0.505,1,0.863,1,0.25264136429256995,0.2
80856.79,19534.17,43,28,0,14,0.259,1,0.939,1,0.2415897291989949,0.0
72360.61,13793.8,62,7,1,14,0.576,1,1.0,1,0.1906258114739497,0.07142857142857142
62459.04,8752.75,62,12,1,5,0.304,0,0.94,1,0.14013583942372473,0.2
53553.49,14500.83,42,25,1,14,0.188,2,0.765,1,0.2707728291844285,0.07142857142857142
93021.63,22445.88,35,26,1,13,0.744,0,0.867,1,0.2412974272757852,0.07692307692307693
58455.27,16032.29,68,7,0,8,0.325,5,0.981,1,0.274265947279005,0.0
56620.63,7182.1,43,15,1,9,0.476,2,0.902,1,0.12684599235296395,0.1111111111111111
68135.46,34235.52,42,10,2,19,0.63,1,0.995,1,0.502462594367162,0.10526315789473684
139470.24,3034.8,53,16,0,17,0.264,5,0.855,1,0.021759480732233633,0.0
35560.2,13466.89,66,11,1,12,0.305,1,0.967,1,0.37870681267259465,0.08333333333333333
91911.2,12028.07,27,0,0,15,0.448,5,0.97,1,0.13086620564196746,0.0
27728.49,19819.93,69,28,1,6,0.436,1,0.995,1,0.7147857672740203,0.16666666666666666
71676.3,25931.33,41,19,0,12,0.222,2,0.894,0,0.3617838811434184,0.0
132049.19,37441.09,22,14,1,14,0.415,2,0.995,1,0.28353895998907674,0.07142857142857142
80986.96,11328.35,36,3,0,7,0.631,1,1.0,1,0.13987869158195343,0.0
70187.38,26354.8,43,2,2,5,0.463,2,0.781,0,0.37549200440307073,0.4
50510.69,20443.27,54,14,0,13,0.358,2,0.944,1,0.40473155286534396,0.0
65914.5,5917.25,48,20,1,23,0.19,3,0.814,1,0.08977159805505618,0.043478260869565216
58029.94,61912.55,27,8,1,12,0.649,1,0.88,0,1.0669070138621546,0.08333333333333333
45636.04,7065.11,44,23,2,22,0.606,1,0.885,1,0.15481426521670152,0.09090909090909091
57050.87,23642.48,32,12,0,21,0.82,1,0.935,0,0.4144105076749925,0.0
71069.54,23192.89,34,0,0,18,0.535,4,0.966,1,0.3263407924126145,0.0
46022.92,21531.9,55,16,0,22,0.331,1,1.0,1,0.4678516704285604,0.0
45220.95,13051.42,60,5,2,10,0.293,1,0.958,0,0.2886144585640063,0.2
35243.38,30817.6,28,0,0,19,0.053,0,0.987,0,0.874422373790482,0.0
77495.01,6528.21,50,4,2,4,0.296,1,0.865,1,0.08424039173619051,0.5
83078.23,17246.05,41,8,2,8,0.634,0,1.0,1,0.20758807692460468,0.25
72141.86,12476.58,37,15,1,14,0.302,1,0.709,1,0.17294508347857956,0.07142857142857142
100355.01,11589.83,55,30,0,1,0.531,0,1.0,1,0.11548830496853123,0.0
67621.62,23785.06,33,6,1,19,0.335,6,1.0,0,0.35173750643655094,0.05263157894736842
77539.87,36260.64,58,1,2,23,0.612,0,0.993,1,0.4676386483495523,0.08695652173913043
74523.47,14400.39,40,5,1,3,0.262,4,1.0,1,0.19323295063957702,0.3333333333333333
62376.85,29898.68,25,9,0,24,0.618,0,0.814,1,0.4793233387065875,0.0
51188.63,18591.48,59,6,1,3,0.545,1,0.995,1,0.36319549868789225,0.3333333333333333
176047.87,10075.39,62,9,1,4,0.28,4,0.949,1,0.057230967917987305,0.25
53038.04,15221.41,48,30,2,19,0.259,2,0.957,1,0.28699043177311984,0.10526315789473684
48170.28,14815.97,56,11,2,17,0.546,2,0.859,1,0.30757491963924644,0.11764705882352941
79019.27,11444.88,28,19,1,23,0.701,1,0.968,1,0.1448365696114378,0.043478260869565216
72800.42,23780.97,37,21,0,11,0.305,1,0.964,1,0.3266597912484571,0.0
34543.9,20965.78,38,4,1,14,0.555,1,0.892,1,0.6069314698108783,0.07142857142857142
107726.16,6400.97,58,7,2,4,0.472,1,0.935,1,0.05941890066442543,0.5
62302.39,6152.63,38,12,0,17,0.276,2,0.848,1,0.09875431745074306,0.0
39427.69,23722.33,56,14,0,24,0.875,0,0.912,1,0.6016667474051866,0.0
110978.9,10595.57,36,0,0,15,0.405,0,1.0,1,0.0954737341963202,0.0
86137.19,21904.64,50,19,1,23,0.695,0,1.0,1,0.2542994495176822,0.043478260869565216
36794.32,29903.55,31,9,2,10,0.658,2,0.994,1,0.8127219092512105,0.2
144621.44,7879.41,48,9,0,24,0.695,2,1.0,1,0.05448300058414575,0.0
87430.67,7191.3,24,18,0,13,0.642,1,1.0,1,0.08225145706878376,0.0
64702.45,53450.31,57,29,2,4,0.112,0,0.895,1,0.8260940659897732,0.5
132951.68,22621.32,22,26,2,9,0.272,0,0.964,1,0.170146928568334,0.2222222222222222
69830.53,13706.43,69,30,1,12,0.135,2,1.0,1,0.19628133998123745,0.08333333333333333
64183.74,9809.1,62,12,1,2,0.373,2,0.843,1,0.1528284266388964,0.5
48291.34,12917.53,49,3,0,22,0.364,3,0.843,1,0.26749164550000065,0.0
84455.09,8302.03,65,6,0,6,0.675,2,0.839,1,0.09830112074950131,0.0
80548.43,31963.34,60,10,2,17,0.524,4,0.815,0,0.3968213905596919,0.11764705882352941
65430.82,10864.31,27,9,1,23,0.69,2,0.866,1,0.16604269975525296,0.043478260869565216
45553.77,36641.05,57,6,0,11,0.264,1,0.903,1,0.8043472581961933,0.0
68913.75,13873.26,39,4,1,15,0.359,2,1.0,1,0.2013133808565054,0.06666666666666667
62990.12,9135.74,62,5,2,13,0.18,3,0.909,1,0.1450344911233698,0.15384615384615385
35670.49,13643.67,63,20,4,19,0.159,0,0.834,1,0.3824918020470142,0.21052631578947367
33517.63,3269.59,67,15,0,1,0.417,2,0.952,1,0.09754836484560514,0.0
83822.9,16641.04,43,1,1,9,0.641,3,0.927,1,0.19852617840709402,0.1111111111111111
20156.72,16115.71,30,17,2,15,0.456,4,0.885,1,0.7995204576935135,0.13333333333333333
71294.7,30767.36,27,26,0,3,0.325,0,0.899,1,0.43155185448567707,0.0
52417.99,5281.83,29,13,2,21,0.412,1,1.0,1,0.10076368819178301,0.09523809523809523
117108.19,38305.17,69,9,0,16,0.419,1,0.841,1,0.3270921529911785,0.0
52056.34,30684.61,49,8,3,1,0.286,3,0.823,1,0.589450007434253,3.0
87457.69,40617.54,38,11,3,1,0.24,1,0.973,1,0.46442502654712237,3.0
54368.02,17393.61,43,8,1,4,0.071,2,0.897,1,0.31992355064613354,0.25
68413.76,34792.6,29,28,2,16,0.206,1,1.0,1,0.508561435594243,0.125
90555.57,6917.56,48,30,3,13,0.607,1,0.929,1,0.07639022094389114,0.23076923076923078
52785.54,28612.76,41,10,1,12,0.213,1,0.933,1,0.5420567829750345,0.08333333333333333
101782.38,10903.85,60,28,2,14,0.379,1,0.995,1,0.10712905318189651,0.14285714285714285
41563.54,6153.13,22,26,2,12,0.196,1,0.823,1,0.14804152870520654,0.16666666666666666
74214.09,8668.37,66,2,1,9,0.193,1,0.964,1,0.11680221370362422,0.1111111111111111
98452.59,18064.83,23,15,2,1,0.535,1,0.914,1,0.18348760555715196,2.0
87479.47,10533.68,41,20,1,1,0.159,2,1.0,1,0.12041316665498773,1.0
153974.57,22984.49,37,13,0,17,0.278,1,0.895,1,0.1492745847577298,0.0
46101.23,5556.77,56,14,1,18,0.153,1,0.952,1,0.12053409420963389,0.05555555555555555
34944.82,4516.59,53,15,2,6,0.408,1,0.915,1,0.12924919916599942,0.3333333333333333
41551.62,43922.36,30,21,2,6,0.339,3,0.969,1,1.0570552965203281,0.3333333333333333
87495.42,32389.74,45,9,2,10,0.544,1,0.922,1,0.37018783383175946,0.2
81324.93,9100.5,47,18,0,16,0.551,1,0.958,1,0.11190295521926673,0.0
68060.89,17964.94,43,7,1,15,0.719,0,1.0,0,0.26395393889207147,0.06666666666666667
39214.89,34919.71,22,27,2,14,0.298,1,0.92,1,0.8904706860072794,0.14285714285714285
91787.63,23637.92,29,2,2,1,0.462,1,0.968,1,0.25752838372665243,2.0
37459.87,19820.5,45,2,2,11,0.212,0,1.0,0,0.5291128880052173,0.18181818181818182
109498.91,36679.64,33,1,2,19,0.33,0,0.967,1,0.33497721575493306,0.10526315789473684
235152.58,11194.34,47,10,2,15,0.214,0,0.77,0,0.04760458082152448,0.13333333333333333
76653.12,18368.51,29,18,1,20,0.405,1,0.893,1,0.2396316027318914,0.05
84502.91,17792.38,57,30,0,17,0.742,0,0.856,1,0.21055345904655828,0.0
52070.59,15075.58,30,14,0,22,0.459,0,1.0,1,0.2895219739204031,0.0
28783.18,13971.2,52,5,1,14,0.508,3,0.933,0,0.4853945950377964,0.07142857142857142
49558.98,18873.07,61,11,0,14,0.074,2,1.0,1,0.3808203881516528,0.0
39748.99,18407.1,38,3,1,14,0.61,1,0.983,1,0.46308346451067056,0.07142857142857142
33893.91,9105.64,27,14,0,7,0.181,0,0.983,1,0.2686512119728883,0.0
141097.23,30311.86,21,22,0,11,0.735,2,0.854,1,0.21482958949654787,0.0
73491.92,9542.17,38,1,3,5,0.306,1,0.975,1,0.12983971571296546,0.6
77111.06,15619.5,26,24,2,11,0.418,3,1.0,1,0.20255849160937484,0.18181818181818182
56561.42,14856.53,64,7,0,4,0.48,1,0.839,1,0.26266189922388794,0.0
60135.2,22717.58,68,20,1,12,0.619,1,0.918,1,0.3777750801527226,0.08333333333333333
100327.02,4540.12,69,25,0,23,0.642,1,0.965,1,0.04525321294303369,0.0
64060.99,32119.49,66,24,2,11,0.311,1,0.947,1,0.5013892229889049,0.18181818181818182
82533.11,11592.15,49,20,0,18,0.375,0,1.0,1,0.1404545400021882,0.0
59512.44,39779.35,36,21,3,11,0.331,4,0.991,0,0.6684207537113248,0.2727272727272727
55724.42,13191.39,42,5,1,22,0.206,4,0.968,1,0.2367254787039506,0.045454545454545456
34510.92,17437.51,33,4,3,6,0.67,3,0.997,1,0.5052751418971154,0.5
26692.97,62447.9,62,11,2,21,0.82,0,0.994,0,2.3394886368957817,0.09523809523809523
57782.41,15030.81,42,18,0,18,0.592,1,0.943,1,0.26012777937091924,0.0
66673.71,40270.7,39,19,2,22,0.544,0,0.915,1,0.6039966877499391,0.09090909090909091
36438.6,18462.67,54,24,1,4,0.134,2,1.0,1,0.5066789064343855,0.25
63999.39,23579.88,39,9,0,22,0.155,2,0.888,0,0.36843913668552153,0.0
66591.43,18837.41,38,26,0,22,0.464,2,0.935,1,0.2828803946694042,0.0
24635.38,31233.0,32,13,0,8,0.677,1,0.859,0,1.2678107664667644,0.0
43059.43,11527.97,24,7,0,15,0.224,1,0.991,1,0.2677223084467212,0.0
78073.92,9494.76,22,22,1,15,0.778,2,1.0,1,0.12161244113271116,0.06666666666666667
77367.26,11885.24,40,3,0,2,0.177,2,0.875,0,0.15362105366016582,0.0
38676.55,19205.25,69,12,1,13,0.251,3,0.929,1,0.4965605774041376,0.07692307692307693
69803.83,15593.27,33,24,1,16,0.583,1,0.906,0,0.22338702618466638,0.0625
102973.38,28561.24,52,23,0,5,0.288,1,1.0,1,0.277365276346178,0.0
92210.14,42032.68,36,7,1,9,0.095,2,1.0,1,0.4558357681703986,0.1111111111111111
62271.8,9545.57,35,5,0,15,0.703,1,0.906,1,0.15328880809612055,0.0
52656.93,11170.82,28,0,0,23,0.038,1,0.724,1,0.21214339689002,0.0
48968.75,7076.76,48,2,1,2,0.541,2,1.0,1,0.14451583918315253,0.5
80230.69,67364.23,53,25,1,23,0.461,0,0.943,1,0.8396316920619777,0.043478260869565216
70964.81,21942.09,38,24,0,20,0.673,2,0.943,1,0.3091967694974453,0.0
86281.83,24587.62,46,15,1,21,0.755,2,1.0,1,0.28496868923619256,0.047619047619047616
68974.06,7532.57,44,17,0,2,0.423,2,0.915,0,0.10920873731370895,0.0
93956.42,17986.32,34,10,1,14,0.776,2,0.896,1,0.1914325811903008,0.07142857142857142
67826.56,25062.76,54,5,1,9,0.29,0,0.915,0,0.3695124741694109,0.1111111111111111
92526.69,15272.89,48,0,2,23,0.35,1,0.974,1,0.1650646964675814,0.08695652173913043
96183.47,36218.88,24,20,0,18,0.556,5,1.0,1,0.37656033827850044,0.0
45256.68,80887.72,45,1,2,16,0.316,4,1.0,1,1.78731007223685,0.125
28810.0,9725.79,40,3,1,1,0.442,0,0.968,0,0.3375838250607428,1.0
130185.33,9262.88,60,24,1,22,0.434,1,0.93,1,0.07115148842039268,0.045454545454545456
72957.98,10173.95,36,18,1,12,0.366,2,1.0,1,0.13944944747647894,0.08333333333333333
30050.18,51131.52,67,15,1,4,0.474,1,0.872,0,1.701537894282164,0.25
47142.2,35442.18,51,6,4,21,0.702,0,1.0,0,0.7518142980174876,0.19047619047619047
91994.68,16482.16,27,4,1,22,0.198,0,0.955,1,0.17916427341233213,0.045454545454545456
57313.3,18432.87,40,14,2,12,0.474,0,0.924,1,0.3216159250994097,0.16666666666666666
51622.6,10586.91,64,11,2,16,0.293,1,0.872,1,0.20508285130931025,0.125
122093.13,32101.07,33,16,2,15,0.648,2,0.984,1,0.2629228196541443,0.13333333333333333
40573.21,14061.43,55,5,3,8,0.488,2,0.92,1,0.3465693249314018,0.375
45386.66,15200.4,59,7,2,18,0.749,2,0.933,1,0.33490897986324614,0.1111111111111111
71486.68,26737.98,54,3,3,24,0.244,3,0.823,1,0.3740274411960382,0.125
77485.59,15929.54,25,13,2,23,0.141,1,0.91,1,0.20558067635543592,0.08695652173913043
81267.13,15450.54,39,8,1,17,0.2,3,0.9,1,0.19012040907560043,0.058823529411764705
97948.75,18124.16,38,6,0,9,0.851,0,0.969,1,0.1850371750532804,0.0
71075.85,30185.23,37,17,3,22,0.439,2,0.921,1,0.424690383583172,0.13636363636363635
81013.03,52488.4,64,15,1,23,0.419,1,0.755,1,0.6479007142431286,0.043478260869565216
57843.62,26336.03,21,6,1,1,0.317,0,0.911,1,0.45529705782591057,1.0
66860.04,30341.79,47,21,1,9,0.631,3,0.838,1,0.4538105271848477,0.1111111111111111
68222.72,15807.22,69,10,2,14,0.213,1,0.867,1,0.2317002312426124,0.14285714285714285
71606.18,11362.33,63,10,1,14,0.372,3,1.0,1,0.15867806382074845,0.07142857142857142
92022.23,27535.13,50,14,2,18,0.469,2,0.822,1,0.2992225900198246,0.1111111111111111
83446.26,20119.27,69,4,2,13,0.612,4,0.961,1,0.24110451445037803,0.15384615384615385
66306.3,7139.65,40,13,2,1,0.454,2,0.904,0,0.1076767969257823,2.0
45163.11,14543.24,50,18,1,4,0.688,4,0.891,1,0.3220159107731952,0.25
67009.83,17055.77,47,3,2,19,0.188,3,0.871,1,0.2545263881433515,0.10526315789473684
64185.62,12917.39,23,17,3,17,0.295,1,0.962,1,0.20125052932416948,0.17647058823529413
70903.44,47157.82,22,1,0,16,0.647,3,0.97,1,0.6650991827758992,0.0
175444.66,24588.21,64,18,1,11,0.378,2,0.819,1,0.14014795320644127,0.09090909090909091
51351.26,43944.85,29,1,1,7,0.603,0,1.0,0,0.8557696539481212,0.14285714285714285
78603.59,21361.67,38,5,1,8,0.371,2,0.857,1,0.27176455935409566,0.125
105129.74,18977.88,51,10,1,17,0.452,5,0.967,1,0.18051866198851058,0.058823529411764705
67930.7,9792.17,49,19,1,13,0.13,1,0.857,1,0.14414940520265507,0.07692307692307693
186124.83,18140.12,46,22,1,4,0.568,0,0.908,0,0.09746211722530519,0.25
54831.76,18153.38,68,14,1,10,0.461,1,0.85,0,0.33107418036554,0.1
75205.73,7401.98,59,4,2,20,0.146,2,0.903,1,0.09842308558137791,0.1
45373.34,12675.6,67,12,0,15,0.369,1,0.926,1,0.2793622863117417,0.0
55489.91,14588.57,53,24,1,21,0.24,0,0.86,1,0.26290491370413105,0.047619047619047616
72704.81,23550.18,68,2,1,13,0.788,1,0.962,1,0.32391502020292745,0.07692307692307693
95128.07,24294.48,50,22,3,12,0.297,3,0.971,1,0.25538707975469277,0.25
75036.9,12335.91,47,11,3,23,0.095,1,1.0,0,0.1643979162252172,0.13043478260869565
114547.43,24413.52,60,0,3,13,0.638,1,1.0,0,0.2131302291112075,0.23076923076923078
62280.78,15990.91,63,21,1,4,0.557,0,1.0,1,0.2567551337667897,0.25
55975.35,2787.43,24,0,1,10,0.324,0,0.816,1,0.04979745548710281,0.1
219462.32,13135.46,65,11,1,16,0.387,0,0.803,1,0.05985291689252168,0.0625
77617.6,36296.25,54,6,0,9,0.476,0,0.919,1,0.46762912019954234,0.0
47022.23,6032.72,64,18,0,10,0.502,0,1.0,1,0.12829506384533443,0.0
47558.88,19367.98,56,1,0,21,0.334,3,1.0,1,0.4072421385869474,0.0
42528.79,50440.35,66,2,2,11,0.46,0,0.892,1,1.1860283351583716,0.18181818181818182
99071.67,10978.88,34,16,2,8,0.574,1,0.899,1,0.11081755258592087,0.25
55169.9,18025.16,30,30,1,3,0.12,2,0.978,1,0.32672091122151753,0.3333333333333333
68834.18,7711.87,30,1,0,10,0.174,4,0.926,1,0.1120354742367818,0.0
63168.66,51835.33,33,14,2,19,0.264,1,0.928,1,0.8205861894173472,0.10526315789473684
90338.06,17050.94,31,24,1,8,0.182,2,0.984,0,0.18874591728004786,0.125
44405.02,18553.89,42,9,1,12,0.794,2,1.0,1,0.41783316390804465,0.08333333333333333
40060.06,43409.01,30,15,1,16,0.163,0,1.0,0,1.0835982272617666,0.0625
71903.22,27669.56,28,25,1,23,0.588,1,1.0,1,0.3848167022283564,0.043478260869565216
85184.45,10188.03,46,22,0,20,0.132,0,0.811,1,0.11959964524041654,0.0
75492.01,11818.2,59,9,1,7,0.24,1,1.0,1,0.15654901757152845,0.14285714285714285
45156.45,24830.61,27,23,2,4,0.537,1,0.874,1,0.5498795853084112,0.5
88169.0,11997.44,46,20,2,17,0.659,0,1.0,1,0.13607322301489186,0.11764705882352941
46509.19,4545.62,53,15,2,7,0.155,3,1.0,1,0.09773595282996758,0.2857142857142857
51402.91,17387.74,55,13,0,10,0.51,3,0.982,1,0.33826372864882553,0.0
42504.42,6877.35,26,28,0,3,0.086,1,0.888,1,0.16180317247006312,0.0
116735.25,51467.72,56,27,2,19,0.164,2,0.906,1,0.4408927037891297,0.10526315789473684
86437.96,20191.94,22,30,2,4,0.589,3,0.912,1,0.23360037650125012,0.5
85339.23,9994.23,32,20,3,10,0.774,0,0.993,1,0.11711179020480968,0.3
113935.49,11430.22,36,11,0,10,0.652,2,0.968,1,0.10032185757045499,0.0
230460.49,5271.23,62,3,0,2,0.639,3,1.0,1,0.022872597381008778,0.0
30121.39,8808.54,30,3,1,19,0.447,2,1.0,1,0.29243471167831236,0.05263157894736842
46624.11,34847.52,59,29,1,15,0.3,0,0.881,1,0.7474141597555427,0.06666666666666667
49259.81,76786.8,69,11,1,13,0.705,2,0.973,1,1.558812346210836,0.07692307692307693
44323.65,28862.11,68,3,1,5,0.464,1,0.972,1,0.6511672662337149,0.2
40023.82,16954.68,35,6,3,2,0.254,1,0.933,0,0.4236147374238641,1.5
56800.4,13593.59,25,0,4,2,0.139,0,1.0,0,0.23932208223885748,2.0
37596.67,9666.34,31,16,1,16,0.252,1,0.974,1,0.25710628095520166,0.0625
75577.33,68663.63,58,18,1,18,0.366,3,0.9,1,0.9085215103523768,0.05555555555555555
66529.9,15921.73,30,11,1,20,0.313,0,0.93,1,0.239316908638071,0.05
80709.01,71202.73,52,23,2,20,0.589,1,0.916,0,0.8822153809097646,0.1
81684.57,44529.84,39,14,0,10,0.164,2,0.889,1,0.5451438380590116,0.0
85262.98,5805.78,58,29,2,1,0.425,1,0.934,1,0.0680926235512763,2.0
54946.13,11675.62,50,23,1,6,0.067,2,0.849,1,0.2124921263790553,0.16666666666666666
168831.61,11652.17,49,2,1,19,0.254,0,0.973,1,0.06901651888529643,0.05263157894736842
72231.86,17089.63,59,8,1,19,0.716,2,1.0,0,0.2365940735847035,0.05263157894736842
28114.04,17307.98,67,23,2,13,0.227,1,0.944,1,0.615634750466315,0.15384615384615385
41401.54,126207.47,38,16,1,1,0.528,3,1.0,1,3.0483762198217748,1.0
29700.41,8936.76,46,23,3,19,0.122,2,0.951,1,0.3008968563060241,0.15789473684210525
65509.02,20888.57,51,10,3,20,0.251,1,0.868,1,0.3188655546976584,0.15
61533.08,26872.46,61,1,1,6,0.398,2,1.0,1,0.4367156657849729,0.16666666666666666
52646.29,17981.62,44,24,2,20,0.618,2,0.77,1,0.34155531187477783,0.1
160662.2,19336.4,39,24,1,16,0.451,0,0.941,1,0.12035438329613313,0.0625
83215.16,9127.08,62,19,2,22,0.435,4,0.886,1,0.10968049571736688,0.09090909090909091
90119.05,19290.02,67,12,1,16,0.181,1,1.0,1,0.21405041442403133,0.0625
42751.5,25097.82,48,0,2,3,0.378,3,0.955,0,0.5870629100733308,0.6666666666666666
41461.78,22271.6,26,22,1,16,0.402,0,1.0,0,0.5371597649690871,0.0625
66085.53,26075.66,35,20,0,3,0.349,1,0.943,1,0.394574424991371,0.0
70262.66,45085.78,43,20,2,7,0.66,1,0.887,0,0.6416748241526865,0.2857142857142857
28192.25,33095.59,55,5,4,21,0.191,0,0.82,0,1.1739251035302254,0.19047619047619047
59934.31,18853.78,53,22,3,24,0.137,1,1.0,1,0.31457407284742245,0.125
65412.91,8404.18,61,22,1,12,0.403,2,0.882,1,0.12847891952827048,0.08333333333333333
59001.93,12186.98,22,26,0,7,0.542,3,0.911,1,0.20655222634242643,0.0
45076.52,15605.31,43,17,1,10,0.454,0,1.0,1,0.34619597963640497,0.1
50988.31,21208.38,55,22,4,6,0.559,0,1.0,0,0.41594592956699294,0.6666666666666666
60027.37,13189.95,69,12,1,14,0.717,4,0.897,0,0.21973226546490376,0.07142857142857142
67710.91,9797.68,27,21,2,11,0.258,2,0.908,1,0.14469869035876198,0.18181818181818182
85331.48,8314.85,64,21,0,2,0.164,1,0.817,1,0.09744176475082819,0.0
105717.72,6154.02,21,24,1,15,0.614,3,0.796,1,0.05821181160547163,0.06666666666666667
56936.17,15450.69,30,26,1,16,0.31,3,0.993,1,0.27136862209031626,0.0625
52937.77,6924.66,62,0,4,17,0.375,3,1.0,1,0.13080755007247188,0.23529411764705882
79149.01,9393.61,59,24,3,23,0.484,0,0.965,1,0.11868259628263197,0.13043478260869565
85564.24,13934.05,68,24,0,17,0.475,1,0.953,1,0.16284898925064956,0.0
53463.39,7553.61,50,16,2,17,0.885,3,0.891,1,0.14128565360333492,0.11764705882352941
92764.53,23039.51,51,16,1,6,0.483,1,1.0,1,0.24836551211977248,0.16666666666666666
101008.1,29122.67,47,22,1,12,0.141,0,0.815,1,0.28832014462206496,0.08333333333333333
116238.74,12594.3,46,14,1,11,0.82,2,0.907,1,0.10834855918087205,0.09090909090909091
144695.52,13548.88,46,12,0,24,0.647,2,0.951,1,0.0936371768801135,0.0
44013.66,25526.09,35,24,1,12,0.431,1,0.94,1,0.5799583583823749,0.08333333333333333
65407.8,11316.65,62,24,1,17,0.533,0,0.94,1,0.17301682673931854,0.058823529411764705
65330.71,10822.15,38,6,2,13,0.286,1,0.904,1,0.16565180448827205,0.15384615384615385
62193.73,39177.23,50,25,0,2,0.548,3,0.978,1,0.6299225018341881,0.0
48531.79,31979.46,53,10,6,23,0.203,4,0.855,1,0.6589383989339771,0.2608695652173913
33310.89,26612.45,47,4,3,17,0.358,2,0.93,1,0.798911407050367,0.17647058823529413
67768.2,32852.92,50,27,1,6,0.271,3,0.97,1,0.4847837186172866,0.16666666666666666
45999.35,4978.56,23,7,2,2,0.448,0,0.917,0,0.10823109456981458,1.0
67564.61,43395.9,36,6,0,23,0.435,0,0.94,1,0.6422874342055701,0.0
45470.68,23224.6,42,8,1,8,0.123,4,0.955,0,0.5107599006656597,0.125
39628.2,34722.21,40,15,1,1,0.481,2,0.817,1,0.8761995245809803,1.0
72227.55,23150.74,65,5,2,15,0.135,2,0.823,1,0.32052506280498233,0.13333333333333333
69567.81,18581.62,64,4,1,1,0.543,1,0.949,1,0.26710083298583065,1.0
84357.54,15050.64,55,12,1,6,0.492,2,0.897,0,0.1784148755404674,0.16666666666666666
173820.99,22851.47,38,6,1,22,0.231,2,0.902,1,0.13146553819535836,0.045454545454545456
73638.47,14698.36,23,5,2,1,0.123,0,0.98,1,0.19960164843185907,2.0
80856.35,31642.19,58,28,1,19,0.519,0,0.871,0,0.39133834262862466,0.05263157894736842
40024.22,6418.44,64,18,3,15,0.594,0,0.771,0,0.1603638996587566,0.2
36425.86,12658.73,44,0,1,8,0.249,1,1.0,1,0.3475204154411179,0.125
132510.32,67999.94,61,3,3,7,0.024,2,1.0,1,0.5131671253982332,0.42857142857142855
42897.84,11982.17,66,25,1,12,0.482,1,1.0,1,0.27931872560483234,0.08333333333333333
40634.3,15413.25,47,8,3,13,0.187,1,0.862,1,0.3793162426816753,0.23076923076923078
63866.36,10142.09,31,4,1,22,0.093,0,0.935,1,0.15880175416291142,0.045454545454545456
62414.69,22391.28,22,20,0,7,0.28,4,0.851,1,0.358750159617872,0.0
43304.62,11154.02,58,25,0,15,0.324,1,0.936,1,0.25757113213324584,0.0
56664.58,15954.24,48,12,0,17,0.078,3,0.916,1,0.2815557796422386,0.0
113024.7,31253.61,28,23,0,1,0.651,2,0.865,1,0.276520176563176,0.0
45226.81,11429.25,23,13,1,22,0.366,1,0.975,1,0.2527096206873755,0.045454545454545456
34717.18,30053.2,68,3,1,24,0.248,2,0.922,1,0.8656578673728684,0.041666666666666664
99340.6,30717.14,36,24,4,3,0.417,1,1.0,0,0.30921033293537586,1.3333333333333333
81119.3,35733.66,37,28,2,7,0.488,0,0.946,1,0.4405074994483434,0.2857142857142857
49163.62,19721.78,51,30,1,19,0.068,4,0.762,1,0.40114580659438825,0.05263157894736842
31893.82,147996.73,38,3,0,20,0.261,0,0.813,0,4.6402948909851505,0.0
46493.23,35723.85,65,17,1,4,0.412,2,1.0,1,0.7683667062925075,0.25
63419.43,22232.21,54,19,1,23,0.442,1,0.915,1,0.3505583383515115,0.043478260869565216
109830.66,10186.07,38,2,0,8,0.26,2,0.957,1,0.09274341062868965,0.0
40769.14,16899.49,34,29,1,8,0.453,2,0.941,1,0.4145167153391021,0.125
62574.22,45489.63,63,3,1,9,0.658,2,1.0,1,0.7269707876502495,0.1111111111111111
88076.2,54683.9,49,8,0,17,0.549,1,0.807,1,0.6208703372761314,0.0
22260.57,47053.52,65,30,0,5,0.413,3,1.0,0,2.1137607886949885,0.0
103502.01,29986.48,37,17,1,14,0.384,1,1.0,1,0.289718818021022,0.07142857142857142
38178.96,7958.12,22,21,1,2,0.268,1,0.94,1,0.20844255579512905,0.5
75473.77,24705.53,65,15,2,4,0.691,1,0.969,1,0.32733928621824504,0.5
72631.21,8032.21,32,23,2,19,0.53,0,0.914,1,0.11058896031058824,0.10526315789473684
105895.33,6844.98,62,2,2,10,0.19,1,0.822,1,0.06463911109205665,0.2
83287.9,21027.37,55,20,0,20,0.489,3,0.981,1,0.25246608450927444,0.0
22300.44,25291.07,32,2,3,18,0.414,1,0.957,1,1.1341063225658328,0.16666666666666666
45660.64,32380.84,58,5,1,24,0.565,1,0.959,1,0.7091630778718827,0.041666666666666664
69170.85,24866.22,24,15,1,4,0.379,0,0.974,1,0.3594898718173913,0.25
59539.88,25429.32,40,13,2,23,0.144,2,0.898,1,0.427097266571582,0.08695652173913043
80584.97,9491.03,38,4,0,22,0.289,0,1.0,1,0.11777667721412567,0.0
92721.67,16812.74,53,24,1,11,0.388,2,0.941,1,0.1813248186750735,0.09090909090909091
85472.15,6758.13,47,9,1,4,0.321,1,0.978,1,0.0790682111073607,0.25
59025.15,4894.84,50,26,1,4,0.499,2,0.921,1,0.08292803999650997,0.25
28319.08,29130.61,44,0,1,13,0.308,2,1.0,1,1.0286566512753945,0.07692307692307693
52953.85,11032.45,57,7,1,1,0.407,2,0.947,1,0.20834084773817202,1.0
78394.43,31737.4,28,9,2,3,0.455,1,0.934,0,0.40484253792010483,0.6666666666666666
39792.8,36995.55,56,18,2,13,0.215,2,1.0,1,0.9297046199312439,0.15384615384615385
86354.5,12034.96,23,12,4,14,0.219,2,0.819,1,0.13936691197331927,0.2857142857142857
97823.44,26418.75,25,4,1,21,0.292,2,0.92,1,0.27006564070942507,0.047619047619047616
68818.83,11712.07,56,17,1,24,0.172,2,0.897,1,0.1701869967856181,0.041666666666666664
16373.86,5422.46,28,29,2,7,0.521,2,0.966,0,0.33116565061628717,0.2857142857142857
36570.7,19502.11,58,4,2,8,0.662,3,0.962,0,0.5332714440795501,0.25
151892.4,13254.06,27,7,2,5,0.217,0,0.939,1,0.08725953372255624,0.4
50827.89,13521.94,28,14,2,6,0.694,0,0.89,1,0.266033864478734,0.3333333333333333
26616.27,64997.24,66,22,2,11,0.573,1,0.938,1,2.4420115966662497,0.18181818181818182
113323.73,6676.31,29,4,2,24,0.425,4,0.963,1,0.058913609709105065,0.08333333333333333
65391.83,23086.27,65,7,3,22,0.229,1,0.928,0,0.35304517399191915,0.13636363636363635
106869.72,9428.59,38,7,3,22,0.384,0,1.0,1,0.088225083774899,0.13636363636363635
73627.51,32483.81,60,19,1,11,0.439,2,0.983,1,0.441191206927954,0.09090909090909091
79897.05,21853.3,67,2,3,16,0.193,0,0.941,1,0.2735182337770919,0.1875
76534.49,23033.41,26,20,0,18,0.51,3,0.776,1,0.3009546414956185,0.0
88966.24,9739.54,37,13,2,6,0.165,1,0.925,1,0.10947456023768118,0.3333333333333333
181132.89,10943.43,49,10,1,12,0.576,2,0.984,1,0.06041658143918534,0.08333333333333333
100618.9,32887.23,63,26,2,14,0.782,1,0.92,1,0.32684942888463303,0.14285714285714285
31920.06,56905.4,30,25,2,9,0.395,1,0.961,0,1.7827472755377025,0.2222222222222222
79470.43,24595.71,30,24,1,12,0.324,4,0.924,1,0.3094951166112981,0.08333333333333333
108641.52,10044.73,39,27,0,11,0.636,2,0.956,1,0.09245756134487072,0.0
111676.09,22436.34,31,7,1,2,0.668,0,1.0,1,0.20090549373639424,0.5
53646.44,87202.12,34,26,2,19,0.465,0,0.995,1,1.6254968642840044,0.10526315789473684
109794.7,19239.14,27,5,5,22,0.35,0,0.849,1,0.17522831247774254,0.22727272727272727
98678.92,46551.92,61,10,1,19,0.712,1,0.824,1,0.47175141357444933,0.05263157894736842
206855.42,11124.59,60,17,2,23,0.184,3,0.971,1,0.05377954321912377,0.08695652173913043
46380.84,17514.27,28,23,3,11,0.574,1,1.0,1,0.377618645975364,0.2727272727272727
51730.99,26925.91,47,17,2,2,0.532,2,0.824,0,0.5204986411433457,1.0
56635.37,23304.24,52,17,0,7,0.276,0,0.925,1,0.4114785513010686,0.0
52132.43,10937.74,51,11,2,21,0.26,3,1.0,1,0.2098068323306625,0.09523809523809523
43548.62,10635.37,69,18,0,4,0.139,0,0.921,1,0.24421830129175162,0.0
18749.8,34218.16,52,14,1,14,0.25,2,1.0,1,1.824987999871999,0.07142857142857142
53451.38,39051.44,54,14,3,1,0.218,2,0.882,1,0.7305974139489009,3.0
76753.45,48099.18,22,18,1,8,0.138,2,0.895,1,0.6266712440939137,0.125
52062.11,58144.23,24,18,4,3,0.427,1,0.891,1,1.1168243085038236,1.3333333333333333
155292.25,19646.01,51,10,1,3,0.348,4,0.85,1,0.1265099192007328,0.3333333333333333
65392.42,14703.6,65,4,2,4,0.674,1,0.822,1,0.22485174887242285,0.5
116204.36,43315.73,40,9,1,13,0.389,0,0.925,1,0.37275477443359273,0.07692307692307693
73114.48,28613.16,52,12,0,17,0.589,1,0.95,1,0.3913473774278365,0.0
94280.14,9504.6,31,4,2,7,0.423,0,0.89,1,0.10081232378314246,0.2857142857142857
73703.18,9193.61,43,5,1,20,0.6,1,0.907,1,0.12473830844205096,0.05
120342.32,24782.22,57,29,0,10,0.513,1,1.0,1,0.20593104736554854,0.0
66656.99,16040.92,53,8,0,18,0.284,2,1.0,1,0.24064873016318317,0.0
81259.0,17693.41,26,22,1,13,0.455,0,0.922,1,0.21774092715883778,0.07692307692307693
76649.04,36144.27,64,3,1,18,0.271,2,0.97,1,0.4715554167410316,0.05555555555555555
57091.7,29481.0,66,30,1,24,0.07,1,0.825,1,0.5163797890061077,0.041666666666666664
77993.8,42725.22,44,6,0,24,0.213,2,0.959,1,0.5478027740666566,0.0
177658.13,5128.81,37,12,2,15,0.398,3,0.936,1,0.02886898561861481,0.13333333333333333
57553.14,21222.89,47,24,1,24,0.677,2,0.914,1,0.3687529472762042,0.041666666666666664
78503.76,28273.34,60,6,2,17,0.363,0,0.942,1,0.36015268568027825,0.11764705882352941
114478.59,6673.14,43,17,1,7,0.616,2,0.931,1,0.05829159845522207,0.14285714285714285
108581.52,11759.83,22,24,2,23,0.419,1,0.848,1,0.10830415709781922,0.08695652173913043
65343.61,10423.43,24,0,0,4,0.414,0,1.0,1,0.15951720451318804,0.0
22239.33,18255.67,60,0,0,12,0.345,1,1.0,1,0.8208732007663898,0.0
82015.11,51856.32,59,24,4,4,0.558,2,0.913,1,0.6322776376206775,1.0
23941.75,67024.28,58,8,5,19,0.413,3,0.817,1,2.799472887320267,0.2631578947368421
125946.73,10602.45,27,28,2,22,0.189,0,0.768,1,0.08418201885829034,0.09090909090909091
70151.03,25346.33,29,28,1,20,0.817,1,1.0,0,0.3613108745516638,0.05
101925.34,25883.1,40,27,1,3,0.172,1,0.928,1,0.253941757761122,0.3333333333333333
43312.33,23157.73,32,30,2,7,0.234,4,0.993,0,0.5346683034600078,0.2857142857142857
32322.35,23329.26,39,25,0,9,0.467,2,0.874,1,0.7217686832795264,0.0
73092.57,21928.88,48,11,1,3,0.304,3,0.918,0,0.30001517254079313,0.3333333333333333
64024.49,53908.72,34,30,1,13,0.698,1,0.922,0,0.8420015528432948,0.07692307692307693
52101.51,36854.4,27,10,2,1,0.489,1,0.957,1,0.7073576178502312,2.0
67524.12,9036.5,40,18,3,15,0.371,1,0.946,1,0.13382625349282598,0.2
225818.92,30192.41,56,0,1,14,0.416,2,0.875,1,0.13370186165091924,0.07142857142857142
94625.19,32150.06,51,29,3,15,0.12,0,0.875,1,0.3397621711512548,0.2
104236.43,22089.46,36,18,0,22,0.853,1,0.934,1,0.21191688932554578,0.0
95026.79,37554.66,36,29,2,19,0.462,0,0.817,0,0.395200763910893,0.10526315789473684
126487.72,20340.62,49,10,2,7,0.151,3,0.882,1,0.1608110257659795,0.2857142857142857
59671.53,20505.14,29,9,0,14,0.576,3,0.929,1,0.3436335552314479,0.0
25783.76,19475.91,61,16,0,20,0.354,0,0.968,1,0.7553556967641648,0.0
59711.43,4847.74,63,26,3,21,0.262,2,1.0,0,0.08118613136546889,0.14285714285714285
93659.73,17083.5,22,17,2,16,0.156,0,0.907,1,0.18239962895472794,0.125
42012.92,11658.19,68,24,2,3,0.088,1,0.943,1,0.2774905909896289,0.6666666666666666
60040.7,8324.31,22,6,1,11,0.195,1,0.809,1,0.1386444528461527,0.09090909090909091
47612.29,45717.61,43,24,1,21,0.278,4,0.963,1,0.9602060728437972,0.047619047619047616
127778.77,24980.78,53,22,1,2,0.248,1,0.876,1,0.19550023841988773,0.5
91071.32,17654.34,37,27,1,15,0.334,1,0.918,1,0.193851807572351,0.06666666666666667
87145.62,12469.05,30,1,0,13,0.571,3,0.973,1,0.14308292258406102,0.0
85979.41,21821.2,23,11,1,6,0.203,2,0.976,1,0.2537956471206304,0.16666666666666666
63919.54,34288.34,56,2,0,9,0.43,1,0.838,1,0.5364297052200312,0.0
71043.16,10515.43,22,12,0,24,0.13,1,0.996,1,0.14801467164467347,0.0
38132.01,17943.6,44,23,0,15,0.441,2,0.937,1,0.4705652809804675,0.0
24300.29,31646.1,40,19,2,23,0.353,0,1.0,1,1.3022931002057998,0.08695652173913043
69541.51,5113.94,68,23,1,12,0.168,1,1.0,1,0.07353794877332977,0.08333333333333333
75202.38,17338.88,66,22,1,21,0.259,0,1.0,1,0.2305629156949554,0.047619047619047616
112006.44,13617.18,61,30,1,15,0.648,2,0.84,1,0.12157497372472512,0.06666666666666667
131826.73,16500.36,56,27,1,22,0.612,2,0.968,1,0.1251670279616281,0.045454545454545456
131747.42,12991.73,47,18,3,8,0.374,2,0.83,0,0.09861088740864905,0.375
41482.71,19684.43,38,27,2,10,0.186,2,1.0,1,0.47452131261433983,0.2
55471.42,62848.65,29,1,2,1,0.588,2,1.0,1,1.1329915477195285,2.0
80683.79,14582.5,68,22,1,6,0.397,2,1.0,1,0.1807364279739462,0.16666666666666666
203109.32,21758.05,39,16,1,4,0.649,0,0.91,1,0.10712482322327699,0.25
126523.99,65822.18,42,29,0,5,0.393,0,0.978,1,0.520234779190887,0.0
107567.22,12589.48,27,15,2,8,0.123,1,0.901,1,0.11703825756582721,0.25
54591.75,58551.74,34,5,6,21,0.358,4,0.941,1,1.0725382498271259,0.2857142857142857
43682.49,18062.39,52,22,1,10,0.254,1,0.934,0,0.413492683223873,0.1
92702.53,57317.4,41,29,0,20,0.49,1,0.8,0,0.6182938049263597,0.0
39610.32,29312.16,49,0,1,20,0.064,0,0.883,1,0.7400132086789504,0.05
58386.86,21976.91,31,1,2,24,0.63,3,1.0,1,0.37640164242434,0.08333333333333333
61727.97,17248.27,25,20,1,13,0.463,2,0.934,1,0.2794238981129624,0.07692307692307693
133112.91,11998.06,64,17,1,21,0.392,2,0.951,1,0.09013445803265813,0.047619047619047616
55410.74,18908.97,42,17,0,11,0.023,3,0.939,1,0.3412509921361816,0.0
21687.26,32254.47,38,2,2,16,0.601,5,0.911,1,1.4872542681740342,0.125
81563.95,17847.25,35,17,1,20,0.352,2,0.943,1,0.21881296822922383,0.05
47457.16,14651.85,53,17,1,4,0.356,1,0.912,1,0.30873844958273944,0.25
66259.0,15292.51,48,26,2,2,0.438,3,0.78,1,0.23079898579815572,1.0
62512.73,34311.53,40,12,0,4,0.291,1,0.995,1,0.5488726856113946,0.0
57467.55,39913.98,66,10,1,18,0.443,0,1.0,1,0.69454814064633,0.05555555555555555
92762.32,11666.53,65,2,0,12,0.574,2,0.859,1,0.12576798424187752,0.0
32609.32,11655.63,30,17,1,7,0.264,1,0.911,1,0.3574324763595193,0.14285714285714285
51507.68,23033.62,52,20,0,19,0.518,2,1.0,1,0.4471880698179378,0.0
88429.39,48582.7,68,8,4,1,0.814,1,0.886,1,0.5493953989731242,4.0
49306.16,37911.92,44,22,1,5,0.53,3,0.967,1,0.7689083879174529,0.2
31513.76,7977.84,22,29,1,12,0.389,3,1.0,1,0.2531541777306167,0.08333333333333333
87815.43,15160.94,27,5,0,22,0.701,3,0.984,1,0.1726455134365339,0.0
107746.35,9830.4,53,17,0,18,0.465,1,0.945,1,0.09123650128287407,0.0
63697.12,15127.11,65,21,1,17,0.459,2,1.0,1,0.23748499147214192,0.058823529411764705
26896.78,51072.09,27,0,3,18,0.327,3,0.994,0,1.8988179997754377,0.16666666666666666
89306.44,7139.78,47,5,0,8,0.261,2,0.894,1,0.07994697806787505,0.0
30797.63,6284.64,45,12,2,11,0.33,2,0.818,1,0.20406245545517626,0.18181818181818182
74690.05,10504.58,34,4,1,22,0.694,0,0.982,1,0.14064229438860998,0.045454545454545456
43598.75,21695.91,51,11,1,18,0.369,0,0.992,1,0.4976268815046303,0.05555555555555555
38569.41,26946.74,64,4,0,15,0.427,1,0.919,1,0.6986557481693394,0.0
53278.23,23919.96,32,27,1,2,0.329,0,1.0,0,0.4489631130763916,0.5
59853.71,38650.79,23,18,1,18,0.494,2,1.0,1,0.6457542899178681,0.05555555555555555
48642.3,5722.27,38,10,2,9,0.637,2,0.994,1,0.11763979088159894,0.2222222222222222
84715.94,38969.94,36,24,1,10,0.414,0,0.92,0,0.460007172203956,0.1
53178.6,14695.04,56,0,1,17,0.235,1,0.794,1,0.2763337131853791,0.058823529411764705
101035.62,28957.9,47,18,1,10,0.69,1,0.928,1,0.28661080122040133,0.1
73767.27,7615.19,21,21,1,14,0.154,1,0.811,1,0.10323263962459231,0.07142857142857142
47488.45,18058.09,37,25,0,1,0.354,0,0.775,1,0.380262779686429,0.0
44023.09,20987.94,57,6,1,5,0.776,4,0.985,1,0.4767484517783736,0.2
30969.84,38153.21,44,18,2,13,0.217,0,1.0,0,1.2319472751554414,0.15384615384615385
74085.31,6423.46,48,23,3,23,0.391,2,0.803,1,0.08670355837074854,0.13043478260869565
55413.48,18363.42,33,24,2,19,0.363,2,0.922,1,0.3313890410780914,0.10526315789473684
22351.63,8890.37,36,5,0,11,0.353,2,0.939,1,0.3977504101490585,0.0
51076.04,25001.71,27,30,0,24,0.116,0,0.92,1,0.4894997732792127,0.0
43333.32,29831.43,24,8,1,7,0.098,1,0.844,0,0.6884178272054853,0.14285714285714285
132084.54,41555.61,22,12,2,22,0.417,4,1.0,0,0.31461373147833954,0.09090909090909091
30208.91,12712.71,51,5,0,10,0.387,2,0.845,0,0.42082650449817616,0.0
33980.25,32886.72,28,4,2,3,0.365,1,0.804,1,0.9678186593683096,0.6666666666666666
107111.85,43595.67,49,7,0,1,0.17,3,0.844,0,0.40701070889915536,0.0
119693.07,6185.83,67,4,0,24,0.454,0,0.974,1,0.051680769822346435,0.0
46485.71,26799.84,55,22,2,16,0.167,3,0.921,1,0.576517815905146,0.125
48908.37,33562.32,49,18,0,4,0.035,0,0.886,1,0.6862285535175268,0.0
85772.05,15213.75,26,12,0,24,0.352,1,0.977,1,0.1773742145605707,0.0
22809.85,8193.73,44,16,2,1,0.378,1,0.963,1,0.35921893392547516,2.0
28130.38,33224.68,64,18,1,9,0.579,1,0.778,1,1.1810960250092604,0.1111111111111111
57286.06,8253.94,39,5,2,18,0.321,2,0.976,1,0.14408287112082765,0.1111111111111111
130560.67,16029.7,61,9,1,2,0.489,0,1.0,1,0.12277587117161701,0.5
53426.6,17536.62,55,27,2,22,0.389,5,0.931,1,0.32823761946296415,0.09090909090909091
68020.48,28659.11,34,0,1,17,0.556,1,0.924,1,0.42133060513539455,0.058823529411764705
108266.14,11977.88,27,29,0,23,0.178,2,1.0,1,0.1106336662598297,0.0
167751.78,11535.07,21,29,4,21,0.691,3,0.89,1,0.06876272788282783,0.19047619047619047
50139.32,19195.33,34,7,2,20,0.271,2,0.928,0,0.38283985502795015,0.1
64509.39,34623.26,37,9,2,6,0.118,3,0.963,1,0.5367165927316938,0.3333333333333333
147571.4,79615.93,53,6,3,5,0.345,3,0.943,1,0.5395078585688012,0.6
32766.2,6756.53,49,17,2,6,0.533,4,0.921,1,0.20620425926717165,0.3333333333333333
103213.41,22094.84,44,6,5,4,0.317,2,0.946,1,0.2140694702364741,1.25
41105.64,8882.86,56,24,2,16,0.389,1,1.0,1,0.21609832616643362,0.125
68067.5,34903.92,58,12,0,2,0.116,0,0.997,1,0.5127839277188085,0.0
58277.07,9779.79,55,29,0,11,0.467,0,0.935,1,0.16781540321090269,0.0
42236.38,11609.81,64,26,1,14,0.094,5,0.88,1,0.2748770136077003,0.07142857142857142
41762.19,12272.31,38,12,1,13,0.043,2,0.889,1,0.293861744319443,0.07692307692307693
73609.47,17130.19,61,18,5,12,0.104,0,1.0,1,0.2327172033707076,0.4166666666666667
101735.87,22207.95,41,0,0,6,0.102,0,0.828,1,0.2182902647807504,0.0
61313.86,24650.02,30,2,0,3,0.426,1,1.0,1,0.40203014457090125,0.0
67083.51,17932.65,28,15,0,24,0.427,3,0.938,1,0.2673183022176389,0.0
84050.31,7583.26,25,14,1,12,0.097,2,0.844,1,0.09022286770863784,0.08333333333333333
41978.55,28888.19,67,12,2,15,0.573,0,0.953,1,0.6881655035726578,0.13333333333333333
90672.03,17390.93,29,2,6,14,0.167,4,0.884,1,0.19180038210239697,0.42857142857142855
93980.91,38301.89,61,26,0,9,0.135,1,0.911,1,0.40754968216417564,0.0
209771.55,11362.76,59,12,1,18,0.806,1,0.834,1,0.054167307244476194,0.05555555555555555
54879.53,6352.78,42,14,0,10,0.183,4,0.923,1,0.11575864443445488,0.0
52891.91,17606.27,65,12,0,10,0.392,0,0.791,1,0.33287264536296757,0.0
91874.35,41793.51,65,15,0,20,0.366,1,0.898,1,0.4548985652687611,0.0
93970.8,19985.04,66,20,0,8,0.55,2,0.882,1,0.212672872849864,0.0
51090.47,15809.11,45,23,0,17,0.349,1,0.905,1,0.30943363801507406,0.0
54215.35,10223.06,35,17,2,16,0.271,1,0.887,1,0.18856393991738502,0.125
82921.65,56425.43,23,5,1,1,0.807,2,0.942,0,0.6804668020957133,1.0
44789.53,9217.74,62,27,1,17,0.155,1,1.0,1,0.20580122184805244,0.058823529411764705
54035.81,11233.11,63,8,1,20,0.333,1,0.965,1,0.20788269852899402,0.05
67674.13,26072.84,47,0,4,7,0.609,0,1.0,0,0.38527041278550606,0.5714285714285714
101754.16,5386.84,24,1,1,22,0.431,1,0.905,1,0.05293975204551833,0.045454545454545456
49517.09,41217.2,61,23,0,1,0.123,3,0.963,1,0.8323833246259019,0.0
28369.49,27007.03,35,11,3,5,0.388,2,0.965,0,0.9519744627062382,0.6
27437.71,32293.69,47,0,0,23,0.565,4,1.0,1,1.1769819711630454,0.0
36879.34,25871.65,53,25,1,21,0.313,3,0.889,1,0.70152150228285,0.047619047619047616
35997.94,16210.21,28,9,1,19,0.145,1,0.995,1,0.4503093788144543,0.05263157894736842
60631.37,9018.92,24,30,0,15,0.607,0,0.88,1,0.14875006123067977,0.0
38068.65,16433.51,24,27,0,5,0.162,3,0.9,1,0.4316809238047579,0.0
47377.5,9549.3,67,1,1,12,0.598,2,0.915,1,0.2015577014405572,0.08333333333333333
45880.89,24689.37,67,21,2,14,0.628,4,0.972,0,0.5381188115574915,0.14285714285714285
53311.86,30410.22,41,18,1,3,0.227,2,0.864,0,0.5704212908722375,0.3333333333333333
117861.97,47007.04,41,5,0,15,0.071,1,0.874,1,0.3988312769589716,0.0
87554.7,22920.25,40,10,1,3,0.655,0,0.895,0,0.26178206309883995,0.3333333333333333
65473.5,32830.1,38,15,4,4,0.058,3,0.943,1,0.5014257676769991,1.0
52821.88,14838.54,47,4,1,5,0.282,2,0.874,1,0.2809165444319665,0.2
53486.68,13190.43,38,22,0,5,0.04,2,0.958,1,0.24661149280531153,0.0
75329.6,24489.84,51,8,2,2,0.164,1,0.915,1,0.32510248295490746,1.0
84543.26,14001.5,39,29,5,23,0.115,1,0.986,1,0.1656134386111915,0.21739130434782608
43205.14,21441.8,51,24,3,20,0.75,1,0.944,1,0.4962789149624327,0.15
66075.87,9030.4,67,19,1,13,0.269,2,1.0,1,0.1366671373377301,0.07692307692307693
26053.67,10148.38,31,3,0,9,0.361,2,0.948,1,0.3895182521310817,0.0
71497.21,27204.65,24,0,1,5,0.327,0,0.855,0,0.3804994628461726,0.2
91592.96,32031.52,46,4,1,23,0.765,0,0.925,1,0.3497159607026566,0.043478260869565216
57303.2,9484.84,26,15,1,20,0.049,0,0.941,1,0.16552025017800054,0.05
147204.74,27834.36,32,24,3,19,0.4,1,0.876,1,0.18908603078949768,0.15789473684210525
43721.06,12731.68,59,4,1,12,0.506,1,1.0,1,0.2912024548352671,0.08333333333333333
71681.7,18194.15,41,21,2,1,0.648,1,0.918,1,0.2538186175830094,2.0
63960.53,45213.04,47,1,1,16,0.422,3,0.895,0,0.7068897021334877,0.0625
62131.51,30424.2,59,8,0,12,0.118,1,0.953,1,0.48967424097692136,0.0
61740.63,30195.37,27,18,2,8,0.539,1,0.877,1,0.48906805777654033,0.25
68209.55,62245.45,44,25,2,8,0.215,2,1.0,1,0.9125620972429813,0.25
95198.93,11391.3,22,24,1,2,0.039,2,0.994,1,0.11965785749902862,0.5
120828.06,9483.5,45,16,3,21,0.322,0,0.949,1,0.07848756323655283,0.14285714285714285
64934.21,11257.02,31,1,0,4,0.64,1,0.981,0,0.17336039046290083,0.0
93810.75,15255.59,65,9,1,20,0.181,1,0.905,1,0.16262091498042602,0.05
47398.57,3895.86,33,24,3,24,0.671,0,0.835,1,0.08219361892141472,0.125
91749.98,15729.59,30,2,0,2,0.701,2,0.917,1,0.1714397103955772,0.0
46131.27,12634.12,21,21,1,15,0.655,1,0.905,0,0.2738732317579811,0.06666666666666667
106185.15,29958.58,27,21,0,2,0.571,0,0.797,1,0.2821353079973989,0.0
175769.88,22633.8,31,23,0,20,0.7,0,0.866,1,0.1287695024881396,0.0
61525.36,12181.51,32,6,2,13,0.643,2,0.854,1,0.19799168993078628,0.15384615384615385
24233.66,26412.74,57,7,0,1,0.376,1,0.866,1,1.0899195581682668,0.0
50792.79,28803.38,64,6,2,19,0.764,1,1.0,0,0.5670761539186959,0.10526315789473684
113151.89,10922.41,62,12,1,19,0.62,1,0.976,1,0.09652874556492162,0.05263157894736842
83368.61,13064.6,67,16,1,23,0.832,2,1.0,1,0.15670886200453624,0.043478260869565216
72704.14,4237.13,65,3,1,12,0.349,2,0.976,0,0.058279074616658696,0.08333333333333333
102338.71,8859.08,43,17,0,23,0.513,2,1.0,0,0.08656626607859333,0.0
80833.49,11109.12,40,7,1,16,0.393,2,0.942,1,0.1374321460077995,0.0625
112433.69,18889.0,52,17,1,13,0.267,2,1.0,1,0.16800124588991075,0.07692307692307693
98310.21,9736.42,36,9,1,9,0.475,2,0.854,1,0.09903772965188458,0.1111111111111111
128914.9,12892.27,50,29,2,8,0.36,1,0.935,1,0.10000605050308382,0.25
76389.52,8116.56,69,9,4,15,0.085,1,0.868,0,0.10625227125396258,0.26666666666666666
97685.58,20117.61,30,27,2,18,0.482,3,1.0,1,0.20594247380217223,0.1111111111111111
56609.69,23738.22,58,5,4,1,0.23,4,0.969,1,0.419331390085337,4.0
49587.06,23380.66,66,2,1,10,0.4,1,1.0,1,0.471507284360073,0.1
140110.68,18145.21,47,5,2,2,0.433,2,0.842,1,0.1295062589090282,1.0
71641.85,6610.6,38,13,2,10,0.495,2,0.898,1,0.09227288240044053,0.2
93371.25,12029.98,33,27,3,20,0.242,1,0.815,1,0.12884030148466472,0.15
68722.06,13813.17,29,5,0,17,0.311,1,0.965,0,0.20100052297617388,0.0
49921.67,13849.23,36,24,0,3,0.682,0,0.91,1,0.27741920492643773,0.0
65322.04,18899.01,57,21,1,18,0.347,2,0.993,1,0.2893205723519963,0.05555555555555555
124037.58,45466.4,46,10,2,1,0.549,0,0.942,1,0.36655342679210606,2.0
83449.8,30515.49,31,10,2,1,0.173,1,0.791,1,0.3656748128815168,2.0
30090.95,9473.37,47,29,1,22,0.37,4,0.824,1,0.3148245568850435,0.045454545454545456
58999.4,27975.63,60,22,2,1,0.035,3,0.946,0,0.4741680423868717,2.0
144954.44,27291.31,21,7,1,7,0.739,5,0.973,1,0.18827508836569615,0.14285714285714285
59037.85,10659.25,22,28,0,4,0.403,2,0.785,1,0.1805494271895064,0.0
28909.55,31253.6,68,12,2,14,0.775,1,0.934,0,1.081082202939859,0.14285714285714285
152362.0,16218.08,57,2,2,13,0.564,0,0.869,1,0.10644438902088448,0.15384615384615385
88363.93,7198.71,49,25,3,21,0.152,2,0.862,1,0.08146661199880993,0.14285714285714285
62984.05,24197.6,65,26,0,24,0.774,1,0.894,1,0.38418615506624293,0.0
54995.39,20726.17,49,13,2,18,0.102,2,0.949,1,0.37687104319107473,0.1111111111111111
105788.9,15523.91,46,21,2,12,0.523,0,0.891,1,0.14674422363782968,0.16666666666666666
50932.17,17567.09,31,7,2,2,0.433,1,0.801,1,0.34491147736293193,1.0
108973.27,11279.27,60,26,4,23,0.383,1,0.948,1,0.10350492373037902,0.17391304347826086
82961.38,26761.29,58,11,3,14,0.198,0,0.915,1,0.3225752753871741,0.21428571428571427
72565.83,17498.74,35,8,0,6,0.839,0,0.874,1,0.24114297321480374,0.0
69398.76,20056.7,57,15,2,14,0.719,2,0.918,0,0.2890066047289606,0.14285714285714285
60078.48,22703.38,56,8,1,10,0.55,1,0.916,1,0.37789537951026725,0.1
104055.6,8498.51,25,19,1,9,0.715,3,0.943,1,0.08167277878365027,0.1111111111111111
44034.92,10065.24,28,23,1,11,0.024,3,0.923,1,0.22857404986769592,0.09090909090909091
31328.27,4279.81,50,12,1,19,0.515,1,0.952,1,0.13661175672962472,0.05263157894736842
85702.79,25983.31,51,24,0,4,0.58,3,0.937,1,0.3031792780608426,0.0
86353.08,8186.08,53,13,0,24,0.317,3,0.997,1,0.09479777675561775,0.0
80680.41,19619.86,39,30,1,2,0.24,3,1.0,1,0.2431799739242773,0.5
78090.24,22908.64,61,8,1,4,0.13,1,0.939,1,0.2933611165748754,0.25
56269.02,26626.34,42,21,1,17,0.129,3,0.896,1,0.47319715182528505,0.058823529411764705
92643.1,8229.79,31,16,2,4,0.475,0,0.839,1,0.08883327522503025,0.5
63680.99,17253.53,26,29,1,19,0.314,2,0.985,1,0.27093689969329937,0.05263157894736842
52205.41,53306.27,64,6,1,18,0.594,0,0.877,0,1.021087086568231,0.05555555555555555
56488.45,54854.07,55,6,1,11,0.253,5,1.0,1,0.9710670057330304,0.09090909090909091
161366.01,34196.79,43,26,2,11,0.305,0,1.0,1,0.2119206516911461,0.18181818181818182
29774.37,22415.27,31,27,1,24,0.226,2,0.925,1,0.7528377594555318,0.041666666666666664
81393.22,9365.69,25,23,3,20,0.524,2,0.823,1,0.11506720092902087,0.15
30532.37,28716.61,28,14,3,16,0.463,2,0.986,1,0.9405300014378183,0.1875
61910.03,16242.93,26,12,2,4,0.28,1,1.0,1,0.26236346517680575,0.5
53477.17,25912.23,46,20,1,15,0.423,2,0.848,1,0.48454751812782915,0.06666666666666667
25434.96,11929.61,30,23,2,1,0.733,2,1.0,0,0.4690241305667475,2.0
77436.19,16086.26,27,8,1,7,0.217,0,0.811,1,0.20773568534299014,0.14285714285714285
54782.46,20026.72,34,0,0,17,0.794,2,0.838,1,0.3655681033673917,0.0
25273.2,21124.9,55,2,2,10,0.606,3,0.962,1,0.8358617033062691,0.2
94840.16,24811.11,45,10,0,24,0.495,0,1.0,1,0.26160974422649647,0.0
123982.45,12352.95,28,21,1,23,0.396,2,0.935,1,0.09963466603539453,0.043478260869565216
127096.07,7517.52,57,13,1,3,0.844,1,0.971,1,0.059148327717764994,0.3333333333333333
76395.03,51752.98,44,19,1,22,0.569,0,1.0,1,0.6774390951872131,0.045454545454545456
66361.26,90775.28,30,14,0,21,0.439,1,1.0,1,1.3678956668393578,0.0
118162.14,24075.51,54,7,3,3,0.665,3,0.896,0,0.2037497797517885,1.0
138581.68,7612.39,69,23,1,10,0.469,1,0.88,1,0.0549307094559685,0.1
108255.39,10889.46,47,22,1,23,0.222,0,1.0,1,0.10059046482581606,0.043478260869565216
42550.66,25060.63,28,29,3,1,0.124,2,0.972,1,0.5889598422210137,3.0
71164.38,43038.58,36,25,0,2,0.433,0,0.981,1,0.6047769965817168,0.0
79215.31,8182.46,50,11,2,13,0.518,1,0.894,1,0.10329392133919567,0.15384615384615385
28790.91,16602.54,69,21,2,23,0.83,3,0.985,1,0.5766590913590436,0.08695652173913043
80286.35,20444.78,66,10,2,7,0.53,5,0.863,1,0.25464826835445875,0.2857142857142857
180771.46,31574.43,66,27,1,19,0.692,0,0.957,1,0.17466490562171708,0.05263157894736842
86691.73,14397.16,61,18,0,17,0.795,0,0.948,1,0.16607304987453822,0.0
126143.88,6513.6,49,25,0,4,0.18,1,0.948,1,0.05163627438762784,0.0
70576.62,26954.5,52,8,1,7,0.665,1,0.995,1,0.3819182613165663,0.14285714285714285
62893.26,37393.21,56,0,1,15,0.423,2,0.869,0,0.5945503540442966,0.06666666666666667
77166.03,17059.16,56,4,0,12,0.604,2,0.987,1,0.22107085203165175,0.0
45027.13,23424.39,52,16,0,6,0.343,1,0.941,1,0.5202283601020097,0.0
42126.98,13222.93,27,29,1,5,0.385,3,0.885,0,0.31388269465316526,0.2
114918.63,10387.67,64,19,0,14,0.308,2,0.847,1,0.09039152311509456,0.0
120535.14,35077.1,21,25,3,20,0.351,4,1.0,1,0.2910114013224691,0.15
41612.03,23155.77,41,14,3,10,0.393,4,0.935,1,0.5564681655761567,0.3
100482.82,24757.08,42,29,0,23,0.607,1,0.915,1,0.24638122218305578,0.0
62505.55,47786.66,69,29,1,17,0.302,0,0.86,1,0.7645186707420382,0.058823529411764705
75739.6,9067.75,25,6,1,10,0.347,1,1.0,0,0.11972270780410775,0.1
79956.73,12573.04,44,26,0,17,0.363,1,1.0,1,0.15724805153987664,0.0
101681.46,19946.0,38,0,0,11,0.586,3,0.997,1,0.19616162081071611,0.0
67465.1,12473.02,25,18,0,19,0.666,3,0.936,1,0.18488107184307145,0.0
122604.06,29946.44,31,13,1,24,0.406,1,0.993,1,0.24425324903596177,0.041666666666666664
74710.68,15935.71,41,9,1,19,0.636,1,0.882,1,0.2132989553836212,0.05263157894736842
86079.41,9442.54,65,28,3,4,0.454,1,0.955,1,0.10969568680826228,0.75
44675.23,18786.21,40,20,1,2,0.179,2,0.936,1,0.42050617310755867,0.5
171706.02,20107.48,64,4,2,20,0.349,4,0.959,1,0.11710410619266581,0.1
80303.12,33046.48,56,4,1,21,0.536,1,0.813,1,0.41152174411156134,0.047619047619047616
89589.32,23240.89,61,3,1,14,0.181,2,1.0,1,0.259415854479083,0.07142857142857142
31522.57,24291.27,62,9,0,6,0.494,0,1.0,1,0.7705992880656621,0.0
44888.04,22166.04,55,2,3,22,0.393,2,0.859,1,0.4938072591273756,0.13636363636363635
113458.25,15927.18,56,8,3,11,0.645,3,0.98,1,0.14037921438062018,0.2727272727272727
73957.33,11300.3,28,23,0,8,0.145,1,0.836,1,0.15279486157761507,0.0
27472.52,21717.46,56,27,3,9,0.209,1,0.946,1,0.7905157590202864,0.3333333333333333
103711.99,14495.53,23,24,0,8,0.47,0,0.786,1,0.1397671571049789,0.0
50890.94,53987.71,57,15,0,7,0.606,1,0.92,1,1.060851106306938,0.0
122667.8,43068.43,53,21,2,8,0.557,1,0.906,0,0.35109808768071166,0.25
62480.92,27159.24,58,29,0,17,0.646,1,1.0,1,0.4346805392750299,0.0
71272.12,23020.27,52,1,1,1,0.608,0,1.0,1,0.32299123416000536,1.0
110489.1,16999.75,39,28,2,9,0.775,3,1.0,1,0.15385906845109606,0.2222222222222222
43402.43,7929.91,39,22,1,5,0.224,1,1.0,1,0.1827065903913675,0.2
41579.46,15640.44,50,11,0,16,0.647,3,0.946,1,0.37615784331975455,0.0
59499.21,19226.35,44,13,1,24,0.498,1,0.967,1,0.32313622315321494,0.041666666666666664
94312.62,20895.18,37,13,1,19,0.421,2,0.967,0,0.2215523224781583,0.05263157894736842
35712.2,24424.1,44,4,0,6,0.218,1,0.857,1,0.6839147406208522,0.0
30684.93,32760.92,47,7,1,13,0.711,1,1.0,0,1.0676550345723455,0.07692307692307693
94166.24,11478.45,32,9,2,1,0.211,2,0.988,1,0.12189559655349944,2.0
49553.21,11546.39,52,0,1,10,0.539,1,0.992,1,0.23300993013368862,0.1
54482.83,46220.74,36,15,0,7,0.194,1,0.78,1,0.8483542429789348,0.0
28185.92,29710.78,34,14,0,13,0.215,1,0.972,0,1.0541000613072058,0.0
47887.12,13962.44,41,10,2,10,0.364,1,1.0,0,0.29156984174450246,0.2
64779.03,16788.34,26,5,1,17,0.637,1,0.939,1,0.25916318907523006,0.058823529411764705
98796.02,16837.49,50,30,0,14,0.597,1,0.905,1,0.1704268046425352,0.0
45939.89,18373.23,56,21,0,23,0.069,0,0.845,1,0.3999406615906133,0.0
137030.91,24474.11,67,14,1,2,0.643,3,0.84,1,0.17860284223464618,0.5
47767.1,93514.55,34,22,1,23,0.573,2,0.951,1,1.957718806458839,0.043478260869565216
47798.58,20362.88,47,11,1,19,0.309,1,0.924,1,0.4260143292959749,0.05263157894736842
129826.4,27689.7,45,6,1,18,0.369,1,0.923,1,0.21328250648558383,0.05555555555555555
71489.05,6014.43,56,20,3,20,0.255,4,1.0,0,0.0841307864631017,0.15
50702.55,13133.77,51,23,2,2,0.636,1,0.852,1,0.25903568952646366,1.0
60617.12,40008.88,60,20,2,6,0.233,1,0.916,1,0.660026078441206,0.3333333333333333
119494.5,23379.9,62,17,2,1,0.48,2,1.0,1,0.19565670386503145,2.0
125735.25,1038.16,26,0,1,20,0.601,1,0.918,1,0.008256714008203747,0.05
45007.55,27896.1,38,19,1,9,0.59,1,0.945,1,0.6198093430991022,0.1111111111111111
63770.59,62625.88,53,19,1,9,0.531,3,0.928,1,0.9820495623452755,0.1111111111111111
67691.31,4918.64,47,12,0,15,0.849,1,0.989,1,0.07266279822328746,0.0
41703.26,48326.19,44,7,0,11,0.506,1,0.796,1,1.1588108459626418,0.0
63391.45,2970.11,29,30,0,16,0.372,2,0.926,1,0.046853479451881924,0.0
65155.88,33117.81,49,11,0,23,0.3,3,0.944,1,0.5082858216326753,0.0
108579.38,17899.09,57,8,3,8,0.338,3,0.87,1,0.16484796652918812,0.375
111913.76,3907.47,22,21,1,22,0.634,2,0.964,1,0.03491500955735917,0.045454545454545456
56049.94,24055.44,49,14,3,13,0.171,3,0.995,1,0.4291786931440069,0.23076923076923078
59033.69,38031.61,65,17,1,10,0.28,1,0.972,1,0.6442356898238955,0.1
87647.12,22803.14,49,20,1,23,0.57,0,1.0,1,0.2601698720961967,0.043478260869565216
49951.5,26324.75,67,11,3,12,0.349,1,0.91,1,0.5270061960101299,0.25
84713.53,13773.99,38,4,5,4,0.383,0,0.975,1,0.16259492432908887,1.25
62478.93,5368.07,21,5,1,7,0.298,2,0.973,1,0.08591808470471565,0.14285714285714285
42020.51,28221.48,54,29,2,21,0.358,1,0.924,1,0.6716120294589475,0.09523809523809523
42258.72,56132.32,31,15,0,13,0.839,2,1.0,1,1.3283014724534958,0.0
124656.72,37509.69,21,12,1,14,0.742,2,0.96,0,0.3009038742556358,0.07142857142857142
60581.99,4944.38,29,9,2,17,0.181,1,0.856,1,0.08161468449616792,0.11764705882352941
135985.28,6724.05,66,22,1,5,0.494,1,0.993,1,0.049446896016980664,0.2
51586.03,10386.35,59,28,1,3,0.517,3,0.905,0,0.20134036288506793,0.3333333333333333
74101.04,6391.3,34,23,1,11,0.115,3,0.917,1,0.0862511511309423,0.09090909090909091
190774.44,18524.52,50,16,1,23,0.164,2,0.923,1,0.09710168720715416,0.043478260869565216
40389.23,23245.05,37,14,1,4,0.631,2,0.991,1,0.57552595085373,0.25
27670.61,7104.35,29,26,1,18,0.089,3,1.0,1,0.2567471407388561,0.05555555555555555
115972.47,29829.72,69,26,0,24,0.269,1,0.929,1,0.2572138025515883,0.0
44805.15,26604.74,60,12,1,3,0.42,3,0.925,1,0.5937875445121822,0.3333333333333333
64397.15,12604.68,38,29,3,4,0.08,3,0.797,1,0.19573350683997662,0.75
49935.1,16090.56,38,25,1,21,0.336,1,0.89,1,0.3222294538310727,0.047619047619047616
73336.65,5068.28,60,26,1,3,0.394,0,0.874,0,0.06910978344388516,0.3333333333333333
42378.7,14503.66,43,1,4,18,0.459,1,0.962,1,0.3422393796883812,0.2222222222222222
59944.21,18086.61,39,4,0,20,0.214,2,0.933,1,0.3017240530820241,0.0
79583.29,20086.7,39,9,2,8,0.289,1,0.876,0,0.25239846203895316,0.25
41291.15,23026.41,42,23,2,7,0.536,3,0.951,0,0.557659692210074,0.2857142857142857
47434.48,21096.96,46,2,0,13,0.592,1,0.935,1,0.4447600142343712,0.0
55593.43,15158.3,22,2,1,13,0.383,2,0.762,1,0.2726635143757095,0.07692307692307693
34172.47,21680.18,44,0,1,21,0.08,1,1.0,1,0.63443409270679,0.047619047619047616
53744.15,34525.31,42,5,2,15,0.171,0,1.0,1,0.6424012659982528,0.13333333333333333
68569.35,16916.64,34,28,1,24,0.615,2,0.923,1,0.24670847835074997,0.041666666666666664
54303.58,22127.22,38,22,1,6,0.375,5,0.965,1,0.4074725828389215,0.16666666666666666
57527.77,15948.43,41,22,1,7,0.241,2,0.917,1,0.2772301099103963,0.14285714285714285
64420.48,11822.19,38,9,1,6,0.595,0,0.828,0,0.18351601850839983,0.16666666666666666
48390.46,25285.81,65,19,4,16,0.467,0,1.0,1,0.5225370868555497,0.25
88709.36,12546.92,46,24,5,1,0.38,2,0.992,0,0.1414385133654442,5.0
124036.69,23135.48,45,16,0,21,0.106,2,1.0,1,0.1865212623780915,0.0
52742.21,18333.64,33,26,2,19,0.396,1,0.92,1,0.3476084904292027,0.10526315789473684
80860.58,14773.19,65,17,2,24,0.209,1,1.0,1,0.18269953047578932,0.08333333333333333
58355.85,14542.55,22,10,1,24,0.553,1,0.844,1,0.24920466414249814,0.041666666666666664
76619.88,12937.02,47,19,1,2,0.404,1,0.923,0,0.16884677971304574,0.5
131497.53,6175.57,29,29,1,18,0.574,4,0.992,1,0.04696339163176677,0.05555555555555555
81718.8,23086.63,58,25,2,13,0.586,0,0.896,1,0.2825130814451509,0.15384615384615385
29263.78,20923.59,39,15,2,18,0.312,1,1.0,1,0.7149995660164203,0.1111111111111111
79733.14,31269.95,35,18,0,21,0.628,1,0.961,1,0.3921825981016175,0.0
113202.24,12742.27,23,30,1,14,0.183,3,0.955,1,0.11256199523967017,0.07142857142857142
58831.0,61705.38,59,23,1,1,0.336,2,0.89,1,1.0488582550016148,1.0
101740.24,14062.95,40,15,1,21,0.455,1,0.968,1,0.13822406945373827,0.047619047619047616
47647.74,10191.46,33,8,0,11,0.353,1,1.0,1,0.21389178164588707,0.0
33311.23,9435.48,62,28,1,12,0.602,1,0.952,1,0.28325222455009913,0.08333333333333333
69263.17,5831.78,21,30,1,15,0.164,2,0.979,1,0.08419741689558823,0.06666666666666667
29487.69,48743.89,43,2,1,22,0.668,1,0.989,0,1.6530250419751429,0.045454545454545456
58351.81,43884.69,28,0,4,13,0.3,2,0.86,0,0.7520707583877861,0.3076923076923077
115985.63,26598.53,27,3,1,5,0.474,2,0.931,0,0.22932608117057257,0.2
27522.23,10053.43,22,11,1,18,0.471,2,0.929,1,0.36528399043246135,0.05555555555555555
36547.53,58422.19,30,4,1,16,0.376,0,0.791,1,1.5985263573215482,0.0625
40852.69,14321.39,67,27,1,2,0.008,2,0.995,0,0.3505617377949897,0.5
63174.03,15112.24,42,28,1,13,0.537,0,0.875,1,0.23921601962072073,0.07692307692307693
55136.65,45814.02,69,5,2,19,0.235,2,0.988,0,0.8309177289516138,0.10526315789473684
121997.27,27623.41,34,25,3,22,0.189,4,0.887,1,0.22642646019865853,0.13636363636363635
99867.47,75270.54,58,4,1,7,0.284,0,1.0,1,0.7537042842879668,0.14285714285714285
81228.01,21158.49,25,24,2,13,0.778,2,0.921,0,0.2604826832517503,0.15384615384615385
69402.36,13905.74,26,11,0,20,0.45,2,1.0,1,0.20036407983820723,0.0
77582.41,12093.87,21,1,1,15,0.515,0,0.928,0,0.15588417529179618,0.06666666666666667
44101.56,5418.53,65,13,2,11,0.469,3,0.936,1,0.1228648147593872,0.18181818181818182
95596.09,15018.53,53,25,1,5,0.225,0,1.0,1,0.15710401963092843,0.2
39407.94,37877.51,57,28,0,2,0.36,4,0.876,1,0.9611644252401927,0.0
94661.46,26565.52,66,3,2,17,0.272,0,0.943,0,0.2806371251827301,0.11764705882352941
110847.06,18239.18,37,25,2,24,0.663,1,0.978,1,0.1645436514058199,0.08333333333333333
71469.9,9427.82,56,9,1,15,0.631,2,0.968,1,0.13191315504848894,0.06666666666666667
60044.83,20860.12,45,14,0,19,0.55,1,0.943,1,0.3474090941718046,0.0
77829.98,34768.11,47,3,2,17,0.739,1,0.933,0,0.44671873229313436,0.11764705882352941
17934.1,23815.56,53,30,1,9,0.456,0,0.999,0,1.3279484334312848,0.1111111111111111
74470.53,20060.44,44,24,1,13,0.132,1,0.952,0,0.26937420748851926,0.07692307692307693
61767.54,10722.55,22,19,0,7,0.35,2,1.0,1,0.17359522493529772,0.0
63535.87,31627.91,24,22,2,6,0.199,4,0.967,1,0.4977961268178117,0.3333333333333333
89329.06,2350.51,45,27,1,15,0.264,3,0.986,1,0.026312937805457712,0.06666666666666667
62849.39,23085.89,48,4,2,16,0.37,1,1.0,1,0.3673208284121771,0.125
38911.67,95686.87,56,7,2,24,0.29,0,0.918,0,2.4590789858158235,0.08333333333333333
60992.81,6752.61,49,1,1,6,0.691,1,1.0,1,0.11071157403634953,0.16666666666666666
67006.34,15386.36,30,15,0,7,0.111,0,0.929,1,0.22962543544386996,0.0
68450.27,17907.68,38,15,0,4,0.175,1,0.842,1,0.261615914736348,0.0
69912.96,13325.68,42,0,0,23,0.172,2,0.917,1,0.19060385942749383,0.0
103762.37,35304.66,69,20,1,19,0.702,1,0.889,1,0.340245312438411,0.05263157894736842
39871.9,24470.42,47,0,1,8,0.184,2,0.966,1,0.6137259573785045,0.125
70347.87,19873.1,52,24,0,24,0.44,0,0.92,1,0.28249753688349055,0.0
116146.88,30222.87,57,21,1,17,0.392,2,0.949,1,0.26021249989668255,0.058823529411764705
29779.26,18197.05,38,25,1,12,0.146,1,1.0,1,0.6110645462647494,0.08333333333333333
70472.9,142206.99,68,3,1,10,0.116,0,1.0,1,2.0178960990678685,0.1
49947.22,19860.79,54,26,1,14,0.113,3,0.96,0,0.3976355440803312,0.07142857142857142
55012.89,20436.14,62,16,1,3,0.539,0,1.0,1,0.37147912062064,0.3333333333333333
43259.8,5921.37,57,26,0,5,0.744,2,0.928,1,0.1368792735981211,0.0
60225.11,12643.32,51,21,1,23,0.285,2,0.831,0,0.2099343612655917,0.043478260869565216
148851.97,37946.12,22,20,2,5,0.338,2,0.857,1,0.25492521194042644,0.4
36796.16,7555.87,49,0,2,4,0.039,3,0.926,0,0.20534398154590042,0.5
38400.2,4428.05,27,21,0,21,0.563,0,0.996,0,0.11531320149374223,0.0
36180.37,18382.09,50,13,1,23,0.345,2,0.926,0,0.5080680490553302,0.043478260869565216
141418.77,43875.48,55,26,0,20,0.156,1,1.0,1,0.3102521680820729,0.0
52790.67,18502.75,47,21,0,3,0.653,1,1.0,1,0.35049280488389334,0.0
64254.37,14467.3,36,2,1,21,0.312,0,0.878,1,0.2251566702778348,0.047619047619047616
54224.61,5378.2,23,27,1,7,0.632,1,1.0,1,0.09918374701081298,0.14285714285714285
42495.45,24151.27,53,1,2,1,0.429,3,0.826,1,0.5683260207857548,2.0
58473.26,27665.9,55,9,0,23,0.74,2,1.0,1,0.47313763590400126,0.0
196487.12,5653.33,44,6,1,7,0.19,1,0.938,1,0.028772013147732024,0.14285714285714285
121610.0,37630.61,56,30,1,16,0.438,1,0.924,1,0.309436806183702,0.0625
44281.42,29608.87,59,4,1,2,0.475,3,0.939,0,0.6686522247931526,0.5
86990.21,37576.43,46,26,3,5,0.484,1,0.884,1,0.43196159659805394,0.6
44710.22,26302.48,23,6,2,22,0.288,4,1.0,1,0.5882878679639688,0.09090909090909091
29224.92,27529.7,63,20,2,15,0.306,2,0.892,1,0.9419940242779109,0.13333333333333333
102839.26,25250.36,43,2,1,24,0.167,1,0.9,1,0.24553229962953838,0.041666666666666664
109555.26,31654.45,53,12,1,5,0.572,2,0.843,1,0.288935921470133,0.2
104074.89,5518.9,65,19,1,22,0.08,5,0.889,1,0.053028160779223496,0.045454545454545456
52612.19,6784.79,38,22,2,21,0.298,4,0.891,1,0.12895851702808797,0.09523809523809523
60300.37,11155.88,51,27,1,23,0.11,2,0.886,1,0.18500516663496425,0.043478260869565216
91083.96,16543.42,21,25,1,2,0.149,2,0.928,1,0.1816282471688758,0.5
77521.9,23165.42,64,16,0,3,0.464,3,0.862,1,0.29882420322515313,0.0
54448.23,22229.38,23,9,3,13,0.245,0,1.0,0,0.40826634768476405,0.23076923076923078
31368.52,37206.76,47,8,1,3,0.646,1,0.929,1,1.1861178021787449,0.3333333333333333
68417.67,37973.7,38,30,3,2,0.068,3,0.966,1,0.5550276704833708,1.5
105629.91,10209.53,22,18,0,20,0.285,1,1.0,1,0.0966537792184051,0.0
37919.77,21019.41,43,28,2,17,0.159,0,1.0,1,0.5543126975717416,0.11764705882352941
86645.84,10373.78,66,13,4,21,0.238,2,1.0,1,0.11972623267314393,0.19047619047619047
75458.36,15926.93,29,15,1,23,0.559,0,0.923,1,0.21106912474641643,0.043478260869565216
91099.65,22187.66,35,25,1,4,0.265,1,0.865,1,0.24355373483871784,0.25
96233.38,1963.46,30,22,1,20,0.343,0,0.964,1,0.020403107528801336,0.05
47554.57,86287.12,27,6,0,2,0.391,1,1.0,1,1.8144863890053047,0.0
31398.36,26011.46,32,16,0,9,0.171,2,0.95,1,0.8284337143723429,0.0
51126.53,12221.11,49,6,1,8,0.472,2,0.945,1,0.2390365628177778,0.125
96979.01,63001.72,59,23,0,6,0.349,1,0.955,0,0.6496428453951015,0.0
50931.7,14361.36,54,0,0,18,0.582,2,0.809,1,0.28197291667075713,0.0
47563.6,19619.21,58,25,1,3,0.4,2,0.95,1,0.41248370602729817,0.3333333333333333
28639.29,13114.87,56,28,1,20,0.395,2,0.991,1,0.45793279093161876,0.05
143033.47,52676.34,39,0,0,21,0.395,3,0.937,1,0.3682798159060253,0.0
94250.71,16812.65,65,19,0,16,0.64,1,1.0,1,0.17838221059554885,0.0
91912.81,19836.75,29,2,1,2,0.613,2,1.0,1,0.21582138550654692,0.5
100470.45,39363.15,55,11,0,15,0.693,1,0.905,0,0.3917883317930795,0.0
84259.9,26330.09,26,10,0,16,0.17,1,0.971,1,0.31248660394802275,0.0
58232.25,17375.23,58,16,1,9,0.687,3,0.943,0,0.298378132392274,0.1111111111111111
60382.14,37044.72,25,28,0,9,0.116,1,0.798,1,0.6135045892709334,0.0
53623.28,93726.96,31,14,3,12,0.372,1,0.927,1,1.7478781603810885,0.25
212729.33,22124.57,40,12,4,24,0.297,0,0.868,1,0.10400338307839356,0.16666666666666666
83475.04,19419.27,55,2,2,1,0.224,0,0.949,0,0.23263564773374176,2.0
52755.98,20111.25,23,27,0,13,0.512,1,0.988,1,0.3812127080190719,0.0
80146.87,42188.64,33,9,1,8,0.227,2,0.925,1,0.5263916108015197,0.125
41243.61,12193.38,37,14,2,14,0.433,1,0.877,0,0.29564288868021005,0.14285714285714285
127921.31,15021.24,56,2,0,1,0.409,3,0.956,1,0.1174256267388131,0.0
48274.63,6626.22,68,8,3,23,0.32,2,1.0,0,0.13726091738041288,0.13043478260869565
81440.75,8338.29,51,17,0,11,0.414,2,0.788,1,0.10238473982619267,0.0
105012.27,12855.89,45,27,0,24,0.47,1,0.956,1,0.12242274164723797,0.0
77287.57,17357.29,37,10,0,4,0.656,2,0.902,0,0.2245806149682284,0.0
67822.82,56842.02,61,17,1,15,0.094,0,0.91,1,0.83809579135754,0.06666666666666667
65316.73,25502.26,26,27,0,17,0.118,1,0.933,1,0.39043993782297426,0.0
63369.89,9949.48,27,11,1,20,0.2,1,0.916,1,0.15700642686929075,0.05
50142.7,11214.24,30,9,0,1,0.445,1,0.982,0,0.22364651285231948,0.0
53096.96,43989.83,34,1,1,16,0.309,1,0.923,1,0.8284811409165421,0.0625
126495.02,37437.34,43,28,2,4,0.335,0,0.789,1,0.295959002971026,0.5
61901.59,18332.39,67,3,2,11,0.753,0,1.0,1,0.2961537821564842,0.18181818181818182
45639.75,13500.54,52,6,2,2,0.054,2,1.0,1,0.2958066159433389,1.0
51524.29,37396.54,39,4,1,2,0.243,1,0.898,1,0.7258040819194209,0.5
106650.17,9437.67,31,21,1,19,0.412,0,0.943,1,0.0884918420664496,0.05263157894736842
88094.51,23224.12,52,11,2,18,0.089,0,1.0,0,0.26362732479016004,0.1111111111111111
83641.13,78854.16,33,21,0,22,0.693,2,1.0,1,0.9427677507465525,0.0
57887.57,20570.4,68,18,1,17,0.927,0,1.0,1,0.35535089830165617,0.058823529411764705
84133.13,10872.38,44,0,0,15,0.117,2,0.966,1,0.12922828379260345,0.0
48656.47,23502.61,47,9,0,3,0.219,3,0.994,0,0.4830315475002605,0.0
57833.08,13261.51,65,0,1,19,0.43,1,1.0,1,0.2293066528706408,0.05263157894736842
100564.5,7273.2,35,2,2,6,0.545,2,0.916,1,0.07232373252986889,0.3333333333333333
96333.12,28390.23,44,14,1,3,0.293,3,0.971,0,0.2947089225387904,0.3333333333333333
41784.6,37224.39,47,8,0,18,0.709,2,0.79,1,0.8908638589336741,0.0
44229.87,14706.39,34,2,1,15,0.667,1,0.829,0,0.33249905550253706,0.06666666666666667
68258.59,14085.82,23,12,2,4,0.551,1,0.975,1,0.20635966843147507,0.5
141336.96,9634.54,34,14,2,14,0.516,1,0.986,1,0.0681671658991392,0.14285714285714285
27450.46,16328.53,26,30,2,17,0.271,2,0.913,1,0.5948362978252459,0.11764705882352941
73673.05,12488.8,54,20,1,12,0.394,1,0.898,1,0.16951653284342103,0.08333333333333333
34993.69,9329.68,21,12,0,18,0.343,2,0.915,0,0.2666103517519873,0.0
48858.99,61576.57,36,14,0,13,0.201,1,0.953,0,1.2602915041837746,0.0
55168.63,24375.83,64,2,3,9,0.562,4,0.778,0,0.4418422208418082,0.3333333333333333
53793.82,26112.88,48,11,1,6,0.293,1,0.973,0,0.4854252774761116,0.16666666666666666
51120.17,31963.08,53,18,1,7,0.148,1,0.942,1,0.6252537892577431,0.14285714285714285
65211.15,29711.83,53,0,0,20,0.236,0,0.957,1,0.4556249966455123,0.0
51086.6,13761.16,35,28,2,9,0.442,0,0.931,1,0.2693692670876512,0.2222222222222222
33659.03,21488.78,51,15,4,18,0.795,2,0.843,0,0.6384254091695453,0.2222222222222222
92326.26,15112.19,31,24,0,9,0.264,0,0.863,1,0.16368246693844202,0.0
91211.39,23935.75,52,8,0,13,0.425,1,1.0,1,0.26242062531883353,0.0
94994.19,22476.51,54,25,1,15,0.621,1,0.895,1,0.23660931263269888,0.06666666666666667
32494.04,14036.24,63,11,2,12,0.538,1,0.997,1,0.431963523156862,0.16666666666666666
74358.68,7586.18,66,28,2,18,0.221,3,0.864,1,0.1020214452435143,0.1111111111111111
88109.27,19794.93,22,16,2,23,0.485,1,0.939,0,0.22466342077286533,0.08695652173913043
40867.96,15761.92,35,19,0,21,0.444,2,0.909,1,0.3856791481639896,0.0
65268.87,5267.89,47,6,2,23,0.161,3,0.92,1,0.08071060522420566,0.08695652173913043
61686.63,25036.93,36,30,1,1,0.461,2,0.916,1,0.4058728771534448,1.0
148911.93,33711.67,51,5,0,19,0.6,0,1.0,1,0.22638663000338521,0.0
154533.44,93112.04,62,1,1,18,0.311,1,1.0,1,0.6025365124855824,0.05555555555555555
30735.76,13958.57,33,13,1,10,0.102,2,0.957,1,0.4541475467013017,0.1
199667.69,12682.32,64,25,2,8,0.596,1,0.911,1,0.06351713689881422,0.25
43057.47,8751.7,64,28,2,2,0.317,0,0.847,1,0.2032562526316572,1.0
101057.56,20614.38,65,26,1,21,0.346,2,0.842,1,0.20398652015742316,0.047619047619047616
100595.89,20529.82,24,17,0,21,0.33,3,1.0,1,0.20408209520289547,0.0
41526.29,10623.08,35,28,1,2,0.583,1,0.837,0,0.2558157735738011,0.5
81154.75,16065.39,27,15,3,14,0.285,1,0.909,1,0.19795994689158675,0.21428571428571427
61929.53,4974.07,26,14,0,14,0.162,1,0.951,1,0.08031822621615245,0.0
83415.64,32868.56,23,5,1,5,0.625,0,0.758,1,0.3940335409522722,0.2
72109.79,10907.28,42,24,4,14,0.17,1,0.852,1,0.15125935049873257,0.2857142857142857
111356.86,17599.05,25,9,0,20,0.249,1,0.846,0,0.15804190240277965,0.0
67243.28,7120.81,35,6,2,8,0.394,0,0.893,1,0.10589623230752576,0.25
60270.57,12327.62,69,11,0,18,0.343,2,0.958,1,0.20453796936050217,0.0
106443.7,15008.81,64,18,1,24,0.71,1,1.0,1,0.14100233268854803,0.041666666666666664
84399.84,17868.38,66,8,1,11,0.47,2,0.894,1,0.21171106485509927,0.09090909090909091
90351.11,24586.51,22,11,1,3,0.75,3,0.908,1,0.27212183668800527,0.3333333333333333
48198.28,45868.13,53,10,2,8,0.603,0,0.932,1,0.9516549138268005,0.25
40610.19,28980.81,52,18,5,4,0.571,3,0.884,0,0.7136339426139104,1.25
50345.65,33642.12,27,22,1,9,0.528,2,0.969,1,0.668222974576751,0.1111111111111111
49156.92,46078.18,65,20,2,16,0.165,1,0.971,0,0.9373691435508978,0.125
92589.61,26067.31,40,4,1,5,0.05,0,0.749,1,0.2815360168381744,0.2
100844.54,17575.61,68,10,1,13,0.537,3,0.985,1,0.17428420021550003,0.07692307692307693
60617.2,34684.56,26,20,2,24,0.177,1,0.949,0,0.5721900714648648,0.08333333333333333
123754.63,36155.45,52,6,2,7,0.582,4,0.958,1,0.29215432182214107,0.2857142857142857
120325.25,27438.29,27,2,1,22,0.521,4,1.0,1,0.22803434856773622,0.045454545454545456
72523.94,6992.68,67,9,1,8,0.206,2,0.815,1,0.09641892042820618,0.125
44904.41,10416.83,50,21,0,15,0.645,0,0.852,1,0.23197788368670247,0.0
132066.66,15055.1,24,20,2,4,0.254,6,0.935,1,0.11399621978779505,0.5
63239.52,29878.09,31,4,1,7,0.071,0,0.778,1,0.47245915212512685,0.14285714285714285
68797.1,17751.97,38,20,2,21,0.339,0,0.925,0,0.25803369618777533,0.09523809523809523
55788.35,37687.8,21,6,0,15,0.276,6,0.999,0,0.6755496443253834,0.0
43553.13,42320.67,21,22,1,14,0.581,3,0.968,0,0.9717021486171028,0.07142857142857142
33565.53,39245.33,66,17,1,13,0.418,2,0.946,1,1.169215263396705,0.07692307692307693
86416.45,39408.17,69,3,0,6,0.04,2,0.924,1,0.4560262542606182,0.0
45688.96,9173.56,47,10,0,23,0.221,2,0.91,1,0.20078285870372187,0.0
257540.33,24632.95,65,25,0,10,0.781,2,0.906,1,0.09564696139047427,0.0
39871.2,12127.53,53,13,1,1,0.23,1,0.956,0,0.3041676698970686,1.0
36913.05,6162.48,22,21,2,22,0.344,4,0.831,1,0.1669458362286508,0.09090909090909091
81773.21,14932.13,56,23,1,2,0.096,1,1.0,1,0.18260418051339794,0.5
129357.3,42582.82,21,0,0,22,0.079,3,0.888,1,0.3291876067295777,0.0
66916.97,24284.88,61,28,0,7,0.44,2,0.979,1,0.36291063387956746,0.0
84090.73,66816.35,38,10,0,2,0.234,1,0.946,1,0.7945745030397525,0.0
28354.65,20197.75,27,24,0,6,0.317,1,0.859,1,0.7123258442618758,0.0
47918.76,88362.14,33,14,1,16,0.34,2,1.0,0,1.8439988847791553,0.0625
40095.34,20201.57,54,17,0,14,0.205,3,1.0,1,0.503838351289701,0.0
27705.1,18264.95,62,11,1,4,0.412,1,0.83,1,0.659263095964281,0.25
68513.33,7836.31,48,26,1,8,0.718,1,0.935,1,0.11437642864534536,0.125
23691.46,37048.86,28,3,2,6,0.376,2,0.955,1,1.563806536194899,0.3333333333333333
35851.99,12987.54,65,27,2,16,0.286,2,0.795,1,0.3622543685859558,0.125
51042.06,11819.97,59,6,2,21,0.087,1,0.792,1,0.2315731379180229,0.09523809523809523
44714.98,41395.48,41,27,1,7,0.602,3,0.882,0,0.9257631335181186,0.14285714285714285
77693.46,38214.56,48,0,2,22,0.047,2,0.848,1,0.491863279097108,0.09090909090909091
74581.94,37569.97,68,0,1,10,0.15,1,0.867,1,0.5037408520078721,0.1
97183.09,14224.24,39,2,3,2,0.5,1,0.848,1,0.1463653810554902,1.5
91191.34,17413.36,22,16,1,8,0.611,1,0.931,0,0.19095409717633277,0.125
108608.86,17313.15,28,8,2,21,0.395,0,0.878,1,0.1594082655871722,0.09523809523809523
64943.91,29934.41,50,18,0,20,0.53,2,1.0,1,0.4609271292720133,0.0
74511.05,49411.78,69,25,0,18,0.217,3,0.953,0,0.6631470097388239,0.0
81823.82,22866.36,57,0,2,10,0.111,0,0.996,1,0.2794584755392745,0.2
69278.37,64978.14,51,16,1,19,0.383,5,0.822,0,0.9379282451362525,0.05263157894736842
54361.15,32250.97,36,22,1,18,0.681,2,0.896,1,0.593272401338088,0.05555555555555555
55968.45,15452.21,42,13,0,20,0.38,1,0.95,1,0.2760878673609864,0.0
44992.06,30846.84,22,28,2,14,0.586,1,0.972,1,0.6856063047568838,0.14285714285714285
78579.81,54556.29,39,20,2,13,0.864,2,0.895,0,0.6942787212135025,0.15384615384615385
62307.42,65973.93,51,1,2,24,0.224,0,0.905,1,1.0588454793987618,0.08333333333333333
48228.93,38933.35,65,16,2,23,0.184,1,0.913,1,0.8072613263449966,0.08695652173913043
48249.1,18302.91,66,11,1,13,0.337,2,0.919,1,0.37934199808908353,0.07692307692307693
37701.8,15635.14,61,4,2,5,0.334,2,1.0,0,0.41470539868123,0.4
100974.28,26175.32,22,29,1,10,0.417,1,0.962,1,0.25922759736439815,0.1
67340.73,53434.42,60,6,2,13,0.192,0,0.943,1,0.7934933286288997,0.15384615384615385
44085.34,23862.82,31,2,1,17,0.047,1,0.852,1,0.5412869675043904,0.058823529411764705
93525.47,24187.05,51,6,3,8,0.267,2,0.854,1,0.2586145784672346,0.375
50510.71,18611.51,67,25,2,2,0.351,2,0.925,1,0.3684666083687994,1.0
34517.35,14544.93,64,18,2,20,0.673,0,1.0,1,0.4213802623897837,0.1
102918.49,16199.56,53,25,0,23,0.329,2,0.926,1,0.15740184295358395,0.0
51044.29,19656.31,35,14,1,2,0.806,1,0.929,0,0.3850834246102747,0.5
54075.58,54989.2,46,3,3,8,0.613,0,0.888,1,1.0168952418078547,0.375
66215.75,15402.93,55,12,3,11,0.479,2,0.818,0,0.2326173153668123,0.2727272727272727
108695.72,18626.21,46,6,0,19,0.592,0,0.971,0,0.17136102507072035,0.0
65588.74,10256.14,40,17,0,19,0.791,2,0.922,1,0.15637043797456696,0.0
37893.69,28679.48,40,8,1,9,0.179,1,0.971,1,0.7568405188304438,0.1111111111111111
83024.18,43759.7,50,30,2,8,0.555,1,0.951,0,0.5270717518679499,0.25
52255.33,51743.32,22,11,1,10,0.608,0,0.873,1,0.9902017650639657,0.1
152011.03,20543.79,69,9,1,6,0.49,0,0.956,1,0.1351467061304696,0.16666666666666666
64967.26,26146.15,26,30,0,11,0.344,4,0.85,1,0.40245117309857303,0.0
23774.68,16290.21,69,16,0,7,0.602,1,0.955,1,0.6851915567317836,0.0
76340.34,25370.42,22,5,1,2,0.452,2,0.936,1,0.332333075802387,0.5
155937.65,22075.07,46,14,2,18,0.553,4,1.0,1,0.1415634389770527,0.1111111111111111
132098.97,18694.77,41,7,0,19,0.429,6,0.879,1,0.14152093691570797,0.0
148163.55,19686.08,49,22,0,7,0.409,3,0.847,1,0.13286722679093477,0.0
41078.92,24146.06,42,17,2,10,0.412,3,0.911,1,0.587796855418789,0.2
97989.06,14867.43,64,22,1,10,0.399,2,0.983,1,0.15172540689746386,0.1
46969.09,15375.09,21,29,1,1,0.5,2,0.744,1,0.3273448559467514,1.0
71902.96,54606.73,69,22,0,14,0.386,1,1.0,1,0.7594503758955125,0.0
36655.32,104818.17,54,10,1,12,0.135,1,0.925,1,2.8595622681782618,0.08333333333333333
48636.88,8227.92,59,6,1,23,0.531,3,0.86,1,0.16917039086388766,0.043478260869565216
47946.04,7938.43,27,16,0,9,0.721,2,0.914,1,0.16557008670580511,0.0
97391.33,9662.21,24,13,1,20,0.476,1,0.888,0,0.09921016583303667,0.05
93196.57,16831.2,40,9,1,10,0.261,2,0.854,1,0.18059892118347273,0.1
73622.9,32221.34,36,25,0,5,0.504,3,0.804,1,0.4376537734862387,0.0
35399.5,26434.93,59,28,1,9,0.685,1,0.991,1,0.7467599824856284,0.1111111111111111
56494.85,20129.61,64,11,1,22,0.043,2,0.901,0,0.3563087608870543,0.045454545454545456
46462.0,25385.54,41,21,1,7,0.225,0,0.913,0,0.5463720890189833,0.14285714285714285
96133.84,11478.96,58,30,0,21,0.248,1,0.999,1,0.11940602809582973,0.0
110450.83,15358.85,23,0,3,16,0.135,0,0.944,1,0.13905599441851185,0.1875
104559.97,17766.42,57,11,0,18,0.522,1,0.831,1,0.16991607782595958,0.0
46272.07,6427.79,25,22,1,19,0.737,2,0.987,1,0.1389129554826486,0.05263157894736842
18946.09,8461.45,53,15,1,13,0.344,1,1.0,1,0.4466066613216764,0.07692307692307693
29348.88,8682.88,39,24,1,15,0.144,1,0.975,1,0.29585047197712483,0.06666666666666667
123238.24,29578.33,41,14,1,2,0.371,3,0.879,1,0.24000935099365261,0.5
54261.91,21112.23,34,1,2,17,0.545,0,0.837,0,0.3890801116289493,0.11764705882352941
46365.76,26777.49,40,13,2,18,0.331,3,0.877,1,0.5775272528693588,0.1111111111111111
136126.47,5444.45,63,12,4,3,0.549,1,0.947,0,0.03999552768833277,1.3333333333333333
114859.45,6862.37,60,26,1,13,0.403,2,1.0,1,0.05974580236976583,0.07692307692307693
65719.07,27700.81,37,4,0,13,0.514,2,0.887,1,0.42150337793885395,0.0
56960.38,2957.18,35,4,1,8,0.635,0,0.895,1,0.051916437355228315,0.125
61248.64,39900.18,45,4,0,2,0.637,2,1.0,0,0.651445974963689,0.0
71996.0,5502.57,54,17,1,1,0.561,1,0.91,1,0.07642882937940997,1.0
133541.0,31141.64,29,30,2,6,0.783,1,1.0,1,0.23319909241356587,0.3333333333333333
78609.9,10102.59,56,19,0,6,0.35,1,0.93,1,0.128515492323486,0.0
90116.23,35593.36,67,25,3,6,0.397,0,1.0,1,0.39497169377813524,0.5
110008.63,144846.76,62,26,0,15,0.324,1,0.967,1,1.3166854273160207,0.0
38399.06,4107.47,47,18,1,11,0.395,0,0.989,1,0.10696798307041892,0.09090909090909091
91293.09,28286.0,36,18,4,3,0.707,1,0.928,1,0.3098372505520407,1.3333333333333333
56930.51,5557.04,36,7,2,3,0.45,0,0.932,1,0.09761092953497166,0.6666666666666666
20950.12,23754.49,57,29,3,16,0.599,3,0.969,0,1.1338593764618057,0.1875
24945.94,15736.3,43,24,1,23,0.25,3,0.996,1,0.630816076684222,0.043478260869565216
41109.3,19584.34,26,27,0,20,0.592,1,0.977,0,0.4763968250493197,0.0
82552.77,9952.02,54,30,2,19,0.54,2,0.816,0,0.12055343509369824,0.10526315789473684
68415.34,29895.96,27,10,0,8,0.192,4,0.958,1,0.43697743810087036,0.0
70622.75,7021.24,69,4,1,17,0.667,1,0.894,1,0.09941895494015739,0.058823529411764705
156383.58,40343.73,41,26,3,2,0.221,0,0.902,1,0.2579793223815442,1.5
36719.1,13795.73,37,14,0,5,0.198,2,0.972,1,0.37570991663739034,0.0
64202.51,7232.78,23,29,1,4,0.594,1,1.0,0,0.11265572015798135,0.25
74543.53,50758.58,29,21,0,5,0.323,3,0.924,1,0.6809253599876475,0.0
46668.26,17229.09,67,7,1,9,0.455,2,1.0,0,0.3691821807798277,0.1111111111111111
65833.86,62198.76,47,10,0,2,0.171,3,0.863,1,0.9447837328693776,0.0
31639.62,39815.38,65,18,1,20,0.204,3,1.0,1,1.2584025977555988,0.05
122589.95,10714.28,67,12,0,18,0.339,1,0.97,1,0.08739933412159806,0.0
47830.37,17032.59,23,8,3,16,0.216,2,0.955,1,0.35610408198807575,0.1875
162149.27,19473.34,39,6,1,5,0.263,5,1.0,0,0.1200951444308075,0.2
64057.03,48543.91,62,20,1,21,0.475,0,0.895,1,0.7578233021418571,0.047619047619047616
103235.35,23921.04,45,1,2,1,0.68,3,1.0,1,0.2317136523487352,2.0
63459.44,20185.45,45,2,2,24,0.335,0,0.925,0,0.3180842755624695,0.08333333333333333
64106.93,15806.95,48,1,2,18,0.399,0,0.895,1,0.24657162649966238,0.1111111111111111
49977.56,17418.1,55,22,0,5,0.616,1,0.847,0,0.348518415064681,0.0
68579.46,42028.86,66,0,2,5,0.397,2,1.0,1,0.6128490950497423,0.4
74999.89,18043.4,64,13,2,17,0.35,0,1.0,1,0.2405790195158953,0.11764705882352941
45671.34,13924.13,51,3,0,20,0.205,1,0.907,1,0.3048767564078479,0.0
61443.45,12471.45,49,18,2,12,0.278,2,0.978,1,0.20297444235309053,0.16666666666666666
49394.68,12558.84,38,1,1,2,0.544,2,0.949,0,0.25425491166255154,0.5
182954.25,7235.57,26,0,3,12,0.361,1,0.915,1,0.03954852101003393,0.25
62427.66,11052.18,55,12,1,12,0.233,1,1.0,1,0.1770397929379381,0.08333333333333333
130287.26,47672.03,21,21,3,8,0.569,3,0.896,1,0.3658993979917914,0.375
59522.67,15738.06,55,3,0,22,0.599,0,0.787,1,0.2644044697591691,0.0
73044.34,28452.59,45,15,3,9,0.63,2,0.958,1,0.3895249104858775,0.3333333333333333
35865.41,3593.69,59,25,1,6,0.298,1,0.945,1,0.10019932854524735,0.16666666666666666
53154.6,26043.65,67,19,1,17,0.66,4,0.898,1,0.48996041734863965,0.058823529411764705
71459.29,16207.8,48,23,2,15,0.334,0,0.878,1,0.22681165737862777,0.13333333333333333
132699.74,13163.34,49,9,0,15,0.339,0,0.831,1,0.09919642645871048,0.0
71828.37,20246.78,44,29,0,13,0.505,0,0.915,0,0.2818772025593787,0.0
121153.88,13040.83,39,4,2,8,0.374,1,0.879,1,0.10763856675494007,0.25
86722.67,4526.07,25,18,1,7,0.381,1,1.0,0,0.05219015973562622,0.14285714285714285
135194.96,32780.47,22,13,2,3,0.54,0,0.976,1,0.24246813638614934,0.6666666666666666
63295.76,21080.18,56,0,1,5,0.309,2,0.906,1,0.3330425292310259,0.2
190563.88,14677.4,65,29,0,14,0.601,5,0.977,1,0.07702089189199968,0.0
52245.77,9605.65,23,21,0,10,0.353,1,0.932,0,0.18385507573148985,0.0
46038.57,6923.8,37,7,1,18,0.427,0,0.921,1,0.15039129147582125,0.05555555555555555
37707.67,20819.75,50,1,0,20,0.115,2,0.936,1,0.5521356795580316,0.0
185554.45,51372.78,55,20,2,14,0.48,0,1.0,1,0.27686094297388175,0.14285714285714285
93985.33,20541.15,57,16,1,3,0.06,3,0.985,1,0.21855698117993522,0.3333333333333333
55926.2,7327.08,55,1,0,1,0.449,0,0.919,1,0.13101337119275044,0.0
