mfcc_1,mfcc_2,mfcc_3,mfcc_4,mfcc_5,mfcc_6,mfcc_7,mfcc_8,mfcc_9,mfcc_10,mfcc_11,mfcc_12,mfcc_13,mfcc_14,mfcc_15,mfcc_16,mfcc_17,mfcc_18,mfcc_19,mfcc_20,mfcc_21,mfcc_22,mfcc_23,mfcc_24,mfcc_25,mfcc_26,mfcc_27,mfcc_28,mfcc_29,mfcc_30,mfcc_31,mfcc_32,mfcc_33,mfcc_34,mfcc_35,mfcc_36,mfcc_37,mfcc_38,mfcc_39,mfcc_40,emotion
0.00030753833937064356,0.09077969812046265,-0.03645220766900235,-0.17478482683180702,-0.05033409753263614,-0.16951831677710058,0.10798053505811334,0.4419469766141936,-0.0029031767902366334,-0.022494193306826088,0.2667010020150624,0.24414274440554612,0.19095033542820591,-0.059411930420163434,0.17337713130625806,0.36082904715165487,-0.14395001449499603,0.08155419014839901,-0.2767639101306002,-0.12254663531193011,-0.26059595981361916,0.13976899205094048,-0.12090348995247224,0.25991971203169983,0.22619102019313925,0.1339573507645879,-0.4559848469482405,0.02992354921707216,0.14279575601526293,0.1725677359695898,-0.24990940972818929,0.0007101338391131834,-0.13773660428859963,-0.10926467544764608,0.3436179778185347,-0.13855007007267955,0.03973270662113147,0.2531797230173456,-0.12980679444248028,-0.027925487396039884,neutral
0.027616035812370147,0.032038757307110664,-0.2741817004328713,0.06689819045176357,0.4030394541956789,-0.30839284756010554,0.3077903064141533,0.1367316716497055,-0.040219145679209575,0.6327286682337647,0.33480541748994086,-0.1449012331607749,0.18322583037159715,0.31737747667443406,0.1334945555843891,0.35773081533588447,0.17547429228892056,0.36277002061703556,0.5581724227336488,0.030922236882900717,0.2506224522317162,0.08271488068500701,0.22777523321491128,-0.1046950096362605,0.04217784941141467,0.13164109372095234,0.3978960487819897,0.4509022750422643,-0.17596095575553283,-0.05442010202799946,0.2943503872915145,-0.37795649319602775,-0.008899301012531488,0.06862290299123149,0.39264706629372,0.23568457390298347,-0.03394022219803784,-0.060061717353437676,-0.04645553638613602,0.38088235011404004,neutral
-0.1070062356432168,-0.05982678334783717,0.12022952299286838,0.01767052158589777,0.014012541768863858,-0.20012346381574905,0.09006426739911666,-0.004002140518044595,0.41168039689515146,0.29589665732344994,0.13820458621627982,0.32201624818236685,0.07962938525044393,0.43623667036362446,0.1793401967541698,0.3328488370821864,-0.13061968900459733,0.282628142628061,-0.2235092545220246,-0.30899443660066916,0.12371858020645464,-0.02644012708003801,0.2369713293365092,0.7532927789477868,-0.020927546815937448,0.02470419031110002,0.2245560672730625,0.2878500960318204,0.11081947588909137,0.09275790690545879,0.30824027042829516,0.25012536210607045,-0.15152579279286194,0.07314930475479328,0.08721503413738357,-0.200287556751983,0.11282290802610245,-0.18240686312258386,0.2591099907226059,0.04818647815126813,neutral
0.02232662144226257,-0.1316637744707233,0.002429800202128539,-0.4515734403692522,-0.21951826887047016,0.1691032717692036,-0.43919712604678246,0.31854529559585104,-0.3163756659958814,0.3218091573142259,-0.06713376875106813,0.3496687634511462,0.19733457507493124,-0.21100365431598445,0.49297727431169014,0.5474300374177359,0.1756523958262227,0.12747906236537349,0.15857503332695172,-0.04395028106037263,0.4744844895735434,0.0628187918870641,0.18316052723553441,-0.006220478474486424,0.030484973607033672,-0.13874120099071613,0.48747240918548596,0.126074879877228,0.39640139704773314,0.14757163869707784,-0.04097635027756444,0.0384771378470328,-0.03316459740016464,0.09493440920498215,-0.01542338794722388,-0.011646830225155003,-0.29678053817646677,-0.16962922573372802,0.42960770094345274,-0.1678083040629293,neutral
-0.2635234469058732,0.10042489688710289,0.38390030606068504,-0.3156429427627905,0.011203136697476836,-0.07961981651171193,-0.347310234173097,0.2906248425401581,0.1142874732088846,0.15048499272131036,-0.0438373786426344,0.26861703311476004,0.029772435806901032,0.13747927863269754,-0.09637511112330183,-0.11702244151496588,0.5259865861512801,0.06918195427383475,0.2714618639085613,0.19139019094247084,0.0895514989437679,0.07155153223530591,0.3534787782698501,0.11663672119279703,0.14914233649425995,0.18624547622069637,0.46733216081988815,0.3347245168370159,0.2505710592975291,0.0033476411304524945,-0.21286764835345726,0.35753093578142137,0.3485049487807793,0.057767534627918664,0.21386428237289454,0.2586943622316458,0.25565924602375706,0.26242812448316977,-0.09781109892193797,0.3787432456661794,neutral
-0.3116482645714271,0.23152408299175742,0.15556527592924166,0.26626791123863713,0.5330856755344788,0.4495046903166773,-0.19334959238857752,-0.31527472984140403,0.3243707176110449,-0.12112857232082175,0.14113914230688457,0.3648528616168294,-0.24635256461766525,-0.35429003282048194,0.24551484200638318,0.1980997209404072,0.13065285448079383,0.2055918213510081,-0.01658712702220913,-0.1785358021837128,0.1581740869142335,-0.04438539794273713,-0.21491220019432317,0.31852389017459365,0.17165359143153902,0.28232222108027993,-0.07411865459959646,8.207521956685171e-05,-0.09483976443951048,-0.07741997729574912,0.18147651108550963,-0.07559520123614061,0.1959097374306289,0.1778836157633078,0.5846835686920406,-0.2848636627064078,0.269838727316273,0.009710265699447527,0.012585881210595982,-0.3624659554766528,neutral
-0.11504845318116358,0.20189262960433368,0.011462663167225752,0.06812672546032796,-0.009345571389840837,0.36703575871858674,0.08757649264788,-0.4432107528949553,-0.05286968477102687,-0.3595746201219017,-0.6686191144053717,0.02239215492245289,0.4979867357044122,0.18498505728953596,-0.11244633992916842,-0.04817171851352264,0.4747569298887766,0.23536478625806975,0.21054158521012503,0.18647235242479962,0.20943786502315057,0.3998931865555604,0.33409995474747245,0.24602979733239813,-0.07371384086041968,0.30846727814950825,0.002143311258764241,0.438058192153851,-0.16284171306550094,0.10983524539986578,0.13078496007534135,-0.2110129348134383,0.53738607618968,0.4580463262236418,-0.03750261843025575,0.25626389015142537,0.14253215027506458,-0.6213076096647624,0.07869281781274284,-0.0153360199583121,neutral
0.020804338368632592,-0.2531254162134494,-0.03525450538354918,0.0032984420119372693,0.3603571530633742,0.1620000870697686,0.09155587685808776,0.4891356647032952,-0.018663529593316033,0.03526695542931284,-0.30994826336600206,0.5471974539364339,0.4056798652273384,0.40241709188481467,0.3479146985338108,0.21454039545299594,0.24597585712185668,0.1329564828416266,0.14764166838887424,0.21341370256273748,0.5777951775252582,0.33746375027163045,0.18134309896873818,0.047255609715425445,0.028253626684168087,0.5813663397151989,0.29987690681366375,0.18148441275639499,0.06837553182735023,-0.13302286345636902,0.11590914228068509,0.3385629614651461,0.008758853516187742,0.03613398865861371,0.023134734112270447,0.09073219075983675,-0.35038958682889065,-0.02676733181972065,-0.19750556579517264,0.22114625814065136,neutral
-0.19264966914121495,0.16035500056851903,0.41319161935324206,-0.03053593246289482,-0.08706046427057203,0.1262513867535382,0.09243737750649655,-0.14151092160936762,0.23537830677594065,0.636503545017011,0.07971249065233182,0.10420194334936511,-0.09663623271354016,0.2529771936785246,-0.1310539692548306,-0.08972950755078796,0.5120204402872218,-0.030405134440207482,0.4688811671524453,0.5809273005800157,0.26466941400349964,0.3368896255323167,0.6840208663301481,0.14292152180984533,0.038751799301679074,-0.15761767927365894,0.18363185084347436,0.534382825908308,0.39481983771574725,-0.09128232088572644,-0.08121931430998991,-0.005894354487645054,0.17996018584939566,0.041616777632832794,0.13200680833278536,0.1375184432716564,-0.026830263812100255,0.022038770770816167,0.06774140804735376,-0.02099242588329398,neutral
0.1258802162485127,0.48381225707534636,0.18007532736425969,0.06181576945964951,-0.3581960570801842,0.17538259347581545,-0.3937249685330481,-0.24536535631347028,0.3338082659647871,0.3091832966823251,0.10675573988154169,-0.272581784172523,0.07175964395601872,0.0035205012028817206,0.339900273454629,0.7514358816439658,0.24633624431493842,0.0011303484004243358,-0.09409610775619423,0.18581422944224577,0.155639501255917,-0.08933801506225711,0.2250469393314996,-0.09562475800144093,0.46503006646940814,0.4463527383691153,0.44439289708099294,0.046084155526599266,0.2835511331950531,0.1112231131639237,0.03542151629753869,0.03536203856207931,-0.2180356530329774,-0.2680212895650266,0.27697201969102647,0.015524747780414565,0.10196934563941741,0.28250985328508205,-0.41718981001067335,-0.19603251845397346,neutral
0.04383371086626767,0.11411701040973841,-0.062186356428722146,0.3051579410319737,0.11593233346770372,-0.22495221273494995,-0.1397463095889076,0.3082609303492158,0.23610631696161072,-0.34214077810349125,0.4811685654343651,0.3044277501390028,0.5004325201028559,0.07727986048811673,0.10676353158899497,-0.09461102265074678,0.8263360148592463,0.15209457405666638,0.5954250728400972,0.038014686787494034,0.24079809771758914,-0.2192963468229092,0.1002413432167613,0.4380423494262814,-0.1259327053565412,0.4487469731557295,0.25751453471900343,-0.09639095806733264,0.029521674509112555,0.029474070292409588,0.12024469716253355,-0.013887538638177238,-0.09992880997557388,0.016797708780049395,-0.1783291126802472,-0.25904804440047463,0.035819012230671965,0.25280081256019415,-0.366249612535996,0.0008770378659901362,neutral
-0.1624890487003239,-0.22819304554032727,0.24544166935020678,-0.081679289415155,0.43790901952651434,-0.11656651906458332,0.18957013281521182,0.05007241358625942,-0.06835699943399502,0.2795432922925972,0.10549484620006108,0.3057236375439426,0.15277389637448227,-0.09824898306847185,0.1551727761248497,0.19999204091611808,0.43171936079657375,-0.030609121425341057,0.18870931150278444,-0.2306318829231958,0.36271106472014286,-0.07182896884055065,-0.2556317498624478,0.17729941375759017,0.4634244882027946,-0.20042165013089236,-0.09880381559021903,-0.021221949584589006,-0.1274531692199699,0.2390974615524091,-0.06921732961296234,-0.06023023126745469,0.25271951489613803,-0.09593402333341731,0.1865883464171956,-0.1795126942102162,-0.2551714956963107,-0.4267800661261786,0.48139401047127744,-0.08006475803274914,neutral
0.06098334198710729,0.008330936498145376,0.07207269542336772,0.06028475270110467,0.5403878585609692,-0.1813383257672718,-0.29642089211579054,-0.1460967518955285,-0.21352879959204074,0.31936504476864463,0.3493350418532021,-0.0854078939220507,-0.18301217093701666,0.08450591747161404,0.5284710563911748,-0.517889105912496,0.3237603145802431,-0.07298067645369277,0.4586335614549294,-0.06964318558487409,0.1284838428303538,-0.17802800034028002,-0.048356332216070774,0.5385634130878041,0.39214792000959764,0.08027304888440759,-0.04433801179417621,-0.3088550109492222,0.05650681439028485,0.13651467632218842,0.1116109421895381,0.0967004708535533,-0.17355924158117125,0.07637616306734925,0.06872497708823856,0.38597410821108896,0.5145464964456021,-0.002165000557895806,-0.17548317405062644,-0.01624553244049089,neutral
-0.15190531881360925,-0.16951514019321712,0.017419718191016453,-0.21296297493056726,0.21486028654904887,0.052414434675995686,0.15544671112374187,0.06115815623289233,-0.0616651589655073,-0.10436535828905394,0.08492148838762764,0.017730908008577934,0.2230721064811252,0.17209715495747788,-0.1598866000586059,0.20378357339417089,-0.14361148195891485,0.04183872402863342,0.12495337251514894,-0.31898051984351383,0.22271466159930928,0.23628761224819456,0.15645208205228534,0.08602430420837594,0.09360233351004797,-0.0634447802306877,0.10577998832468478,0.02644382230001585,0.1778423405373806,-0.15679353291745138,0.1915220089009451,0.1559531762170133,0.07150245718087933,-0.016856571362818512,0.21647829508954317,-0.35281682793817154,0.16297646739379168,0.09284162271914514,0.0869373868769991,0.09582814810816885,neutral
-0.16341110164821257,-0.04877170083201371,0.1913468389756394,0.15552294387828913,0.11501179012095669,-0.30018673930789186,0.22741641312955574,0.3992609132238368,0.3725663261083102,0.19109404384043538,-0.24517916143228574,0.3905571959225359,0.12778311399878944,-0.4599248312598537,0.2749919376988774,-0.18603969723280117,-0.13200652272249128,0.037218407314990376,0.5166895692903318,0.10712646108971566,0.26758569656849285,0.6355337657576684,0.5944655710724015,0.16626526836943323,0.12662299302195515,-0.13452757160031104,-0.0004094377885100198,0.27093636008192384,0.2538536828179426,0.17180004726225281,0.38132494603914047,-0.07294355041069933,0.09287403517969399,0.27575538153245677,0.22442979852899453,0.33107004269339946,0.14711823454877676,-0.04526838272765587,0.10664137880894509,-0.2506487990960272,neutral
-0.40986483288578157,0.16126125896763943,0.018297172966299947,0.12496553946176368,-0.36108749220006003,-0.012885184209342496,-0.057019644024128166,-0.10915986345860725,-0.44360529876801924,0.0489061611138962,0.3685665615103106,0.25017042283146546,0.014360120762279716,0.16948608784431268,0.36989010698157865,-0.5031012171264654,0.16096948562461508,0.331758167203813,0.36907393112815456,0.6250203513868213,0.4835992194084341,0.2766824835061726,0.2714521319373102,0.38883995932492443,0.05217149985149783,0.17064307318628022,0.399764831526522,0.653958076902504,0.11510416593259543,0.1321403171362969,0.18224458009507885,0.45594937634961,0.09931483932827269,0.46028439352654,-0.1632709823851726,0.0168245248260458,-0.0016781563138698677,0.2287086871956071,0.2774084079879148,-0.3773610895295581,neutral
-0.22877940645280617,0.10030643343746071,-0.13259115529990165,-0.3327438110543992,0.3229535917661643,0.20188584301042706,0.21623900862394052,-0.011968263885963643,0.37738306588942605,0.07263453254137896,0.41834930892450095,-0.07299529537012464,-0.04893708874221894,0.2243708834063118,0.005107050472811764,0.35586601487929054,0.2571255583585379,-0.03478467405732108,0.21675817505588585,0.11201837758747225,0.4287960069285757,0.040403529025059726,0.08616485654023356,0.4949128486703581,0.7466515958477112,0.6804422529790606,0.1890108336720398,0.21931044994578738,0.5382856579361961,0.1131317879076051,-0.1114627526361825,0.14936735220667047,0.2197723603585931,-0.1143427700458083,-0.3331644634027729,-0.2958487798782307,0.21422045390059388,-0.1575118729064088,-0.019243459349433265,0.05313967108445965,neutral
0.15478521977367746,-0.06763238593502335,0.1567611812917025,-0.1746519401726992,-0.027094907659208467,-0.17771057497495266,0.3758864384992329,0.1001223582088124,-0.0646784190599791,0.04453158213187239,0.08880836928794415,0.33005094019678327,-0.2343122713675777,-0.08609637964946704,0.08616327403270217,0.8200797067290345,0.4310233454592731,0.16809521062571767,0.3765416704223207,0.7141968420418979,0.1414018179404664,0.10693843879522076,0.4989440162139275,0.31564749685951016,0.35483653736772214,0.05363448710193136,0.6542558638425733,0.5919944735771464,0.29640793958371836,0.3153129490055723,-0.3741906864125998,0.2795759012218979,0.05836601841922948,0.20142106086580927,0.2490081749335395,-0.021989343266774264,-0.3747573171892594,0.12405089744011083,-0.16925259936675355,-0.08254852318108483,neutral
-0.15112746102354863,-0.06930025007045183,-0.5452979831449334,0.35209991466539087,0.126670124341913,0.356243137701731,0.5879050918612376,0.1125414458662479,-0.3304606111125481,-0.09084718094673716,-0.15748563075541466,0.029452331579281177,0.18450876769522565,-0.32734173599892197,0.26630896025746453,-0.19058591478438652,0.2664449380262773,0.1685853441142082,0.12013396502146642,0.1815770356489856,0.06489329570139085,0.045423913968567375,-0.22473096730876835,0.18469679361394217,0.6483866761929123,0.6758138526432276,0.5036594798931234,0.34104717339162083,-0.014199038654466145,0.5049281865228282,0.11859264303791686,0.1029295754068275,0.034086382265744064,0.11593510916332764,-0.030410403424999052,0.04238805641701801,-0.22328664432430376,-0.06133367001357754,0.5862324312308007,-0.017398506990486676,neutral
-0.05966514119294073,0.14918688351960835,0.20911271159741757,-0.2305790819355068,0.011543903059483232,0.3079622822057063,0.1604040416767801,0.1373816761010032,0.5086528699997791,-0.03681865826175193,0.1649269632456712,0.024906326051763072,0.5371738304477915,-0.3147600190622453,0.013154663051136578,0.05471400703010354,0.3579885281191719,0.3475269994358353,0.5473403398792936,-0.1936704109500174,0.38745655189193384,0.12522180874753425,0.029551821093909664,0.32699575566940475,-0.043031647146829166,-0.33853823690650414,0.08065045852622894,-0.20984593973174456,-0.0073079629021386705,0.23712918040653808,0.2106244680516986,0.5168733150922376,0.05697947848968858,-0.2903882632282101,-0.11063089218690453,-0.16651245739627335,-0.25659315675705063,0.14092405492541232,-0.14521477074796474,-0.4943432041717519,neutral
0.17423070077980327,-0.011763328433331579,0.12129157575968669,0.07429351903250728,0.22124728229738816,0.08789800872589894,0.4019952552783066,0.2131388627198666,0.2181653586946966,0.23509126106879816,-0.21991894617341712,0.11376205441460094,0.09976765079135683,0.2250917610470088,-0.1589834541519965,0.5955319427603107,0.21820078836540627,-0.10687125475421494,-0.22867996607509863,0.12951597620414673,0.1774189464026975,0.01896875332601336,0.2189865873894343,0.03180968051638433,0.3249178114636576,-0.00044536767514441467,0.16358002448065645,0.4093065665192659,0.7978382130931041,-0.10767030868888874,0.016497589126384285,-0.08981047160238781,0.302975245667879,-0.1940801920206371,-0.04269593942625659,0.055933277950917015,-0.19680650201242442,-0.20724900440574323,-0.10281240828712102,-0.52511006008434,neutral
-0.36136955426833356,-0.0871652082049484,0.06913991525705179,0.0014231363691131899,-0.38015857494955413,-0.037553250967984425,0.2925540445352978,0.24585954322339076,0.10046148746563717,-0.08921793712639184,0.30204458220681435,0.010188747063044262,-0.12771532743977332,-0.02734147803355949,0.5427764098656147,0.24204825808750624,0.4819153855882007,0.07612405208111157,0.4330791096158966,0.04946178872979473,0.16048095737610632,0.8201293398085341,0.3877452884833579,0.06681102849435136,0.165798488780403,0.2622459421434876,0.4758194781358639,0.04231350026119375,-0.2804087787855889,0.07433003618718606,0.13647089593909825,0.14753294503140585,0.43606569927122585,0.17211640398523578,0.28162256488101123,-0.21194482472090603,0.2648385049636486,0.5561372140856231,0.20932063630588968,0.06338892998517942,neutral
0.038497047101935786,0.46287887349984597,-0.19971311467616368,0.020087543368999053,0.17838549699484788,0.2643935989253148,-0.016387342018342757,0.18372351390736907,0.05066808250981519,0.1627423148484789,0.11121760437528894,-0.13047742709835647,0.1593183769228696,0.3924929612723467,-0.0610644859633421,0.1267303113433743,0.3582986384405616,-0.07150814627833973,0.24420135919665042,-0.06519465510404521,0.48349542484275765,0.7767471202895764,0.7015219514698945,0.1373084528829901,0.3720530307222396,0.2109395190471155,0.1987315547742089,0.5515360384131889,-0.1748739016805076,0.4080641388352916,0.12038053285922554,0.4722836079986314,0.15370150745042105,-0.07522336422279259,0.14767841615986083,0.2473253725177154,0.056804051385310146,0.1540918253107016,-0.11432548018215052,-0.5334709752112683,neutral
0.2250058959433355,0.1908832477894174,0.06912685232513545,0.0649657734100924,0.3224075410989788,-0.035883359397125114,-0.08368888193087588,0.05975569785156371,0.4174227499854787,-0.21415369441796223,0.44219798762226503,-0.0048922211858475895,-0.11058910175227421,0.48822053979246743,0.15646756322302777,-0.13805534255914786,0.10242035756216611,0.4287212381302128,0.49656032297505404,0.09306312915405125,0.3014179894086327,0.37706293291821824,0.03480150697936471,0.28086264111788534,0.1790337698481927,0.04668398430380316,0.050168096912156526,0.18135539364553405,0.16238436410518914,0.002868001137678572,0.02613825454811912,0.39848276243268027,0.16034994901980615,0.31421822605582433,0.3788488799563701,0.21054416367018175,0.6155847112031197,-0.17424375176942167,0.21819571201391824,-0.0795359932577729,neutral
0.4639458158428195,0.44120334409145123,-0.45647053933013315,-0.19435342777045855,0.22941182645887997,0.27586012444313407,0.2770856884485729,0.08917683318222448,0.233928658988465,0.29587989059473985,0.12477267208443191,0.41174648445593803,-0.4002775390985302,0.33165346064938583,-0.07782306614935508,0.42667270052943024,0.13493251610347443,-0.026238687362552582,0.29201731400567166,-0.02799557482712775,-0.028354174754534583,-0.19328181416866222,0.18928119170892524,0.3163095027489833,0.4427597450698936,0.1452581214748237,0.4351688828687992,0.16908701696243178,0.13159887212064225,0.2876312264332104,0.3972227256795984,0.03478983923294768,0.0459527597365706,0.05273678323379392,0.09908560371997473,-0.16176845364099302,0.3048646478740834,-0.06802015177303122,0.13170417793781125,-0.20636814305598114,neutral
0.08970098820222343,0.11399156768092887,-0.07308809552778148,0.553085491106797,0.15609358907077053,0.5226255527163611,0.332729365383285,-0.05867553653845643,0.02460174893312192,0.24165004848746666,0.1595336224284506,0.16728627780526403,0.0930455345850937,-0.27891400817836104,0.12433192606690358,-0.367527117443607,0.28505851452250874,0.014443683551527059,0.01968759327657507,0.1450118507268192,0.26800588620828,-0.159459769614378,-0.2411921669798981,-0.07441284554867889,-0.3234286325125979,-0.061022315550248035,0.5709258383876292,-0.09954970594553161,0.31777228609057684,-0.1986682125975209,0.20740456979128252,0.04021499979442536,0.09193996884199204,0.23513903300063904,0.5174533533010599,0.11201018621861297,0.07895287070653534,-0.21125967319902658,0.16192822757642844,-0.06151808263631765,neutral
0.20800176072710747,0.005166701122102,0.4672961821240148,-0.44786599292685497,-0.010816241278474054,0.29876373167232984,0.005271585137506946,-0.091150102025805,0.05367830141270016,-0.21235765525367534,0.17397893239120527,0.7650364524088369,0.4508546477354133,-0.10404719587192962,-0.03764518365999672,0.08582129628146953,0.4432076542597586,-0.009413621883843343,0.025983920082727346,0.4210251580130401,0.4160009422531006,0.10508810972224868,-0.08348272318474453,-0.19533258348940225,0.012255716809556921,-0.3769421386458058,0.36066005123436656,0.007089098227591656,0.27524440842681547,0.6113217113690964,0.42587345843137514,-0.16763525663915185,0.32420541184473367,0.38240889128786304,-0.108195807552008,-0.17499063200770648,0.02044015852287622,-0.3682735812074933,0.38377705106873344,-0.6013409482576226,neutral
-0.2767018539355151,-0.0512979772589468,-0.024689516661118766,0.08939417614316764,0.13119574092900366,0.024990318315652967,0.3771662141012391,-0.4279508771837384,0.12010732436835561,-0.0460215712806904,0.17736884825463448,0.21011095185210063,-0.06336044594496598,0.012967831623014625,0.3788367677350375,0.2742673156998294,0.022041513175655003,0.7059308702439392,0.7758361869433813,-0.1657778201057748,0.27528653970939976,0.8257903837277086,0.39193278770467666,0.2473686580544111,0.1349890401972247,0.04539151545289638,0.12007640510195378,0.026914420076696893,0.34114808200503943,0.04470207629590249,0.022336653645644702,-0.1803917188596743,0.0944956966304844,-0.13058578395099707,0.03320577978974156,0.32378748694067766,0.13934435443529322,0.15826357986790984,0.1051160386827961,0.01479393254787335,neutral
-0.03183205766790747,-0.06085824023207144,0.22186150837982005,-0.22319681946455067,0.39851424531668056,0.08691283764321937,-0.09423046323558974,-0.01539335453444303,-0.049099147449432154,0.1726761564051693,-0.03522027165331415,0.44045379206146507,-0.030812974974829516,-0.39492540184665575,-0.00205953625939731,-0.3151270447878314,0.1821364096831103,0.46074762500128147,0.36048172488602914,-0.13455957660249673,0.009273979242314101,0.6432001587112821,0.27558598259203704,0.1931332954847892,0.45101888883547236,0.793875368279616,0.49734840015182247,0.19945058687137607,0.24359303636173674,0.2985104372433172,-0.020550092479371868,-0.14453141533176422,0.12000543609790541,-0.1438581729570264,0.0630277172132479,0.0873643587583172,0.6331224633282456,-0.1806802424925896,-0.014353919249388458,-0.04107572239613317,neutral
0.10932763334383268,0.2777743966392508,-0.09053861923511175,-0.15747487466874627,-0.3468440552226193,-0.15315780222869665,0.22705484305290236,0.11830492568136093,-0.13371004587894392,0.03943266252694466,0.1521087264163292,0.2808407252677635,0.016248184969099827,0.11059506634241918,-0.27391859641297583,-0.10084320202240293,0.5965325368709856,-0.3510770377652578,0.11409113666110411,0.25463735697037776,0.10625048830255467,-0.0034976060217385974,0.18068849731162048,0.1908622719507046,0.16647389730410803,-0.28873794336595243,0.1363541737680387,-0.049181399394157665,0.01798702366214605,0.20098418030412624,0.2928067192683007,0.34434278640806415,-0.01721009901916186,0.32394532858878305,0.37182520512801287,0.34749307989680944,0.39530511756037,-0.004338370308175944,-0.027439665024970368,0.2062626948485872,neutral
-0.3416310787820082,0.0684505755604304,-0.1005574918709265,-0.04433412985784048,-0.3720450132143502,-0.14424275447878693,0.08782115204447494,0.3290064587489624,0.3676551001996084,0.11254291289918116,0.09691840016152045,-0.052748804388554005,0.26518589742276605,0.11131058063000315,0.33216122170932744,0.6249249495685734,0.18400988301082105,-0.1783804881350644,-0.016670835937601075,-0.16469906069984042,-0.09943962271943066,0.5248594556909778,0.2526230237730743,-0.18793998556766534,0.3504112900446134,0.49578380544179707,0.08323644139792226,-0.004400936605490208,0.07057656424429362,0.21539211703230576,0.29261706921225183,0.41570266235765424,0.4100127167038517,0.3892955964654984,0.4188736799170333,0.22868054621038297,-0.3348635182254849,-0.0006588012068524662,0.0945734418991913,-0.09578156625192494,neutral
0.22781521372549246,-0.07396017930303102,-0.19935450131937546,0.4089378827172771,0.22983467621187892,0.13320676802211026,0.32462190727371365,0.3725267250594066,0.2054074055907697,-0.48179082307541443,-0.024656873198167478,0.040776209970953645,-0.08145345059955245,0.22287443923696654,0.47874062013491187,0.06577685223531586,-0.09160454509144392,0.7029668331360784,0.0856823732952275,-0.10840343154399884,0.25925711203892865,0.3049624202169943,0.01969560798828518,0.3897170159733411,0.06517338896541444,-0.05004764192552069,0.21785279788810252,0.3572890174599689,-0.0035418804331439346,0.22689687847231738,0.10925162179682163,0.8262568652816318,-0.07024675506521261,0.4389875345436318,0.06530674986229354,0.031643097842222044,0.22827941074162109,0.25557989780667767,0.33284722398169314,0.0821629337837895,neutral
-0.15009909743948133,-0.11831821230267049,0.1594955538923895,0.19308810050944686,0.4128463339344181,0.18300093582668908,0.35798670072318833,0.4860859239215495,0.16134858898037224,-0.23876513124951237,-0.1505787821563821,-0.20452972468209712,0.5624943684322561,-0.038647067950347475,0.48865047827514874,0.3334362264280516,0.6209209040360364,0.4467315852804134,0.1729492095162606,0.14983018703599676,0.2211297296208506,0.24235701279432514,0.06327221262759944,0.1839465479291108,0.5893332640376816,-0.24484449078433684,0.237827115638603,-0.06214142831645747,0.2016802630667511,0.3542044332708131,0.11822198653373638,0.31339518280969625,-0.2905666851204863,0.3696919125751219,-0.07238898869001392,0.21893561620838586,0.09347515685162902,-0.6143082886093943,-0.17292271662421016,0.055127091983850574,neutral
0.3884940203922814,0.08791038521926285,0.09650622611423698,-0.30530788954983495,0.42112027289116705,0.5301625707690439,0.10008839518974748,0.05195390317053126,-0.2846139761048191,0.35345479638728194,0.8198103208918682,0.3341992610621538,0.48052265271703065,0.30872690418392923,-0.0655638847201124,0.5211714062920487,-0.11654010254115535,0.14329190399269304,0.2682547110702422,0.4205652148284783,0.30383421599205485,0.2952504000279639,0.005586113301262824,-0.1302392311638395,0.20237341560288583,0.003141392611351934,-0.15374132626042505,-0.15188984469675396,0.03238887382225268,-0.31890422557473885,-0.204242644062934,-0.2886357794197173,0.15245803117097606,0.19494069178835832,0.5801785627677216,-0.3110488510478011,-0.12203610686990404,0.26023510350225304,-0.038100137503893836,-0.08174948467694984,neutral
0.42729242583488825,-0.06850822613683677,-0.25696646116194966,-0.28137185710922336,0.14725717933877763,0.15470372282350678,-0.24998095816279048,-0.13945589920601753,0.2538266123014988,0.2769412247794443,-0.016565031432234423,0.31047504282852695,0.3075604200013715,-0.2725653564229982,0.10267414930989892,0.29078464631736345,0.04883469678527769,-0.3387748368334732,0.12778809445308048,0.38786108961966687,0.5949391960875972,-0.349153890493887,0.849288466799521,-0.08968046043104272,0.4262459662373659,0.4892396045556741,0.4189594057903382,0.20200139306882525,-0.13543342330644986,0.3008801864652808,-0.04618376254571857,-0.510525283011726,0.8141178236546284,0.26997013989892105,0.5329126040936498,-0.16457210311331605,0.41473883871048645,0.42954954570880116,0.4047306948686388,-0.005301583303038076,neutral
-0.3006155109356498,-0.028234887972563787,-0.5186100222700991,-0.3776399644933722,0.08631829404786172,-0.16945629447003024,0.05183292054506614,0.07964322737522045,0.6028302149771959,0.4570311740858953,0.13302234342805644,0.4571458759078667,-0.03033151299385431,0.08898082473317019,0.4082461644514256,-0.12341189585566575,0.12235844025121818,-0.13425333461355748,0.22790987677660346,0.6079667385316723,0.011813577359070876,0.25501164879806804,-0.028372345000671095,-0.0952836134838227,-0.12195913154835356,0.5443781072744774,0.7638139484112862,0.28535769950512524,-0.02415224991880352,0.3204633980545596,0.04904365006240077,0.320498039731939,0.1796415747754201,0.16287067212252604,0.23021233681583597,-0.08153981048399471,-0.05322882292070366,-0.3982291413419364,-0.09437404662001954,-0.355583172516209,neutral
-0.03617029975998539,-0.22331442360321901,0.05739086125187909,0.16117295946144655,-0.2916970440059248,-0.12492645158947621,-0.14288334105009193,0.29351652149517077,0.546738959694302,0.34550868549059194,0.0568857575439814,0.521172589774563,-0.2139301609315864,0.5480445937889107,0.016636535346622155,-0.5080700552515964,0.8548048070974638,0.5904638989893439,-0.059429156960416035,0.24208996153260387,0.14621293657101386,0.22409697564334377,-0.17486347897685478,0.021730126659575993,0.3039935692239877,0.23636412941097024,0.47301470825854464,0.18453433753550474,0.7422264138400309,-0.03469239982339892,0.197457629636545,-0.3589310211357709,-0.20639011696557596,0.4250761246415961,-0.15730736989764915,0.19600239226065252,0.03242041851966193,-0.22905498325034077,-0.07096900480344467,-0.12855840866168006,neutral
-0.1218414671144844,0.20449536647520594,0.1951683947756971,-0.09649329129925242,-0.16344210219951077,0.1489776556015937,0.06794078147110459,0.3639637808380053,0.7839718455009438,0.3433556402543563,0.1355579217027113,0.11190999964576646,-0.04957675693731012,-0.05346311533875844,-0.07016379070319229,0.08816945568573821,0.08531776088606449,0.3818908070489104,0.09879202106949708,0.1504753705252945,-0.10473070675463922,0.6096856821188618,0.32270473280509254,0.6393219146322529,0.3862246965460886,0.5530990749003992,0.11108319939564608,0.343886975167957,0.8312975847428946,-0.16164312593269078,0.42669177041421447,0.5446345074505796,0.2121750596529151,0.2842477433379738,0.39830193890027804,-0.10424019273107245,0.15221606489348455,-0.18991897773313615,-0.1567184465870109,-0.1578906864028958,neutral
-0.03656706817304821,0.05353722336421097,0.14784054792620216,-0.31486403959632736,0.5700274542204304,0.3742755611610805,0.27883532675694306,0.015260567323883367,0.09732178616403807,0.272916136806473,0.24960048606758398,-0.2753446171536752,0.35441658924624697,0.9202669778577146,-0.29263240061594775,0.4419226539456059,0.28672911609526375,0.16735432548056856,0.5502957098251887,-0.1035612786357391,0.24161154782894217,0.574030437801677,0.14543349420031726,0.08478786406963185,0.21649755413656985,0.06650124992086959,0.5704972633302877,-0.06836517023905794,0.37915380994817427,-0.17743046042284535,0.3045176323286215,0.09319858545375356,-0.5568973276049097,0.09140884607032064,-0.19580261334654803,-0.05086177938813603,0.44325108251982137,-0.25506301558861477,-0.2563942926883023,0.3702207142179501,neutral
0.029799230117049148,0.4122760431412368,0.11523409970052467,-0.17890303504409094,0.04629175579646706,0.3944254295838223,0.3348209406215373,0.10712104824451195,0.13268437052570375,0.1036994216193644,-0.004426303342822485,0.6513909297093169,0.16644506571995119,-0.11752219894120458,0.058085699767754254,0.3737082137281431,0.3569934802958489,0.16070837174015212,0.026727535660912405,0.20598332986925796,-0.23033408787893914,-0.13606902894074477,0.40130802894333684,0.06891142362318593,0.28337423201026174,0.49383822018979723,0.3401832038818483,0.16989418650825977,0.7019164584982089,0.31586518857192836,0.041509445662663486,0.3083226344618169,0.2117297886997525,-0.1270518586615766,0.09714712299138553,0.020927548662452597,-0.4575249530683487,-0.012230608146093128,-0.05667052280413197,-0.11265983375614438,neutral
-0.4227741995479085,-0.0750691908194232,0.02188173349042007,0.07406201803466224,-0.22850630135403244,0.2409499867447469,-0.21947320520705688,0.04938286145193892,0.4555631329617773,-0.045314793854077384,0.012990069976565932,0.43075926169992484,0.0659183994743608,0.09689098447050928,0.2375297581745052,0.4566080251607499,-0.3740528554128427,-0.01683465772507281,-0.0601865853838813,-0.07876557063654965,-0.019608069201863615,-0.01684530240669707,0.2732621432085121,-0.03592830154164467,0.2183993180274441,0.283545230640051,-0.013808214413581155,0.1980658170320801,0.5743007712270514,0.22675398052178997,-0.03062032431681852,0.10351830007780916,-0.12759234297248018,0.1622286887491048,0.29900560683385047,-0.14615247492777178,-0.005622825962568266,0.3164062914349807,-0.11102811355482511,0.04802562575256121,neutral
-0.2615327000136945,-0.1931031305673968,-0.09878354121948293,0.591943138661085,-0.03892893657383624,-0.054096349545390665,-0.04785374771053104,0.06549257671099198,0.2841309824358271,0.17999714089904145,0.6586941581438618,0.20836960404875854,0.5264478105178736,0.24238285976310264,0.3320854615339384,-0.17389673639124548,0.1603387602914798,0.1787211952512539,0.1378025230952429,-0.33838185716340285,0.41999391510247813,0.10175419239906543,0.08644029984687465,0.12831075706623496,0.12998345131847377,0.28246469211926417,-0.14455298213442833,-0.0681637410505179,0.2275793163403808,0.18063619229885378,0.038460829420975964,-0.02332964856264974,-0.10171301056692145,0.07835584343483651,0.3735764402698761,-0.20117908908446835,0.4286926445200523,0.24307762251665918,-0.09714762058413949,0.19576871886577155,neutral
-0.3664758542155218,-0.41680042254696503,-0.29036330786624287,-0.054573483471036396,-0.018018893477125833,-0.050392282313652476,0.11780030704994271,-0.42689531170410994,0.24398580443548182,-0.22220061307492384,-0.020972161837567088,0.05170837579228112,-0.12445588600688945,-0.16954483640250934,-0.07083032938150041,0.1840223380017883,0.3395991670911339,0.33701692483444023,-0.050080984748012036,0.001943512581325163,-0.030312991528168104,0.3109948528437302,-0.31339691472118447,0.5016884374718317,0.06580202971466716,-0.015191129028019279,0.25806852973377864,0.4227515369553194,0.2405668065867624,0.4074266037984161,0.16621423581160066,0.42755810427452917,0.41818317488023427,0.06807493707573747,0.4381947939537533,0.10451702408866906,0.0695864379330185,-0.1982861614402963,-0.05610168770345335,0.1943956864608957,neutral
-0.3281617274341014,0.1784993160746638,0.1192362439889181,0.11725348692004163,-0.4882894500956974,0.05258259206336534,0.255009636331493,-0.08384557400398514,0.14272512762204154,-0.4618937856188958,0.31208874854088,-0.01068721005340495,0.3824360100704127,-0.28749148822616866,0.35375693400348746,0.12776842662400378,0.3940045717435146,-0.03546931636957143,0.043927518633805895,0.7604506358399494,-0.00765023797499359,0.02203497296764076,0.12681262111718283,-0.06353605912881699,0.4846174451246563,0.6119434154731396,-0.002821435888946261,-0.2669112715745918,0.4479153181132196,0.4213381174166948,0.3380393296928057,0.40927631153482424,-0.10998815123039044,0.05082053224076881,-0.2676340791131221,-0.2912071086361586,0.2931384596748946,-0.135896059439225,0.5859862122483599,0.018545027495643008,neutral
-0.16010620380842855,0.2155646146699346,0.4823978455713952,0.16939587271379838,-0.24095269393811797,0.1711440224432807,0.43684414967543617,-0.016417072031013488,-0.07326203650522341,0.3867365094888845,0.17923242459425814,-0.12071453330515441,0.06966012278334582,-0.015710541984601423,0.2547572531396816,0.21442437691046762,0.4797153830913311,0.373374390903765,-0.19234172368773236,0.30158543249813297,0.42407087955266515,0.3125115915778318,0.45347304522832405,0.05470937415875199,-0.05070470828437995,0.41320759323270084,-0.09316108711453983,-0.37528761001569444,0.4112459785297851,-0.036805741948413934,0.05610798139574234,-0.2293463842100072,-0.22448873152572002,-0.1962025760851483,-0.011769140960937757,0.15583336779927723,-0.5265896710818402,0.2201255498260577,-0.279406226953805,-0.26657793948851555,neutral
0.16946384701874845,-0.0025651693852533075,-0.35202619038862,0.5090113046661048,-0.15182180247490124,0.1402223099588867,0.1429172215607175,0.4597249556913588,0.006231243986123888,0.3846469527438076,-0.041231891110768804,0.4354532069910857,-0.026149384216728383,0.08265280610326384,0.6546817238968342,0.2662460955666676,0.21954336550194736,0.7564704491614673,0.2888809433279813,-0.004196527297837427,0.3834947992079421,-0.09687845443241375,0.47803726509443295,0.4935980622813166,0.043763453901776106,0.023714624601114287,0.2173311463446154,0.16813556112347242,-0.08950091185105535,0.2862624560484667,-0.37784439241779333,0.011933588283327606,0.005907924011324325,0.02462824652813425,0.15519929831594523,-0.24367200784448861,0.19499190366646513,-0.012956247658868915,-0.14646071421006124,-0.3417065336239026,neutral
-0.2957773179331545,0.10617450675065862,-0.20888002121397747,0.06391280732049884,0.3288293374498256,0.33655397580857616,0.48304387459945997,0.0328198343461073,-0.15113881510710325,0.38775590924511744,0.22164145209490532,0.43590865488488584,0.167360790942235,0.47211658687254676,0.39228694193564306,0.36610847439148864,0.3179843417754115,0.2953828835407316,0.2568007265732775,0.25631435951657655,0.4473864485242399,0.07054685634187446,0.6298794144319062,0.16554298598647257,0.43334879730929143,0.15812978997486574,0.11153858189931509,0.6726571446114263,0.0775847960651867,-0.175063701200148,-0.045896008107024794,0.040841464470545735,0.6456911284050042,0.14463361746033238,0.31207167192183927,-0.18706639045972628,0.13601520529779831,0.1999518432706679,0.46650005260943317,-0.17406761208099475,neutral
0.150872365673461,0.091739290856677,-0.22334642146144226,0.042999073960966375,-0.0025351286238031318,-0.5029480345146811,0.2426119155043111,0.24195402016144263,0.010414754348590835,-0.20201595450551552,0.5142107062519183,0.22142081421398008,0.4187720966816366,0.5257855299323916,0.05046339084132104,0.3900418816972745,0.13181636890874662,0.18032097003348327,0.17713787065993936,0.19950806652055472,0.47832784954164875,0.2294986575767636,0.15752494339392953,0.1229693144471215,0.27233178583838313,-0.04302692890490131,0.04754047311939655,0.15152662790191768,0.013458914313439096,0.11462145123454429,-0.020069684081592237,0.621137897604839,0.43915835038752116,0.20543267517486402,0.0649886924372993,0.6110246394600973,0.12860135987591664,0.010370879204337286,0.09187490794795969,0.07648580160297937,neutral
0.35257942662093206,0.011352140622363081,0.5569134621858649,-0.1726421821429176,0.2368461529900055,-0.17206337218993653,0.5472198735647448,0.024251805502266285,0.10560113489449209,0.3636837582237893,0.45807566047581805,-0.12304821678154321,0.07805702526834925,-0.17552573744305466,0.2150163747659566,0.1616601147517502,0.10487011663638324,0.02484279568330111,0.10206515885764454,0.013238964951701682,0.33207826014084457,0.5775292866207847,-0.2867228967338011,0.16311174330841455,0.08246030501355715,0.30378223404740057,-0.0647366735790407,0.12798781550553787,-0.1049770532540949,0.3184149503369608,0.15744318913773217,0.07977981145671298,0.19944014747814728,0.03132380825101813,-0.3100619237721921,0.21226620124361156,0.11993067547187913,-0.006437644214666562,0.26232454640173425,0.3046238874479715,neutral
-0.2730706585303802,-0.17917570425295487,0.4189035301135146,0.4025760995053397,-0.12126468338622988,-0.2167841910871479,-0.06644725402524106,-0.017635936478842887,-0.2758680051240844,0.14041634483547372,-0.17580423796661682,-0.14767642014484994,0.3936233787452573,0.002407761886697557,0.16282229139346444,0.3442773374560075,0.3954096403490802,0.11170309821026356,0.20957114448326108,-0.006513697714374406,0.6366827237490689,0.361029229260398,-0.07985181457305435,0.19311811454036001,0.3653911703769472,0.3005428285642607,0.6304976102669869,0.5076765514745849,0.0200943779089002,0.12194536435319739,-0.1877608165958876,0.18251169856995686,0.14464843011214434,0.7688153500635136,0.1027870980244184,-0.45997949640247776,-0.12015848881862809,0.06016955905282049,-0.29791050940485575,-0.21680192101289192,neutral
-0.09140895205702591,0.10154622235974826,-0.009253246631518885,-0.17444498900422228,0.26025390738407533,-0.05651604040912028,-0.031882576444188876,-0.23801973276226102,-0.0763554825428698,0.29556743061944757,-0.26017330016467527,0.13712756870710321,0.3440280289974516,0.07892792897482416,0.24063771652331722,-0.09219525430864839,0.5196730978724604,0.47122071443414476,0.25741654561544053,-0.2389319153446655,-0.06165278478995215,0.4427175403024465,0.6242384029781292,0.26625748232252483,0.49883298204600746,0.02874966106669144,0.1258582916041615,0.1648837490695585,0.2606951807992808,-0.2379619081424669,0.36779124228273263,0.45078511393929466,-0.18029062198443052,-0.24589028340620944,0.16603335062641988,-0.10024437776781843,-0.5448442877919589,0.2342281351778929,0.05499191796860247,-0.1191617494519606,neutral
0.528361073177684,0.05081937666326003,-0.15627525890474822,0.07315108588259825,-0.19668371809742852,-0.11203337153817111,0.18953533494004987,-0.03165638632750288,0.00740493435503746,0.5498607468583544,0.35915268526535893,0.3556274473922359,0.2968009487282858,0.29425547118793655,0.5448363116488617,0.18211675204329267,0.6559821535512192,-0.041892286582123794,0.13478235288929957,-0.14481129070965792,0.11389454471107816,0.32815238305821154,0.5587698527147493,0.026271737777048387,0.18832936693685692,0.09088748696334187,-0.011444904439335851,-0.1327480902081011,0.1700862836909816,-0.2887757606400271,0.16026031935428398,0.12538643671953428,-0.057544409505410565,-0.159781258068737,-0.267683498430248,0.5311657015047296,-0.2876298831896953,0.42150784605908354,0.16613450371022456,-0.09100524207122006,neutral
-0.289269210930417,0.27671668795834137,0.46449505535707164,-0.18564296934494257,-0.011352702709813131,0.3412992631704428,0.1768904744154644,0.6068834042645986,-0.022387659520240452,0.26819733374053656,-0.16849150301665378,0.6788939249902926,-0.017988429893332186,-0.37878667656691195,0.14924908160716935,0.1521455932587528,0.6709965004667221,0.11125321906251782,0.19538083878408685,0.3481975176125092,0.5964054704116846,0.1827343712164116,0.45582760380542453,0.32162476934151984,0.11294441484659243,0.20007869741984624,0.18037355047107378,-0.06440938575065175,0.45834118097705573,-0.20216457369827975,0.42541676228586434,0.35875328512874055,0.08363085070559448,-0.09841645245968107,0.02178705055653931,0.18152726325909352,0.23362774269849454,0.1038119970565094,0.2641273977785502,-0.1393586430068673,neutral
0.058644099625006184,-0.3759931389740177,0.22298892088090227,0.08615719584540821,-0.04055994553338721,0.3687789266518271,0.2658261716078805,-0.5972053952104566,0.13011926491443598,-0.23113146753378755,0.41090545808585194,0.7771896980917352,0.03496339549989538,0.19184986888237007,0.11793169344492709,0.27470652659213907,0.35324087622847544,0.5177566145435291,-0.04831355880483537,0.5927465025902154,-0.03304066437658876,0.2678139496621107,0.485602290302625,0.37040330692577395,-0.047640486710004676,0.005209182715945615,0.05762235507408826,0.15180445289725464,0.441659304445215,-0.1787123699066859,0.24929990780134476,0.2726415608908135,0.24646534576498835,0.2095212180232506,0.457972852301994,0.18528568460185318,0.262102943997503,0.17296888240339398,0.46437152192541836,-0.47495118489071825,neutral
0.32052714427982154,-0.04916437982001466,-0.03809695893754456,-0.19450605294909107,-0.40384026824141195,-0.017080389917375788,-0.07887869297068885,0.23043666009073394,-0.2479171653867594,0.49052782653418975,0.21222395027235424,0.09294531948283388,-0.012759064117742469,-0.023596683106227617,-0.10183170423307741,0.050913067310291354,0.19361622604990206,0.1516172680475525,-0.1550801936315859,0.1333807393733896,-0.023457929199956373,0.23851232108513015,0.6621210992094826,0.34835929585459213,0.10872326383154367,-0.22553070644654738,-0.18047599641280845,-0.2570840581901912,0.33641310821574033,-0.04702684804223825,0.14827459642922097,-0.03535509278800367,0.12969230069393717,0.4433639171311174,-0.09284316105732907,-0.021905236046740356,-0.15372284497505165,0.25072598205138535,-0.2403359837352142,-0.28324581112724123,neutral
-0.3469157413929061,-0.33602506480421623,0.14980584083939547,0.6901443878962942,-0.18551048034144563,0.3162797777985905,0.15572139482684638,-0.16861247633743448,0.050973565340848764,0.0743953627304623,-0.028434983437150924,0.6375727107936688,-0.3119333692355571,0.26846419280365663,0.26357120708050574,0.04209919898331396,0.22947933867011996,0.4153593725824293,0.2367255586795295,0.3041691302694839,0.3730657829523468,-0.30947222278452613,0.565552661776364,0.761679614853205,0.4322020119661606,0.4341062451044151,-0.17885666357228144,0.1349896810503614,-0.04808996079464356,-0.0025580756162592866,0.3743837588897956,-0.08082669396249634,0.07436784205175342,-0.38420054593667113,0.038785321495622326,0.08583778873170417,-0.1283344191771709,-0.14788944368788767,0.4876990352392377,-0.3024360714762342,neutral
-0.2626542607250967,-0.18615930508205336,0.3317870118252765,0.5732487438129448,0.14637756169680038,-0.10093618201311183,-0.01398845587628253,0.3730962445965041,-0.10761851688061332,0.495861188453728,0.49838503552277685,0.17247299615061,0.3261292655060578,0.3606415677147529,0.5692426159619686,-0.075859688630396,0.48740478495528194,0.10215112999879004,0.0066015289257269905,0.2255059075997032,0.14625172798763475,-0.048331469775095226,-0.2033744766253069,-0.04342010214919553,0.5500925549527719,0.6713324627838612,0.33573419226291695,0.461078139406632,0.025712750967929077,0.12495257069831985,0.20331571471815757,-0.15017394337886653,-0.1405928764895264,0.1172389610850513,-0.001682659754922461,-0.2025555961245104,0.14449616517574876,-0.03373756894752943,0.27143180145823337,-0.0012952754544540298,neutral
-0.07507661477989885,0.04801160991357419,-0.010913607328171857,-0.11914837906534027,-0.03715542267688274,0.2657480824688815,0.25457381360849674,0.42845011756658313,-0.30310003297232724,0.034351861917331084,0.040596653206457695,0.19786412044247892,0.05155745870376338,0.04490932884137708,0.3764338177862762,0.23152512737110695,-0.09948738329363196,0.5295847106972321,0.44772978739676406,0.05634788792546705,0.4076579034891491,0.014750964831348107,0.4773827330243934,0.13764581230423614,-0.013707350318584138,0.08741398796789396,-0.01825251186402571,0.21263168884355743,0.19869730079999892,0.15319123078830849,-0.0065293297672589234,-0.7951219997041021,0.13010206905624394,-0.3811139600754771,0.13944040986426626,0.3460320336908555,0.11633454250369273,-0.06527689256617553,-0.0288760872209261,-0.03326565672838778,neutral
-0.1373104064945964,-0.12985405964640517,-0.1988917349788771,0.3449036945234498,0.059445280463264326,0.3174611708954545,0.030431873772525028,0.12493510274166493,0.07755279122671735,0.2483335454049649,0.35089940267386693,0.21484714768970817,-0.003857268146780446,-0.021783375980534092,0.5954827213972718,0.11699382965021027,0.1193280847620684,0.5622099823827915,0.4705070634716355,0.33329728411682635,0.09998866578069392,0.7868411728206626,0.29420157731094476,0.32884999198581183,0.14422671562069223,-0.17288677384736123,-0.16048543549905206,0.26634132111286923,0.2528783498958759,0.08424090847586363,-0.16029641654893947,-0.24026601279245346,0.024930499144421428,-0.2710873485868774,0.3031221559589805,0.35149979421030875,0.755121673630839,0.25166161910507984,-0.13211908747269022,-0.21791624647627444,neutral
-0.8629320222315674,-0.13262897088213071,-0.012161213146639774,0.289814947116265,0.21623363705704735,0.2254807570669573,0.14635153521264085,0.2721206728336885,0.4820484532135884,-0.13359469056333878,0.029915393286470485,-0.19221189883805545,0.5692618506539819,0.4974223615638985,0.368761127792272,-0.11263460634385009,0.23533982320017205,0.13729829046931996,0.2187485369665557,0.15280826723131202,0.3298260058283025,0.09983180757580412,0.40960075693110903,0.2524523368895736,0.11373420548160827,0.15272674519100166,0.06305822802520027,0.36806778499468706,0.08705487112325593,0.21796308874780715,0.03452338452949111,-0.25112701600596715,0.3334192665695014,-0.17158699379501807,0.24818356407535438,0.1683717927329183,-0.36614522739606914,-0.2040881351833836,-0.112431846321002,-0.20517951056022418,neutral
-0.2955176839716506,0.20111723371802703,-0.027794094227383895,0.14428577785424035,-0.0442935147438987,0.15472546609809676,-0.09484309051033378,0.10026397155101241,0.2656099012764639,0.1438927353719228,0.029962930568042903,-0.11674563208030131,0.20650501367710264,0.25944145705827204,0.11610022445979967,-0.005326834193215779,0.3277493807300186,0.8163907409508866,0.12292628000573594,0.2840226608245912,0.29418604534212534,-0.4430744410910802,0.2269237167538394,0.015473946745207467,0.533175244499637,0.1171936316490748,-0.021178870761673463,0.10997193915927542,0.19656125688818718,0.004264096828324487,0.11945883681247398,-0.21839150503807714,0.05057980349829056,0.2868628534303606,0.5706863908890426,0.23996231568774312,0.11584659783049371,0.32802372065516106,0.2708704787333645,0.4159606754017187,neutral
0.27066396346221394,-0.013372581594529791,0.0966941593301125,0.09265344660689476,0.13886839963658398,0.1284735942320488,-0.10266256504243575,-0.41901580692779933,-0.047771200119816074,-0.3738840904437529,0.16123026631436496,0.1560550894038401,-0.2542968527120584,0.3452471225388726,0.3974046081008818,0.21096619581039808,0.6090201977879075,0.6638745163549,-0.10295672425695149,0.459014085584579,0.31004976931276057,0.3031217189562917,0.42957000982007487,0.012311673336671103,0.03891014023082748,-0.025977941101757218,-0.015520512583692692,0.13996883963394197,-0.20803504969073472,-0.11719135477866602,0.2770066039133765,0.10240777405014496,0.2026318629500803,-0.37937048639478405,-0.11756999456801734,-0.0755220644246379,0.05599683654678556,-0.11448878674198218,0.24939697036995184,-0.014569029058362847,neutral
0.004253540149395353,0.01947785699147078,0.20907861853008122,-0.07004204519598169,0.3439320443286159,0.19340797264434262,0.13145386854583635,0.11732728711252867,0.25022444481825323,0.38647241613042216,0.3806223770650109,0.24888603181824992,0.38377646191305254,0.20279462719277278,0.49381263675039466,0.18035162173464162,-0.32668119635477133,0.5304287721465402,0.22550454682593876,-0.09293181163205566,0.15028187282611832,-0.022416619307960545,0.7210104762333001,0.3165248592221095,-0.2051745451239381,0.31723122351429245,0.07352009205157468,0.6437926071537695,-0.1082531576562627,-0.41751688636156903,0.14909182658013945,0.03314161546016606,0.002746731500890928,-0.4423651558790665,0.1850956597713765,0.4816698857209463,-0.42939913736884283,0.32488817802727177,-0.12608590044516677,0.5872513180055614,neutral
0.10900198026221021,-0.03086777909311826,0.3084276976436083,0.1793702455449423,-0.08478039523532942,0.25594755779425876,-0.034729333177523955,-0.34022882656034203,0.6280465011594475,0.045228756462709574,-0.008013010698145112,0.23960150822927573,-0.22531119128469607,-0.16518958129284228,0.05577841190488517,0.05707279689886624,0.21007594044780767,0.47659755868996084,0.08003503153585174,0.32303741782178025,0.35022404986019307,-0.07247707057985894,0.25307206113665387,-0.04356322250446612,0.4529779346740289,0.29446255644019925,0.1773311093471994,-0.1703281402590476,0.1839184949368602,-0.047516388925408604,0.30911519176122426,0.09031682725622055,-0.09619297549630365,0.3243241087865443,0.2587770889003718,-0.08499067097639888,0.3383700910271309,-0.042516412624532894,-0.061194589855698506,0.030950262067064777,neutral
-0.1881584379732385,-0.0943166616847789,-0.008037563499686533,0.4304338852719754,0.4382460342505002,0.013675771824392793,0.49555406954093406,0.09607147774828036,0.21529362230047144,0.3535189900916415,0.2172524460188155,0.7587165434110072,0.22543335173802606,-0.1261922306208183,0.5070578305506217,0.08398737515907258,0.11603153948923366,-0.551960090467898,0.44878824973294607,0.4044500862850964,0.3995926679764762,0.44314324895113044,0.6187081811877821,0.1806031600652267,0.42140737307943243,-0.005269866068651624,0.08475478484083027,0.42878681176110445,0.2527019495819387,-0.18911330867575868,0.2229568765350848,0.07442059263251757,-0.09777340756128713,0.20151639698727758,-0.022733102400195743,-0.3292888233677047,-0.22992568681037165,0.4743747753074735,-0.3626389152885567,0.055700546770122025,neutral
0.15251397857707766,0.1758905753184239,-0.2742856584881025,-0.0325214094813171,0.09854528004244581,0.2784456370917237,-0.06829557339473412,-0.18397546093082467,0.37079196513772356,0.4089129431455821,0.23675862848101673,0.0027242031911213216,0.2662871870342661,0.20053275657335373,0.3900972559699245,-0.12527499294064354,0.22116881536102173,0.15619216824192494,-0.0788791538422435,0.2537498619864011,0.20856725860404912,0.09595210804186079,0.29496531787993907,-0.16259563035609176,0.17359280024420123,0.28854362836682457,0.24420954528830602,0.43370371866821855,-0.14535715117997222,-0.23272961668942307,0.19239146716272357,0.23393658470659406,0.6368491135197771,0.2470977534604915,-0.14009375237028399,0.26484103248573876,-0.16354440407916854,-0.3393767302425064,0.6683685336714775,0.08145634484935538,neutral
0.1787376579518009,0.15698087691776186,0.485101449693931,0.11888976197628047,0.3677581069301927,-0.17842764052749324,-0.25509561322827196,0.4635324177874595,0.4888633824498437,0.2603059854765487,0.20075711539908694,0.1964651410287414,-0.007443583929855058,0.557864555753488,0.3454102906300317,0.31347960966263533,0.28613493919422506,0.45793633574767073,0.3247930997855778,0.3861777420321135,-0.0923949190843282,0.326050024435561,0.7427585081730763,0.062472871014012776,0.15479603143527734,0.4036760141495827,0.41253087215831047,0.32070354617684305,-0.2494790734220792,0.2696730581482283,-0.16329409706688056,-0.08602702672857962,0.24390661178517165,0.01898860351873788,0.28079905023395724,0.8503682621980083,0.2421581454534974,0.21279541942517002,-0.207838555995993,-0.16074106835795365,neutral
-0.26591547163777507,-0.11705564538820117,-0.24085575781097027,-0.11705937140901591,0.01115313993079551,-0.17175014502095118,-0.2618296408318525,-0.2334727159188405,0.23362873094602804,0.14756116448864978,0.40072557154747623,0.4160307969823315,0.07943704269100503,0.3407159743580212,-0.17944004971756322,0.7577591327966767,0.49095469712326434,0.14219978161480168,-0.0922580837062433,0.29484994393480396,-0.26768058248651705,0.003716165793021864,0.3831475201595864,0.2109658723497836,0.06426206582616101,0.4183749817062976,-0.08645342196679837,0.2357719271359245,0.03044961703153823,-0.06760212473533567,0.2484734716357666,-0.1280714056850477,0.5823947774117895,-0.05323457695824575,0.5758483177157485,-0.2101590985705003,0.19935098743979526,-0.2678116667389288,-0.3191860132268532,0.03992633576841824,neutral
0.16938970755285632,-0.30247242460436097,0.32811902297331486,-0.1515366208865983,0.0961392712765324,0.1733380369098247,0.24161505477413975,-0.3425598846529228,0.5247891072934059,0.2730728070634144,0.03784211925203029,-0.1011174833319684,-0.2589211091420398,-0.16715072326577335,0.31692470668971834,0.10173492722125442,-0.09077536511583853,0.06422438902824965,0.5895699099412626,0.11716907453547665,0.05372573826455923,0.5361932918662099,0.3114310534894119,0.2031738295977695,0.03505777517737446,-0.20741260848930826,-0.1194305496153352,0.04448137256872532,0.10001456726501472,0.23330106047562266,0.2705657134843638,0.17587884272181908,0.16199529151138545,-0.15893653849331024,-0.46029541382236044,-0.06688535752865628,-0.19067417293097333,-0.1310744819637837,-0.052545180044826875,-0.31090176880775167,neutral
-0.2776276054316164,-0.008985952368668285,0.06102488683397975,-0.1161364366212435,0.18790486595149497,0.02352964388381472,-0.16203363747804622,0.11707583220686585,0.5907518490940304,-0.03610701843192163,0.43577542655501195,0.499364965509185,0.5391371734562552,-0.032451922843438535,0.6845335697648922,0.2160906131053017,0.12865639564898573,0.13837115165777328,0.3489351597605097,0.21261968279605895,0.15561362945631643,0.519439003806127,0.015267462632308937,-0.06868235996243532,0.385279523366709,0.35658943212067945,0.4466994646411544,-0.10345316674405211,0.4252688571336036,0.2647458206548833,0.5732683905328919,-0.19192346229031282,0.1614532523555462,0.02355277953974398,-0.3190481585596891,-0.11538838593636495,0.3296291706327861,-0.08515791329766084,-0.16455607242010692,0.21706509797183804,neutral
0.24721916841656946,0.2627893019799602,-0.16534108750547358,0.0333609446264652,0.32099838369702816,-0.08561521024019067,-0.09438815833861529,0.3139511594704055,0.5107356263837929,-0.1553941543223381,-0.5051516143440397,-0.20765811944888707,-0.0885163389359288,0.1387859061383506,0.33465238880256054,0.15037795170966753,0.01701874327938857,0.2343005519070162,-0.04192616347778341,0.1881077141933749,0.03944568415104738,0.8686275715621002,0.4001548654313191,-0.016649983882717184,-0.0622303038113968,0.07114553364478422,-0.2380136989928802,-0.018026842165852125,-0.02963578690538579,0.3652219117951251,0.025974452601368353,-0.07748799242529397,-0.22822329436574196,-0.2012150028861771,0.061804309472858004,0.009551322974926335,0.3314260397779255,-0.1252003964835643,0.2808893853785908,0.06428157804585218,neutral
-0.001158921804676224,-0.4859827516792337,-0.2904322900764808,0.23322034673482095,0.4127885643465441,0.13000552326538517,0.2835764631307976,0.004962629745414074,0.02731072098733743,-0.03311612429241895,0.3879151819127187,0.24062033863391258,0.10605444407059186,0.09110726457626867,0.3198164835292042,0.26778213464770295,-0.015906869000994528,0.6249545997705321,0.26279900489926356,0.2024575757027869,0.5691592181249573,0.4545460242238947,0.17396641576354524,0.32609991762508295,-0.0804913330856544,0.0204793560966475,-0.39187778098073334,0.46968852913264103,-0.3196818718432982,0.3145592979554613,-0.075044690920925,-0.12459441410679895,0.0581354463787482,0.15954767934664182,0.2314199417720913,0.5062415200088971,0.1375166473004224,0.25238109693723754,-0.13352893871818267,0.17843032813901796,neutral
0.03831718825753675,-0.09970273724046397,0.008087427229743309,0.03234935727655209,0.11111341189212419,0.17874111670330178,-0.034277958272944095,-0.07830019590938882,0.3070163490857815,-0.29151322085998815,-0.010311173238040316,0.5430753913852966,-0.512202649792149,-5.792467951079572e-05,0.35261993425631677,-0.22557705256484928,0.8416391526656063,-0.4511427646080858,0.557681637591627,0.5891731410886778,0.4289258911133722,0.1431453817862493,0.28525268106656654,-0.03220885022279843,0.3893344133237967,-0.09927614110821287,0.10473659736704159,0.4136590930960611,-0.12365473421764317,0.05317335037865359,0.17369073803193008,-0.21529863211956735,0.3979862894963798,0.17813815706430378,-0.30050417162561793,0.051591312744315616,-0.14597066001726183,-0.13230723546433548,0.03527951294405471,-0.17742273027471814,neutral
0.24112790498361275,-0.16007131681765552,0.27750971867093643,0.03692326887597241,0.27727577092344824,-0.05694034252380262,-0.033376352362090564,-0.18122315668614264,0.2646431586050579,0.36707334503075983,0.6740376301567438,0.4775528718989552,0.2270419430210027,0.12046245046220203,0.2778659634703023,0.18006882091605633,0.5579727471643032,0.431944123885701,-0.010648508413549695,0.027930166088580427,0.5416582755274653,0.27556180851173795,0.13801833648565656,0.4886876628602686,0.09010471924063321,0.11074620930051454,0.05791219544878294,-0.32582135346693886,0.3709852399291124,-0.15803062503788415,-0.00954864820723203,-0.06581951783606985,0.28864081571740396,0.07579893868277322,0.08224745956305012,-0.3565313497143586,0.02600387079883749,-0.33700101879869837,0.09289256265939408,0.09168074837440983,neutral
-0.004349370683799083,0.5268792352074455,0.16401448472794322,0.1968191766159375,0.09891143702263047,0.03020380283744816,0.3344241995728117,0.38225555064424893,-0.20514163753594972,0.3962469328436979,0.27269628972555715,0.39509601054276433,0.28114146836542475,-0.137862349985581,-0.112539025786065,0.6431508808233204,0.25520958948803607,-0.15835574313126322,0.2855747748466377,0.10930689881579272,-0.2610156893161014,-0.37400526810801593,-0.20470854314224946,0.2600517579834384,0.17498519400871576,0.11840028926575041,0.24437461920587683,0.31487937988198256,-0.370705867518218,0.06895269393251695,-0.07435413094041202,-0.18815029159969465,-0.029907154289189858,0.06222660996018595,0.011804207832111113,-0.3003332295986367,-0.07292424580313969,0.5360404791525444,-0.24754539726826258,-0.4217732446244776,neutral
0.06881039235301795,0.16525035394706294,0.14809328169535044,-0.23206625110411522,0.3128573300708145,-0.1179397251544472,-0.19077447915140094,-0.045226215569428976,0.09297332616741456,0.3111473886642729,0.3001984458908492,0.14929617460090816,0.39782316209847435,0.19357747410654946,0.404686062872193,-0.16396395016521542,-0.20143987585300663,0.3898882420625873,-0.14897883671189008,0.12445799951546715,0.17531211163045596,0.076554064655995,0.08258576194625773,0.5402602586208103,-0.44539712858784186,0.40165849560278377,0.7469981664552792,0.17049291332024785,0.1501772934956765,0.32583318837451924,0.5898381667901639,-0.17686378443215484,0.12881549861436675,0.04639050319020936,0.2182386411819647,0.10313027286767268,0.21277641179523166,-0.07332591430883362,0.028343852635475425,-0.1675855951017959,neutral
-0.16607262591901154,-0.019291646424882673,-0.0034202200982939718,-0.24525780270149555,0.4558481935874885,0.044622299417122736,-0.2529805563196336,0.3822768133807831,-0.06692225225519334,0.2596948653343252,0.13998624531627327,0.21757504912777026,0.20735204472409868,0.029413136456232225,0.19092665871511177,0.6952762619667149,-0.36729783888203804,0.21244740707912962,0.3072871429727337,-0.06323007956599314,-0.1427492116556743,0.7382707529041843,0.1030821968602505,0.7118524127269599,0.3209440761111395,0.1997253520126047,0.29219770876899887,0.323348134542748,0.44983479820980593,0.25319445084300457,0.16877718851070547,0.1642203320810406,0.44487149574530493,0.2971866949467778,-0.17211206635863574,-0.09557360055452939,0.1305503388768555,-0.12364807515336718,-0.07802844110614529,-0.23897989542975084,neutral
-0.06541071488045165,0.12200022378211546,0.28087266026845314,0.05017086993094123,0.5820461061630199,0.059289975124815264,0.8913004234905234,0.3573061875006554,0.24432906080320926,0.007866120633754664,-0.56188301559072,0.11613808920336341,0.2091513467693917,0.6538183819956448,-0.16424730083418426,0.6634748393670414,0.12929252092942023,0.3769723500348168,-0.43641982906275667,0.23459539501166773,0.11390478615154442,0.3691491273583063,0.21876445234764672,-0.0934562830267639,0.4237501578593401,0.35434727174747355,0.3223971297892201,0.4168256137105866,0.43016285267827703,0.138787572242286,-0.20678983654397773,-0.22609211518962746,0.44433097372193375,0.27055649419902594,0.10390065885776335,-0.04532846503959942,0.05575240734257794,0.03828080868666691,-0.06809636282110777,-0.17475623171356472,neutral
0.5410792131220535,0.07323329833141079,-0.11936889575910051,-0.2776522761149233,-0.11808981866302563,0.258324942168007,0.28254056403833794,0.052304778940973316,0.1330761263219844,0.056361414111468625,-0.13271858544023069,0.48034255223722344,0.25775560075316495,0.7922938940143396,-0.008352484913233815,0.15261990644629952,0.41284617693979775,0.1346844485167821,-0.1483819821544217,-0.03737960584039379,0.22502531604449993,0.28438360704641297,0.17230679876157776,0.44297490304175363,0.4351946340503181,0.2613848728920073,0.17992805709484466,0.10137369177632252,0.2926772752219579,0.37414696792154123,0.1477757353519087,0.23264801120344453,0.025814869654014763,-0.2599427604128906,-0.17184526520626825,0.25477510011024385,0.1596138866676889,0.4296356741810704,0.03011792098685732,0.2161934344694443,neutral
0.3307542326392596,0.26470585493455956,-0.12005448050421269,0.0017216759176261753,0.09577678368588335,-0.16807385060222413,0.21151676318483506,0.3628902901361087,-6.527370364159402e-05,0.6257630857988054,0.07155950221741203,0.10418149843153812,0.10502706187918243,-0.0038639324714501433,0.285154626794754,0.1920097186859895,0.6074465864986003,0.34778561280132303,0.33296414724392437,0.1444533381169495,-0.15372037898928084,0.176165925152623,-0.01661485494084161,0.43006443930507193,0.179392526734233,0.5971258001888269,0.3570326584714242,0.3734807620907569,0.21258527922658366,0.19640857307192544,0.2959427484469863,0.350815657076051,-0.07074940034790397,0.21601480373591528,0.7336651277835318,0.04091109203643099,-0.016022721043517055,-0.14103522717909878,-0.34604774236745484,0.29722160678528603,neutral
0.015241354575654302,0.09100021390374054,0.4932908236426471,0.6751604437367175,-0.15880288103975976,0.34203294970756914,0.24890599326825374,0.20679125655430397,0.24014313453454617,0.12724006906907692,0.5420612737555438,0.309083086795392,0.2513542182487307,0.485561132305703,0.4054598447458527,0.30270156345128124,0.27449239249796253,0.6355716018020345,0.32661742089659385,0.1780819915484226,-0.013749338663962912,0.11324077392361817,-0.06576707732680254,0.2197180745886946,0.25196244910469295,-0.33128847356414787,0.17848416076309248,0.327574144973807,0.19724293706619167,-0.09374643248388664,0.4504808588946654,-0.05328592311422467,-0.19954389722688343,-0.17659872365807222,0.07539616903749552,0.3096798204079884,0.339857537224751,0.08509849704257744,-0.281757489945019,-0.16367086384059176,neutral
-0.2239429637546853,-0.028039479485279392,-0.41101108233730227,0.07605065257559081,0.22496969858201732,0.04147665004886231,0.20829279100527154,-0.12746862673795262,-0.24326639979376702,-0.026379538493658844,0.4337551526160441,0.41264715328777635,0.05060631304883412,0.47436185014835813,0.09966876435052809,0.5651709702472358,0.3129432953656974,0.08314387139811547,0.3975273379418966,0.006317127822844215,-0.03397468172060622,-0.16409710481274517,0.26060430769382814,0.1788138608828544,0.1677249333502398,0.07822705417973312,0.532676250527443,0.05869528432208003,-0.02593211783132454,0.4557685676526323,0.48794547339053485,0.20486314864260374,-0.32811378480913705,-0.056983113153465506,0.23161910927677887,0.06776447606148653,0.436382027388067,-0.3096463761512212,0.1856885575752861,-0.15675831491897138,neutral
0.3307603545677619,-0.0026859269428418653,0.28974370610336575,-0.11401913866339954,-0.2890411041244436,-0.19920244951915603,-0.058730126117677764,-0.14931024478346272,0.4202637865856407,0.46735214569860667,0.21250210928278615,-0.10362777892552594,0.13500408488791282,0.0017112280049326745,0.5442087023781386,0.26598912721413115,0.3144627573611957,0.09603735072766625,-0.30428862653496624,0.007054212192679182,-0.07932024506423233,0.29110547568662953,0.22009319935396493,-0.008303202200617948,0.08985102415950456,0.5723092749693255,-0.06663068408356698,-0.06489177772854993,0.09783542089375294,-0.030543742813472163,0.025437692544195326,0.25301062883863323,0.5399492014503233,-0.35192884241276023,0.0738322342404845,0.07369322950164268,0.02688010596438595,-0.014695482621956246,-0.0689993002329362,0.25104820410497236,neutral
-0.11628440700558686,-0.015735669337673203,0.032053839688769674,0.07473702803798037,0.020617654572064013,0.3282048009968618,0.09077493515204917,0.15040838654290256,0.10728516448701213,-0.11813157371107513,-0.0632513195497795,-0.10758078739912175,0.21275891816164522,-0.005168267951328853,-0.08465688565089269,0.24652972304695875,0.32336155258311744,-0.2442441650083878,0.6209599811033962,0.20790808318223447,0.17354596255479757,0.4652355727257512,0.21341122719136357,0.041138882369403246,0.7356468391435513,-0.08790886151036481,0.1487998622425857,0.3763954619999803,-0.11249037789524491,0.11873349589655181,0.22926575906543278,0.7205602859246636,-0.11630612991500411,0.08102922732576323,0.24307010463111645,0.08359493736278295,-0.2528486888092969,0.1341144983504564,0.04298080010627371,0.11140780163649658,neutral
0.28286653044243254,0.2693924069094348,0.13402285021688462,0.12550967825107956,-0.2112843300877894,0.04481461592842005,0.14802503374797157,0.006639352639779064,0.1445506337087026,-0.0737054480155731,0.5278220894158214,0.6929407941274276,0.06721023263989896,0.2732947087316168,0.12215026633506298,0.5027185112722268,0.3008528451393132,0.21529150738510217,0.14262602401735727,0.23136963652142256,-0.05025483666692579,0.3674248976932758,0.017459403754193192,0.32582409212426433,0.21941203311666674,0.45442586848401745,0.1689568738343909,0.4203645197202883,-0.07566719057898419,0.2966016686383998,0.07660040081356057,0.16870292852637622,0.12483054785694406,0.32701741485245067,-0.426509803429203,0.1441040342051192,-0.3257615273455827,0.3337864648103259,-0.4770924848968822,-0.2509454459659779,neutral
-0.418469791176675,0.4259023385153103,-0.2901673745256796,0.07634175887600184,-0.07061456474862977,-0.3715472791124973,0.008622635654354172,0.2725769779404383,0.07408137304489083,0.36789453000431627,0.05375929778054368,0.15663560755242031,0.06839708467382592,0.2590971578652258,0.6554180369100541,0.27756339596650126,0.24071393834631655,0.0413544652996429,0.009671679678446288,0.565855125033432,-0.07822181339797887,-0.029743686993538992,0.1715953408221987,0.08552601427730742,0.6760505116582676,-0.4108678947627365,0.2635456122888107,0.34277438645448066,-0.12520240321237602,-0.01690379229951189,0.24077702289884095,0.5275267278608409,-0.12323517797056477,-0.3018609306386637,0.3215107169472655,0.4442694134270871,-0.03589476498134947,-0.5213644376005068,0.37905943102749395,-0.04963259725523769,neutral
0.28097456929401926,0.005222846937940525,-0.06182938038612822,-0.06511503891492595,0.43169485324321416,0.43700614147165395,-0.441517770285976,-0.12717058006151377,0.5644181598570918,0.0408011681554116,-0.19587786144063346,0.15603742669536355,0.13750507387580926,0.1488688219334699,0.0607993661380174,0.10948399985226222,0.07812668343851874,0.2794347920281226,-0.0046431920418442685,0.12742672494665186,0.16381932574433308,0.524977001408141,0.2893109139309937,0.16467855229010134,0.321050241200732,0.28221965864109,0.44516379490448577,0.2912250762869838,0.6033986662533467,0.48039475105204,0.12237417935906812,0.016521042379570042,0.3275321035817862,0.22210189250607232,0.0547510804879634,-0.30590428412702175,-0.41023032772758816,0.11914689384533725,0.20880388010885106,0.2008588705230238,neutral
-0.32179294086596466,0.2754292743541373,-0.10145707272051707,0.14496851330096372,0.1675064424273774,-0.12222828692041493,-0.05488662783712102,-0.4113700205803185,-0.10903668358890327,-0.3180109831402768,0.2535797723357362,0.1702752213809399,0.39310979044689276,0.2623406385542174,0.02200065726813233,0.27355351497417113,0.09449734388880335,0.3482235530671466,0.277385016266963,-0.04730550747258688,0.20038756955010764,0.2123752865073292,0.11903039234435292,0.41583026632572884,0.6152659737129305,0.08875665865965555,0.08553045999015382,-0.397419021291044,0.12269114065706681,0.03519481442511939,-0.40767025523889966,0.19227187015039104,0.25464646642180855,-0.09058204988852019,-0.01475976034299882,-0.1782873544327473,0.2384986641436963,-0.3472787416928059,-0.062222008866207684,0.48776804194681894,neutral
0.0128969835029657,0.13307627664605098,-0.004581275563948467,-0.24574333382588703,0.05516577695538802,0.18001174102447567,-0.1627157755411091,0.19229664425887194,0.43137596009865015,0.4000468819081388,-0.2514458305235202,-0.08889890489814897,-0.23882305737530707,0.44099388231636294,0.3332724246160821,0.3627883887047731,-0.027483954067943822,-0.09570835949165551,0.21776870781143204,0.2250837133590722,-0.013725553114903116,0.23408574616105055,0.3571001430878754,0.24910756697378458,-0.07284163563357912,-0.34747545345625025,0.10848509399275452,0.20568550092610344,0.08990004231285252,0.037152955330009216,-0.04023676744881227,0.29905795575983185,0.0937994956729318,0.12374977825275411,-0.1644875829748095,-0.09177181957671272,0.08881260651949843,-0.21927220286715057,-0.29873143012620024,-0.08228775042383638,neutral
0.30024269313326474,0.06383125830857783,0.39698213322848674,0.014982469407782986,-0.014182741454253023,-0.26966602420014507,-0.05111150218179707,0.4656890995168908,0.20203602097297652,0.31590480720806857,0.3205149475069251,0.15253463237322254,0.11339527653783947,0.2030009740523685,0.34851560956377553,0.3014698019140457,0.31509667526800755,0.23449417426348929,0.0060582951469233814,0.13443894443722942,-0.03552546941375054,0.4497062412100523,-0.3295528489844197,0.13763764347603222,0.7838061323466247,0.09530644936265019,-0.11049107469463507,0.1601080457508647,0.47726508340191415,0.1041278850289167,0.2859617318227049,0.1451367000842366,0.013674899750341973,0.8805165998015637,0.09618098138167148,-0.07095583606238524,-0.07463269958611739,0.12722588078105648,0.11839766389015467,0.19300290327044797,neutral
0.03528600825446811,-0.34181122874493935,0.16506274566250786,-0.029377701874676768,-0.008191442156406645,-0.2923342900626741,-0.05043655077780933,-0.07481638834834904,0.11103249208420102,-0.23073022989649056,0.1569045626231063,0.18600499006119142,-0.11534518974702601,0.01704098918235633,-0.03369830396323584,0.4139068716365368,-0.439962352383778,0.11012691227657881,-0.21658991324089397,0.09191990012816374,0.4115230087352233,0.04088895496992559,0.2305552826144207,-0.019090080236257384,0.6718739003483406,0.40898916919350836,0.45500292737816295,-0.16744858565645374,-0.12034872532418106,0.41417987636629205,0.08403248644942655,0.055667940032161134,0.19033899330124565,-0.22084962007835823,0.27161003604163125,0.06791458943089544,0.1676731692467505,-0.1355712482992621,0.14440077921316063,-0.17622040736225436,neutral
0.23859514922614639,0.29850486051943875,0.2600536607377534,0.17697904932748643,0.22178766241065268,-0.5980885267996064,0.30166568585028025,0.03838320011701317,0.14388470112655238,0.06169799606834539,-0.20354376393158474,0.020262650616967526,0.32923047863428145,0.5275474786691559,0.024959522045803068,-0.03898962263880232,0.5550441939532996,-0.02468419319279691,0.7169507650850688,0.21249996033140223,-0.021014459089868015,0.44462617659000747,0.6192953469796167,-0.16658327651718813,0.5767437706833772,0.11033878924621272,0.544787471489607,0.06948066505911117,-0.23937729725171952,0.2697322673950719,0.3642690562426878,0.6441391674589474,0.5377925977328352,0.26675514927340177,0.018966497315923155,-0.06682930890900961,-0.025855103527971657,-0.1756508005291056,-0.05254469390796698,-0.6361318559690232,neutral
0.044717016489897614,0.008859538896437927,0.6735508533864605,0.237548380566369,-0.05672146013108954,0.21957691970734766,-0.21349689491234353,-0.04377981158984463,-0.3467502254437379,0.49168941236535885,0.29257548202093314,-0.1389750769180006,0.14947487801425563,0.4106471302663341,0.30446723230895645,0.28257250775224213,-0.022356923775640497,0.03664685448792199,0.2223298620321248,0.4299016778086367,-0.007378922182702474,-0.08180823360715281,0.4819656105102715,-0.040474460784016536,0.4562936742920347,0.24145380241443148,0.39346691167705394,0.6006918215472723,0.3270868777503945,0.3382484629606589,-0.0968342495860042,-0.05364796746247055,0.26787979605257306,0.47650984074925345,0.4264188401088789,0.6424999596713367,0.12558582601677531,0.08277819566089493,0.2676437773671411,0.004728426567720895,neutral
-0.015617090705310886,-0.24574791174732025,0.2798872919419099,-0.22013630999171852,0.1913986217124381,-0.2764002387670429,0.3670287876756203,-0.15030879059134938,0.33101899757345316,-0.264709335547886,0.034286478942808424,0.4495073431915206,-0.0367396317246422,0.19000283348573585,0.06108233786689475,-0.39035432563614303,0.2691183920432505,0.30402275529841305,-0.07840128582644587,0.3432593738067059,0.0009140236279771008,-0.052307443007085924,0.1976715179290238,0.021749886306585753,0.7601116497655317,-0.20804032097852393,0.3578150838146448,0.41182359996088846,-0.33989678891555836,-0.2888805432837781,0.2732222549425386,-0.00022948907463922474,0.2027838783577683,0.3778064016614799,-0.014643729361962163,-0.20265782395962673,-0.6344971249665181,0.08323218139546765,-0.21606059611137338,0.07834632271883249,neutral
0.05790559349475509,-0.3300236353430919,0.4630512273563048,0.3186777067237721,0.2754014438988029,-0.21772490702013295,-0.008912936482684486,-0.029839215572256925,0.016458331542042806,-0.1484024024648058,0.252902241426038,0.21222937406576903,0.2559398193095323,0.046717636149967295,0.5034446519755189,0.23393861490965429,-0.4923514020585763,0.035929676741441235,0.1842912908163027,0.44116926988970256,0.12465806526733016,0.13602038241772163,0.030254064954354565,0.3584919551504936,0.075106447622456,0.029827526632995954,-0.012333900056115843,0.3037421418132571,0.021677327467811702,-0.27473387142172734,0.28828872094293817,-0.055185590796739625,0.196143847421907,0.18639092298170995,0.3792950658182407,0.32446620356459055,-0.09589426735739592,-0.00951389010199375,-0.3065082048283717,0.41933316428445977,neutral
0.1104068036980461,0.3646979943091269,-0.04766678962007411,-0.464422973883179,0.44626176310964205,0.101672724164722,0.12624091029699896,0.12075895647480182,0.2813169837172587,0.2659078527420806,-0.2533936483227161,0.4266443561486195,0.03235833775587374,0.05644306920596803,0.6125472726938677,0.4171429005072633,0.10755723409054933,-0.2681399047766596,0.23895109246867735,0.33450175509816193,0.17970392242276417,-0.1129679900445981,-0.0017138609296626084,-0.12170165417347706,0.24085238173536033,0.3855443252244053,0.4295548252783322,-0.018460199250218384,0.21367731316666969,0.28275793791816384,0.0048372470600612505,0.0830216066100335,0.6378597606599334,0.1442253877787802,0.29913305297427206,-0.04537497267631814,0.05830249320908008,-0.39649997107784446,0.00982585934720085,0.2980694915060861,neutral
0.5247246446122396,0.3152535706800527,0.20379624338024344,0.061104216495590884,-0.0866586830800682,0.03832544118239175,0.24615364157855668,-0.08939256785325779,0.3534297062166874,-0.1134044745370894,-0.3005704873095889,-0.09810376359733497,-0.2517483850072529,-0.1698788593648724,0.4637234393323364,0.13696527755919166,0.24674868931922472,0.48548652051421004,0.5133171952968307,0.07368888406822438,0.5319789602306249,0.2946912145072613,0.1967897748013228,0.30262835243740516,-0.16940340627939252,-0.01583520176693423,0.14616946933108393,0.3170236809953938,0.061913229948089704,0.11241079995570176,0.3749831801414579,0.4730738587432786,0.29867642706548597,0.41005015202269146,-0.022696637790233773,-0.013275171112886355,0.1274515430252509,-0.04318581099831716,-0.1106890919324269,0.41303608341925474,neutral
-0.05029523117996547,-0.22541021843236042,0.15393164417544866,0.5068118478682175,0.08353588476007257,0.386236560212846,-0.0165172855225654,-0.01593535976344683,-0.05230681042846495,0.09677191737934998,0.6033272404728645,-0.13395280195569476,0.5739064807227219,-0.07890681510752617,0.12223722854517519,0.3959511086502061,0.34967006810914114,0.26646567049888237,-0.21379973585518794,0.29039633091995615,-0.05575337592335902,0.8407690564811727,0.14260099678276927,0.23928358895155857,-0.09967209908677074,0.060970058177586786,-0.14955545952973467,0.4099799567518338,0.08942788443360664,0.2849056917843663,-0.03852227631283264,-0.005137164922258908,0.4289383269665454,-0.14997868502407508,-0.3719676828828797,0.16489363874998955,-0.23747016947654606,-0.07778434252914912,0.24398915922737996,-0.2046491062033998,neutral
0.21961251854561215,-0.15421304645282413,0.40475195897206917,0.3791388826503171,-0.05451525389822878,0.025086282359675277,-0.11503924833831704,0.1568936608945932,0.4074410759942209,-0.2290646730232983,0.37360260067121365,-0.17606317375314656,-0.05033337838682453,-0.27372085946654096,0.7069264761945433,0.2016786746608408,0.253291788587694,0.026929240822351236,0.46528344156805856,-0.32595638815809136,0.20650415729516258,0.7502229612697615,0.100444627214392,0.19639050834276922,0.3550614968686181,-0.022172581683175013,0.17891637143300657,0.40484557107557007,0.20351887545977346,0.2369872543291544,0.04526592910473301,0.1990487175862627,0.12083457999211807,0.4567108579986848,0.2594919492825194,0.002413143792739554,-0.5638399843992906,0.21101279499295525,0.20490973384068975,-0.22922699452147383,neutral
-0.499592105469307,-0.2693584502599236,0.2636294463326762,-0.2183322401780448,-0.05154768817721826,0.13349183680130966,0.39903662984272587,0.1023538682449919,0.09505162116915006,-0.004587821497682609,0.5519036865870999,0.42140858505848416,0.1408159220126136,-0.17593969106900198,-0.01688229149170878,0.3318736583256998,0.011734204571163476,0.4190263686160933,0.28890640845106375,0.27300064767112686,0.3631989936833714,0.32318873676658627,-0.01783625460337021,0.11064611479680289,0.7719572701504892,-0.12127405602274155,0.054568840865158924,0.431021246261986,0.11510585922725844,-0.05879002514331991,-0.19816891451719723,0.2541554338884273,0.36186628182165104,0.44291802560057125,0.09184044951283733,0.32458055472835307,-0.21037212545699538,0.07408759862224504,-0.15325343196313088,0.043459708650781026,neutral
0.2176784200299199,0.3295137986791423,-0.15414295518192858,0.43981643418062155,0.03155189452051341,-0.08219270746431881,0.15194571750388683,-0.15494809532861667,0.22324817150725065,0.30096780964071,0.17974527871437004,0.35999930304871053,0.13833298470023295,0.20421783789840367,-0.17524504969772406,0.17329257349398286,-0.07586593655625706,-0.004051328723705963,0.054443367475771956,0.09383772188144368,-0.39775972104029933,-0.40871968483106313,-0.12388708503406362,0.041703319428452915,-0.012564177254093034,0.09827411644265074,0.18206403544751568,-0.03289491657590822,-0.17092369788576767,-0.4277022500862736,-0.40505871971398044,-0.2788962402199906,-0.08381843526222842,-0.0794128898811148,-0.11317955048423173,-0.12832911733624655,0.09467942916726257,0.018749509016476568,0.07237944429297313,0.10710927976609018,calm
-0.10657323906724114,-0.19562712405749116,0.21611554702887392,0.2271264766818131,0.09514193761477893,0.07030525625665085,0.7642027857475227,0.020887825959770345,0.16771759719761958,0.29491911934521386,-0.058719844454081294,0.2552671220767274,0.6664405287515414,0.4366721303702712,0.34297107627051604,0.3107315138845054,0.16488421936222872,0.3479915618627881,0.03889769122286623,-0.05960832293101308,0.039417354818279654,0.20856101815988462,0.03421307571593854,0.09174157153980361,-0.6086543356279015,0.1733433565282173,0.4419453503171765,0.17672276410325613,-0.2453631142797413,-0.38194862022286713,-0.09917571668461467,-0.40884758794842724,0.030727798531824196,-0.26594938777305877,0.1259254302536427,0.2503855758792278,-0.5710076130037973,0.039860903951528054,-0.17665255818854145,-0.3224449850546983,calm
-0.12433572888149044,0.007348786246765701,0.3517554090620315,-0.25740718217079983,0.4128515996369714,0.6787562174394393,0.34395703965797253,0.34717539935266983,0.21874796806295202,-0.06521828414171577,0.3635446314511883,0.3219650014568203,0.39990147596304737,0.8454151679703283,0.3668662273725444,0.2690524515387021,0.5273759955680019,-0.22791069284548496,-0.20781251912579518,-0.047708309593091885,-0.14982563083661626,0.15562020749538397,-0.12775362619946537,0.3580902950228346,0.2774873233548405,0.06759676937418024,-0.23970302654583778,-0.002765608328443969,0.03680670552806814,-0.4364807110059048,-0.08134684183288071,0.014424824203926545,-0.09657416035990071,0.2581807599350703,0.18930026081334975,-0.296544046815451,-0.03182404971688668,-0.2422151008964529,0.14280673066743044,-0.18678705107279223,calm
0.26082781787653364,0.15911853491098335,0.3360422452297438,0.08667348018943238,-0.2139248461955159,0.6156992849161861,0.15145464604625516,0.5548626023763046,0.32964920659124164,0.3970198536584659,0.6872750782129683,0.3110169558647531,0.5670610753764834,-0.16787630800724052,0.40269602976549623,0.10215276210129631,0.1033763249453187,0.11057241270697307,0.1644949120433601,0.46038343319435526,-0.4495215923127529,-0.0068530882845591196,-0.22751509189882704,0.21456033594773047,-0.20839747031068775,-0.010728480201479443,-0.24258102434019083,0.010011414291006132,0.08774270136914888,-0.269187795094175,-0.1562728952594192,-0.5171936699086582,-0.07434014018164399,0.07947021048524719,-0.25309174629065045,0.1899422256314332,-0.581272221709499,-0.4961674602272983,-0.34914285386188715,-0.09119869550259305,calm
0.03465463688568591,0.04236611884571806,0.07656061179482765,0.3038386396817696,0.03211849197920126,-0.14165339851107253,-0.11634999907349572,0.7388563421817025,-0.3659254440755506,0.18445962710029642,0.5943145317021638,0.34679953622168147,0.009614197148367282,0.20375157524636545,0.4009006910126074,0.46466172758391555,-0.08794213939407172,0.29850786448531086,0.14098827732082223,0.322194517212805,0.3615105343891648,-0.10368949827426924,-0.4107914979929287,0.022065964428518256,0.34153082767991516,0.0464745348420493,-0.08566437314790229,0.44325813506627676,-0.4259646008780409,0.055909747353201644,-0.31115119003407077,-0.14969503907435577,-0.12827918508658107,0.24406238587376897,-0.3482439408257815,-0.22392038012805618,-0.46118264002568,0.08846619216883028,-0.11664020863840269,0.1354917606657195,calm
-0.23831644632982865,-0.027763648863892106,0.35306586250604854,0.07936483088448511,0.30655823447687935,0.30632212888017907,0.10630360194026892,-0.17924639637913395,0.4684536332598098,0.27121861789842394,0.4756578220855425,-0.2772139784236184,-0.1966490799820857,-0.3324767899543035,-0.03428842289680972,0.4231120071490636,0.27839116172378886,0.09985483246306538,0.11067320667413705,0.2362903669012025,-0.06163090780364952,0.08115410471700396,-0.013404678813868538,-0.623653825609536,-0.1988317370056558,0.2147680785900054,-0.24217023302452803,-0.19277559012417048,-0.3176746687567693,-0.2909958385031155,0.11246127262652503,-0.2291251175482101,-0.4061773580263268,-0.9124376073838203,-0.2574163522718179,-0.5818526547756981,-0.5188820077923187,0.16546092039634372,0.17508663526361842,-0.4493031659820572,calm
0.24286986783541645,0.17692187498522635,-0.10255858551456823,0.30653986380753784,-0.2565122132977715,-0.1268669487451364,-0.16532538646915393,-0.06718584393082808,0.4417758237033371,-0.10486550794729038,-0.0579867342520447,-0.011966430917055043,0.2658691806445892,0.11828151322891117,0.4005058587616014,-0.015215589583243316,-0.18546375956360125,-0.017642472469976578,0.08657698320990033,-0.187433698000021,0.08240450084481739,0.4349741168622341,-0.19544971857212196,-0.06782058308864333,0.23320140364511854,-0.28937198179373047,-0.35771971195215235,-0.43339619384170314,-0.06963708858945104,-0.04463527347934179,-0.2093374498803297,-0.15545750719771792,0.16358443131464764,0.07781541868032996,-0.46929842789480214,-0.09752260583036496,-0.04190210557665541,0.14115468890415717,-0.06369713732549082,-0.1373501513085592,calm
-0.09075478357773877,-0.38887976981640393,0.08029509354180209,-0.0330620499601907,0.25973192058867534,-0.08957236428086648,0.07814359351398147,-0.041619691349665394,-0.052276646714375374,0.39537012735871135,0.10528499382714686,0.3284969283466369,-0.07150271892330362,0.2185831887228187,-0.24641189107656067,0.03379043829841438,0.0017688020744640875,0.24438016975518867,0.11300583177786505,-0.007662091557075645,0.21310933979327867,0.019632777458434024,0.07558600821052036,0.10411472976541342,-0.1298482317650573,-0.2089960876235388,-0.07230676739407871,-0.27205681687521344,-0.08011241268729492,0.09584907694331515,0.033737729364510416,-0.2685510549536855,-0.48280243837672576,-0.15983328438043845,-0.156962993021253,0.17454503538473443,-0.16995453378745046,-0.09701735734177544,0.16991730096584423,-0.10075315212619759,calm
-0.021386322004451064,0.47818554446499295,0.4534501071240993,0.26836302903344456,0.20542103560671468,-0.07931558557824162,0.3221690505618945,0.21339035339825652,0.2653854093979388,0.08737706516668356,0.21504327398929704,0.16818081235883106,0.2839198850361334,0.5476862550385092,0.2633192819333965,-0.26290773924161004,-0.11704322668075925,-0.2986464290928198,-0.13195653676585095,0.17367369180349776,0.102033728218246,-0.17924254860976477,0.006166257042793888,-0.27769021275493533,-0.4689994183674858,-0.48772501968631665,-0.36951636274448896,0.185400728589831,-0.512538759219314,0.1282581659295053,0.15059458269144285,-0.21972162655608632,-0.1751776371289046,-0.29985161264299953,-0.13276275867506038,0.06166268997236787,-0.07316358191817461,0.202882410543866,0.2813510799567627,0.10304146177124195,calm
0.09892700041725817,0.03400132553486514,0.166960060566281,-0.16788232945839024,0.23847675535995247,0.2125865557598358,-0.03342168360172354,0.73468518470656,-0.033318963724987105,-0.0012039457676610854,0.28630179545293266,-0.27040742639222415,0.006478416091186184,-0.1902746090346158,-0.06934144537398843,0.11634961539161709,0.20338081823207485,0.37056683783045086,0.26572144644343576,0.3283635694280458,0.14739127263784574,-0.14810514773430974,0.2165096651436534,-0.2121535421289086,-0.26936192065999376,0.24323850952298975,0.03995095689197323,-0.11581370349797596,0.008203546146580754,0.035899540060120055,-0.5223590510001591,-0.1992115471031728,-0.4587657945542609,-0.11780982482804278,-0.2955062204434328,0.23532286082263848,0.052772435265102,-0.24983009355861727,-0.020499538176626877,-0.2863414547126084,calm
0.026296584660774506,0.18486393747293597,0.1451852455723215,-0.3729154406978701,0.052464056500362566,0.28733727335511505,0.25701051983376244,0.48620289367923764,-0.113048822400176,0.34526494595132995,0.05311303406897688,0.26054671201015167,0.3041638835635393,0.3606176182911299,0.02656173130661954,0.19458776999859853,-0.16925945339953943,-0.2583521020277041,0.20232585420459862,0.01819285294442712,-0.40494366262534076,-0.24464268800272773,-0.05803304336493802,0.29731097120986083,0.14404317170468436,0.06008476057586795,-0.6038209159094059,-0.19580284620938457,-0.0612396658717604,-0.08594870155666127,-0.07912296316567081,-0.23492867080970495,0.2740427018910905,0.21978064262523653,-0.1522487023981252,-0.3495775372312401,0.4357081516382102,-0.1860263676510929,0.28240602489369737,0.4925567121146298,calm
-0.22037823414453392,0.12008467559937575,-0.008153162434704722,0.23701093357410472,0.21560655271764828,0.6458797845806092,0.3274765155406332,0.19388535567937745,0.4888785100463515,0.1459436731658177,0.12390183353511801,0.7708350443046157,-0.0028421721732484195,0.06635669157267757,0.18126753296994672,-0.11620523388912812,-0.40496236819143927,0.35760482505960045,-0.13295416438880464,-0.10385363769159092,-0.09384798402631776,-0.2778983851081851,-0.33156765146450773,-0.051388477149055506,0.4820817100970487,0.04447282781892625,0.028805680790117166,-0.5480495566122676,-0.1866988457989513,-0.48036676434089465,0.009781421083650932,-0.2338287801871898,-0.15586332175652615,-0.17144713445885815,-0.27484760840365274,-0.48521622084186444,0.06722786185589352,-0.3938091785293397,-0.3119863273761364,-0.059145524951187176,calm
-0.16126177962118646,0.11276561834119425,0.3312026947141139,0.17041483554589273,0.18467764507674067,0.16532264541023906,0.39435735241626413,-0.2655159777616576,0.2991393639228558,-0.019414281117607846,-0.09314009159676906,0.21241605331574198,0.10542877500606855,0.33427265913069004,0.44535861168678337,-0.43353981547236053,0.10405879015686714,0.5832303348759816,0.28000859728405514,0.392940729115858,0.02460539243502717,-0.3914341359447775,-0.34437844371983306,0.08628915817422772,0.12235042925277675,-0.3225423134270743,-0.22501819978053264,-0.10635546356625278,-0.618233316312583,-0.2720730370103035,0.22127694475553147,0.3695708387374411,-0.19247332690243982,0.3085732640963179,-0.2602128937551872,-0.307425974633172,-0.6372093557119591,0.19120163900071926,-0.11029352146038013,0.6002648534254452,calm
0.09823148564216679,0.09457851380898459,-0.3728226954011927,0.4833940570551065,0.04488151213952776,0.11944267455037508,-0.37152580190634077,0.4277855310005496,0.45483577277078924,0.06264854818381507,0.23868796131421163,0.309750565620282,0.4434352367526335,0.21506147311511875,0.6013684151227797,0.08780772397538876,-0.028873879730208357,-0.02244738305902877,-0.5706847667407927,-0.16972083680896716,0.25159482670486105,0.034344020601930834,-0.26702962630146065,-0.003345177348370143,-0.6211206761570929,-0.2099221534809275,-0.025723475716785266,0.0037734197004974657,-0.37330727557734067,0.04471672896962661,0.28524469016552145,-0.2824082793974664,0.02098735042393579,-0.5375254246751487,-0.6182736917357261,0.049550748990221855,-0.0655779032061691,0.0032798533211475453,-0.16115388898008293,-0.05669917378647202,calm
0.2195268033102116,0.47850745257736793,0.026061411429478334,-0.3028632098016708,0.45576987275688075,0.3119282436761456,0.35215953774701503,0.2432977478483854,0.7901591810511862,0.234564157956485,0.3455770445798997,-0.2503584543792513,0.05934699211299191,0.018599532014691028,0.16463030602187467,0.2368841553684019,-0.06336805267229431,0.5285239312254058,-0.20140483305257,-0.07939013417866028,0.060706643468747025,-0.34356090675302875,0.08153190215859518,0.06859556361201219,-0.188581167417195,0.33980011361704054,-0.13555588526427678,-0.0994900897662343,-0.41895529856481273,-0.6014890734164692,-0.33920411579756515,-0.2553357024420868,-0.27741412250741426,0.044906453305573746,-0.7240103771185464,-0.386609412309459,-0.53259611178914,0.2895069469999457,-0.1562198905067142,-0.11157193244259309,calm
-0.2583853166350428,0.2743341619541253,-0.022417889674746658,0.16575096986593055,-0.37153694154171524,0.45457752510540783,0.28072087967292214,0.33614535622283026,0.5188689340276686,0.16764073244725491,0.17548384865567687,0.3931169580765005,0.31131482619433615,0.1294725907081203,0.18352642250058754,0.024006491386999257,0.30347150007914614,0.3297996800438089,0.06685810956617702,0.5041756901579656,-0.3834565014491689,-0.08850515975999942,0.3678954212539848,-0.19462354069135207,-0.5155115454295676,0.21244998784439145,-0.018653016527051897,-0.4682161431799716,0.016101289504634714,-0.438092788308447,-0.5163426839449542,-0.21222038821234604,-0.2831402403359422,-0.4216161527900547,-0.21780147878848574,-0.3537850259383296,-0.059848442344090036,-0.05102966813129177,0.17271742147887742,-0.09584487042583115,calm
-0.31560724947442953,-0.280437792595743,0.019853583950035725,0.49605616317003365,0.35096993552306954,0.0016967692207261187,0.4188718396246083,-0.0918217599817113,0.46426512818199384,0.12076224819411308,0.4107067336593574,0.3702209714728357,0.1357345863959067,0.27358642497235286,-0.0943014967656339,0.13237806549844705,0.39668696450733476,1.1237948996349876,0.24240750546809633,0.0564646933864339,-0.2516123635063524,0.23601626694090486,-0.4752916135035141,-0.2897564951734384,-0.024450801314932033,-0.43873513990201896,0.2313734644891551,0.10544864050226108,-0.320011201202544,-0.32064196066091566,-0.510788075541309,-0.5248576116176522,-0.051257730556836426,0.010225159785980653,-0.03766927548470504,-0.03504149191051885,-0.21499002861059674,0.045486519436729295,-0.38277832343857887,0.020530813951748238,calm
0.38815080934489865,0.3823773076282795,-0.0344089127376762,0.027606876150896867,0.48427246736194274,0.6111625460450462,-0.19231014905818353,0.0921997035842135,0.26937442855856153,0.5227859101443421,0.008117533181450254,0.3756728495078183,0.13019488840417132,0.7878936493566149,0.28141880301325894,0.1174267808686377,0.04143374273035791,0.36197307580437654,0.23696368287621236,-0.2370149701869301,0.05705637793189302,-0.3652195581989277,-0.2494302275604803,-0.4131367656536985,-0.4466973227111778,-0.3085880017840227,-0.4004852389764647,-0.035760594443851254,0.02278998387469136,-0.24105839603729798,-0.4607179444506866,0.02854348447716676,-0.6700190891846298,-0.6306438251693776,0.05714453303250794,0.06334645271642386,0.1704776954881916,-0.09870677487263108,-0.32994184067838617,-0.10906977022777362,calm
0.16112776076025537,-0.14155788435076708,-0.0941452068094208,-0.23838546077469927,-0.15321729440463658,0.37472151299368106,0.29750300746831193,-0.09210856057541597,-0.06029106937068607,0.07621804626280526,0.3562487127421402,-0.07859066726424627,0.1634842760084216,-0.34649550067433377,-0.1418959279857311,0.2570822282432499,0.3511516134090782,-0.19309858455882803,-0.1275062434495905,0.2352596955385832,-0.09520692000109218,-0.1649272307401293,0.0707742988631562,-0.0387988999545498,0.1654298022623797,0.06338396420398867,-0.2988249597935736,-0.19786959687437095,-0.19201244867822492,-0.5212489615643618,-0.42386069916024316,0.07093403828543757,-0.560005225862122,0.10422942313230679,-0.05343791703305212,-0.1358196759767029,0.061374302691210844,0.07545856769925212,0.29060550400077323,-0.08117247801486624,calm
-0.037998482967792985,-0.010274279741361157,0.5550555538714466,0.3496355541211713,-0.09227966636043923,0.08006966784410355,0.0070776320202099174,0.20369290787982555,0.26542193071955766,0.793498504788285,-0.23835377133049288,0.47372835997369567,0.31633715327534884,0.016966314563104767,0.13732174316692955,0.028280069273128566,0.13951775211770853,0.35102653108846527,-0.31277024525848995,0.3656716715122523,-0.08950436710618236,0.3493036196125484,0.04534621670009979,0.22287199135135763,0.02986356272629162,0.13789053565442744,-0.13834223696656686,-0.37468145939773834,-0.006521969877378436,-0.0006690273732067875,0.3486538850312715,-0.6733729086282015,-0.2090309786578756,0.12273580252625929,-0.43711586458258755,-0.15585905894103386,0.4591848092444172,0.31318476846337984,-0.23098328991154995,0.37906535046918044,calm
0.318438159777214,0.24864699275466032,0.18068419911957725,0.17458262652078052,-0.0757607177826707,0.03691758763791139,0.3703430751123278,0.23818950280031265,0.677678232666152,0.1373105942103504,-0.37901451864878366,0.13473298286651347,0.27904129062308447,0.29159987633833573,0.19454194409708672,-0.050633180101586156,0.5039860194992578,-0.06506294584193173,0.24879250800354807,-0.03284956100496085,-0.2928378073573805,0.32913072421324374,-0.6834208090272167,-0.29677873224589413,-0.0009809734287871547,-0.22073434023288732,0.03815769503107708,-0.18834850016381802,-0.2855959534028587,0.36476732613601504,-0.22965344199608376,-0.20762084024892327,-0.42752829107821455,-0.3275188172522563,0.0424800390365703,0.04524949394289521,-0.06804340290852934,-0.21396728136973878,0.16422356614414177,-0.40137606761426725,calm
-0.06059923781307275,-0.006084564844533631,-0.12320289048417701,0.15636911945585202,-0.021526454555247945,-0.031212174173324114,0.6409581789856855,0.39184612074553815,0.5180500218780802,0.23750525498422867,0.46734005680889756,0.4176982093752021,0.5169900470170936,0.7921799870961647,0.12515414608151618,0.22447135136816704,0.1212244052515455,-0.7732895153135468,-0.2738838044429788,0.048404293736940066,0.17005731019662512,-0.16395940976359122,0.23352675578299167,0.2422657765900069,-0.20765435529709528,0.22953798582350943,0.29328949414977834,-0.042255015270821955,-0.41256255037727674,0.19618651135956486,-0.2104614432895343,-0.2573624647476902,-0.12232411544787974,-0.2696472699015634,0.1533671400601512,0.10378255323329066,0.2415343192422377,0.111756059141591,-0.2007486905919656,-0.00990819462284779,calm
0.24884491662199756,-0.03965314206706946,0.8233268439336003,0.06236907742200101,0.0035511129046357365,0.4614661748794897,0.3815312086059698,0.20370865727021273,0.1645425723517546,0.33516755162834366,0.4387210128855161,0.4166366268326994,0.14158765491415054,0.3111833853689978,0.39590894861849657,0.35386708249413024,-0.6346909400231989,-0.11417255263116688,-0.11610323174143575,-0.011488019686407891,0.05867829837991558,0.21249546639149033,0.10602799598110324,-0.10863132868891864,-0.09683895572694376,0.3148589952568035,-0.2963960467575222,-0.08088094960863951,0.22541665373524852,-0.08335674943587842,-0.679420723868787,-0.06837171328974911,-0.24752889545601833,-0.1628720716186774,0.1485129087940533,0.027235104289776588,-0.128955010702967,0.18966878100358883,0.10673730124835498,0.05628524731923788,calm
0.10525199168351337,0.12536094561613353,0.008452556034183767,0.008169625364364344,0.15643879812687125,-0.06432057113008241,-0.12012413201295316,0.5359178304129322,0.16218046949575252,0.22254122177963964,0.19607679444718515,0.23180955758936378,0.22268098615374582,0.2194863091017377,-0.016315450075878424,0.39563032449852675,-0.03613052267662875,0.3671196175439768,-0.40184047503163434,-0.21928794746167582,0.26193763550576504,-0.05490063575631611,-0.21614856770573374,0.016900241705235006,-0.36400593783789803,-0.105702992149975,-0.6969933311269234,-0.27009348783065446,-0.32841940309176654,-0.03493377401367259,0.050401048679316524,-0.3757405367753691,0.25153772211942094,-0.2826050958294063,-0.6282214252770555,-0.6850755884836334,0.3217955821813381,-0.05521774459993117,-0.16391436496952408,-0.1569745546116996,calm
-0.2430541198561937,0.40014069901553995,0.07236283651033491,0.5704966719619662,0.10039778186368808,-0.4133326355743677,0.40570525855241535,0.11864121371201403,0.16283420243375926,0.6203601169088258,0.16399081164400225,0.516456440110545,0.21575532858428073,0.015209766500485222,0.311749686194302,0.012453921704310866,0.4439669034968611,0.3483649503542723,0.09354660935083735,0.19856757439374426,0.1550572407336952,-0.08676743688854893,0.17539328744155844,-0.13371606184659468,0.051426886415079726,-0.362507365224366,-0.11769799800691863,-0.052980143503708374,-0.3630715226443757,-0.2734195246727983,-0.30130289758254414,0.020558870550131725,-0.3298983828026887,-0.02416320275988426,0.26795326986478685,0.00013537846977816625,-0.4646677899600923,-0.0005804141730873444,0.2595676940156727,-0.04001569455051278,calm
0.30893300235881926,0.21830304177751023,0.20038739576554307,0.059472741240382085,0.023996489672578183,0.11223500263204142,0.21246089563404033,0.3436674729367327,0.32953844647838837,0.15570810049464498,0.24867805032103066,0.32548852205714895,-0.18650951277248756,0.013946997410996809,-0.011937061602684484,0.11461542316638473,0.07106262485284985,0.047067565066477274,-0.1370896794732668,0.2175952900434928,0.086763034429985,-0.4250760468758743,-0.04151519425170347,-0.35485733857370494,0.3266301233016403,-0.23508712089660458,-0.2378560590736781,-0.13217783167991723,-0.21205255720602326,-0.18046569780549496,0.22230874114057284,-0.10152843622752594,0.062164490135515005,0.15136715683008364,-0.3537054010855145,0.3363898309993768,0.11338793946545442,0.21026839022554486,-0.21357317119889732,0.23872488009375156,calm
0.13777796276398913,-0.06774454319314152,0.6685362169964116,0.2691640912514185,0.09485478100524107,0.22732529038688018,0.42677634192621017,0.4979071626604301,0.37220592790539686,0.5375726141104968,0.6021290758593738,-0.07794644843291157,0.10040087454934216,-0.02683547346705542,0.2141072249932451,0.5283344157870719,0.30510559473669496,-0.14808098491018837,0.009420437649957175,0.3082118959046045,-0.11396733623335728,-0.03703949641690368,0.032718926489466976,-0.5272681054117581,0.097273100565236,-0.034342244955920864,0.003926357311608841,-0.39666811522210976,-0.352956438646016,-0.3140461055949779,-0.10090053718493097,-0.13951675862388535,-0.11373596120150636,0.31833245967817003,0.21712994626136375,-0.2649038340693305,-0.22132022279050526,0.4005982548490836,-0.07632512606368089,0.3797096969392375,calm
0.43465548393026543,-0.06850499804751459,0.030961962488047168,0.1486524277228761,-0.06079189076900875,-0.06522536001002752,0.09929858202221176,0.4288644838953537,0.1151303687123736,0.18196117039088086,0.11852765181883562,-0.11025122349868724,0.5930972009176335,-0.3773537044519423,0.026402684721049563,0.30730591698182863,-0.20706752274808746,0.2645796361570656,0.39594498526928923,-0.16384422356984485,0.07103442379256605,-0.2905266040739414,0.08328600489021834,-0.04989108789357306,-0.04384700654869991,0.22150254943026,-0.020539942132028366,0.184351525179298,-0.0025626561910572776,-0.464893060811455,-0.09833998449070722,-0.03488264763833249,-0.5072478420665645,0.20362484998519695,-0.0923923861875547,0.006710163825829285,-0.2822354653933231,-0.01035540449316856,0.07771209519297007,-0.04673519631610869,calm
0.05498564973035827,-0.462996282484081,0.43863541660295946,-0.15081341378240795,-0.3906367667267363,-0.06109721147255484,-0.009381622016340185,0.3513384902654728,-0.0016427311740942196,0.30428941980607993,-0.005380335636233802,0.7823553179034675,0.3579483162182008,0.6968519458257258,-0.0641500572979086,0.3330854647887893,-0.09765799835593844,0.2574734771916858,0.25178655481554985,-0.3481584542293429,-0.2659222996030506,-0.3052005369102033,-0.4201272956320832,-0.25553791170687057,-0.3386414738755774,-0.4822534627312629,-0.1148731528925748,-0.01679674275189308,-0.49089834270762456,-0.30543437799475315,-0.16298127122666206,-0.21655484388357424,-0.32243213921113045,0.07132756580034716,0.10078471604791997,0.08299702243104212,-0.11187595891144797,0.46636659292047455,0.4360933553948281,-0.06749315196763724,calm
0.0028936985518046403,0.3620660096640308,-0.10369060523827231,0.22537482810067141,0.16443371046772556,0.0011207667826623746,0.13935305294051348,-0.17961890987821386,0.08889868743115115,-0.26778868088083974,0.8023185273021705,0.6047961657123119,0.5265119500038501,0.2809894784775573,0.4367738240067005,0.4828140073922944,0.3929444887496276,0.33996887067482584,-0.14827403772739908,0.1550764940947064,-0.1179868927278245,-0.31133686525081583,-0.33215484774626747,0.03155980917447124,0.1620682457109135,-0.4655090428255695,0.2944646940029697,0.21152746101921907,-0.2599472698387273,-0.28452567462148115,-0.18579281020973215,0.0841602304264463,-0.24558337348035017,-0.41038980102967104,-0.027652033935603837,-0.6058375938062742,-0.02721954013586103,0.25686670418785285,0.07467617012874564,0.22537912009356273,calm
0.15366824809444268,0.24424114052404827,0.12975884584191152,-0.08433741821258801,0.09406259488851071,0.15592503431780166,0.5093121042751391,0.6172258032725657,0.3272566000085583,0.04035342808948306,0.04741727384901165,0.17908212729044412,0.5642026227442722,0.2868485135661104,0.17108771908310877,-0.028628592774311956,0.3574879177369531,0.18073619888485343,0.06516868487908806,0.07194924287453403,0.43553568375956664,-0.057957548588711466,0.3737213790987133,0.23367808396305642,-0.08953921745460325,0.09604746526902377,-0.174149827726431,-0.3640973623082928,-0.2329336052167634,-0.39664678370608686,-0.04067959391750817,-0.15842161806353325,-0.008732553076080618,0.0720745090073818,-0.8943016904641388,-0.01227381463610333,-0.513363950083146,0.008324195019361831,-0.2214295677698271,0.056059438733707896,calm
0.3713631819821094,-0.3648674171619436,0.14099783062512483,0.10333821096612107,-0.32290604933358313,0.33623578415293276,0.20315217872468785,0.08350549233420149,0.041658517855898164,1.0316798867194277,0.13137071044781073,-0.22412262299024896,-0.015721345930248876,0.11155168347737915,0.08882166312699019,0.14291126180165278,-0.12485250581689836,0.2437784796178262,-0.043080714870764036,-0.29408798646952483,-0.18998986665953055,-0.11402979246016726,0.1637626350606169,0.04423791150752987,-0.1871286321236922,-0.11999675384294275,-0.08941777084364663,0.35267808317353144,-0.3203640987261198,-0.05307055488681671,0.013050206675874282,-0.4003672183042404,-0.10338443828393346,-0.09373852411479575,-0.2316912399956292,0.05174717175528368,0.19417850608022777,0.24922343795875604,-0.05003582018006153,0.07746928190217452,calm
0.6176651321129932,-0.2138272955467992,0.1488009887772968,0.34543812658869677,0.18767867919467177,0.3382331631037865,0.23776787065670577,0.3991041834275012,0.5427443952587376,0.17318944479451215,0.2792144676283649,0.2121523557334108,0.11609623840003395,0.19829676965247292,-0.0979905386438307,0.3487541342975029,0.5625055917121369,0.5345211702174011,0.39682666090256,-0.19493794863369854,0.393849374861283,-0.1967157843044154,-0.061658205007594336,0.38464955089166275,-0.37060186886468627,0.08540434383439535,-0.0728876368133592,-0.1950264544819545,-0.384968368291814,-0.0642118813739636,-0.28448980393643153,0.09921035350160734,0.15538230486428137,-0.4794235521274566,-0.24055622879577057,-0.16991822262032538,-0.3583725913905591,-0.3128095382693309,0.02008504711226903,-0.02201388143566721,calm
-0.3829622814141409,-0.07244907926055016,0.2230598169264624,-0.17861778577597978,-0.08075192414177533,0.5711590545143747,0.5239008392488897,-0.19456801149370076,-0.11563946327198416,0.3228549444684884,-0.06803712473783491,0.16276185378372163,0.10418235405405189,0.3432440749423533,-0.44726183805516306,-0.3880016944015555,-0.16965485975320507,0.3618628140678082,0.03928017540680947,-0.38096173531449984,0.13715403674997817,0.15905687109158284,-0.10985896764225442,-0.15953110103379584,0.006784734194296579,0.17744586663165285,-0.10509612005525823,-0.023729076661233056,-0.17801556393634302,-0.265159164751931,-0.3975238849245838,-0.09802762736618911,-0.22573909342528156,-0.19550565193196104,0.11818879363858145,0.03185184266211927,0.15458007206512728,-0.42724598599164787,0.1375131010381996,-0.11746687024289348,calm
-0.17206099798488228,-0.15095532098862913,0.39618260450456977,0.32991060636754166,-0.02907650709922953,-0.11015282863080153,0.19802919753806286,0.09579711984784652,0.6369941277826862,-0.1367784421793803,-0.22762574461272558,0.16201929831253198,0.21968761616785373,0.23635953122286088,0.3732766873395903,0.6809584418022462,0.05130749038340668,-0.027698977554140802,-0.36194633915356134,0.10694471984597537,0.22725880774906335,-0.08297250273824533,0.24676043663934924,-0.06932069112982672,0.2760887485563917,-0.04163759473210567,-0.40749524559819006,-0.3162083630147453,-0.5493946744168279,-0.6041034968304515,-0.10181304704971653,0.05529587129765798,0.337875371347493,-0.1483902260782979,-0.1734552807445389,-0.3674076915696558,0.18388350084250682,0.06396057651792178,-0.1508649306542959,0.20213271940368868,calm
0.17033722252180758,-0.40540569602596943,0.27900707073322817,0.15697199841857026,0.05227936241538732,0.06997042825466364,0.6316973488891858,0.5946807663355739,0.6785891046327202,-0.05862478364689416,0.06621410616439075,0.4523293417075962,-0.0851136342003897,0.02315437262103215,-0.26614329615777743,0.62589749184697,0.4025644785471707,0.2230216113168568,0.13266849632021113,-0.05818952570016239,-0.08556270079130038,0.1360584171140475,-0.22633787593430324,0.22995562384823562,-0.2257693055500948,-0.3432921153671675,0.18129793079278747,-0.19299791528802052,-0.027239373785584997,-0.27357217703450354,-0.7310674395719308,-0.025302933939324646,-0.4873609306802046,0.1359606976879161,-0.5019449751578984,-0.5563653391602246,0.013965106953557349,0.07298402101424141,0.024589413643118296,-0.2733947628339001,calm
0.2521329997894658,-0.30408985810451683,-0.022732115774164452,-0.0740872977023538,0.055729521951386266,0.3874355748665641,0.03607757388231919,0.35178772125854496,0.3956401888925858,-0.19921813649677006,-0.0618073685826897,0.13012006438441764,0.06897287143652858,0.2801229620389992,-0.2979942474614097,0.34277232276654135,0.3230365633074067,0.0663334239030362,-0.267901529938685,0.04748919296192916,-0.12046597439235598,0.12379677257330404,-0.06974845713771495,0.10516356481327482,-0.21095507557518342,0.2357326336671287,-0.7193952672769893,-0.4110470976767032,-0.043255026453941484,-0.5475667821943335,0.015441117975785956,-0.46628353307686576,-0.12739062366923426,-0.36328580747476646,-0.22454180563630524,-0.04649249934272211,-0.08912822241534837,-0.1286635645456046,0.5361967652214453,0.0321154426930393,calm
-0.212490033660027,0.29398251444739887,0.2984990174677258,0.42867567357099545,0.5969630416218484,-0.06059357557280265,0.4594772256076459,0.49558994041089854,0.22219469662563393,0.28983267713713223,-0.5208577784428884,0.08247075788209496,0.6639940625497348,-0.2435061410874453,0.05099764625559591,0.2346085272958317,0.280784008298669,0.516278907059123,-0.3628427536410953,0.056784906180687475,0.2288246832006598,-0.3462752998740847,-0.05831563405070428,0.3943058463647232,0.22650207553885005,0.009953585426817874,-0.7967252324965381,-0.1895868491088406,-0.06935298895953107,-0.24695648628292813,-0.18490156061498977,0.6087522981087153,-0.20430721674295074,-0.37700429736699115,-0.053523665731619846,-0.16906680225428075,-0.14038167273328508,-0.05510821943389686,0.19142804876998717,0.0893763992779538,calm
-0.2703607821354451,0.028906046799180234,0.21194562183543053,0.006013272811924528,0.43738440266855605,0.3685225297837732,-0.053095322372644915,0.290638581503476,0.7180473275817644,0.6185874718674127,0.2157698026798922,0.4503610636694292,0.04853744706275964,-0.1588142400714831,0.3235008824444787,0.22425884921002953,0.2654308690009809,0.10221852914454325,0.15935611678207637,-0.08213533886346458,0.13222131903066714,0.19040702627955772,-0.06299580023279373,0.1266432874801028,-0.5453601610539118,-0.3214768766786481,0.2179233725378292,0.2834150223070617,-0.10330900164314785,-0.19567651689885232,-0.4855330476115024,-0.07120962987849706,0.04391954826531716,-0.5050440423495028,0.025484113627715216,0.032518207955865214,0.047271578646252796,-0.3152152854467273,0.13337860239608515,-0.3444852490571403,calm
0.40214895423957087,0.09587812164494397,-0.19757934794174073,0.4592411859446274,0.43865106558084266,0.011632627249230032,0.7456228155622933,-0.04034555449738178,0.3004584876254357,0.5241511854305445,-0.337830194524974,0.47632387647288044,0.20082371139389785,0.1992801388557364,-0.08429446951259348,0.24550556650919933,-0.1405529114882839,-0.13372176223267718,-0.034071167992014234,-0.26073952288690505,0.40708953567012274,-0.3500427313613165,-0.2370859326639935,-0.1559837185876645,-0.10173187113533241,0.07316185523593538,0.061370682904354296,-0.23271793583854514,-0.26197778212531786,-0.16108001906942115,0.036966511708596606,0.012267214211217597,-0.27978175283072604,-0.6493973612799947,0.4215227440137834,0.1477104542162214,0.0028840497356053263,0.05177702480075336,-0.1324804824098949,-0.2202644690322347,calm
-0.053120071384532425,0.00646561306153285,-0.06297856995974226,-0.2413432213159802,0.07200472842338951,0.3183801983918201,0.07087331089404682,0.2161832134966418,-0.29557929400719596,0.17663555207067957,0.19934820170512463,-0.08056419001170148,-0.2153804709678599,0.30616186677214796,-0.017492088282928836,0.2847158418567145,0.03184128712688991,0.26419517804643056,-0.006835782993969114,-0.3305613663569491,-0.007709918759107912,-0.09992920240462069,0.1159495697462414,-0.1895407588196018,-0.20089222058006143,0.09004860763266365,0.14837261771404917,0.0328577578767108,0.093489387938096,-0.05628621578556875,0.024046713519659285,0.057460101480026116,-0.04975011410242622,-0.11886356412276208,-0.07870162034656175,0.5110647015061942,-0.05952512690223878,-0.09253563962232536,-0.09314717624670535,0.021663840807335567,calm
0.09105217133048893,-0.22070043776892664,-0.4018084545911872,0.19675719248702903,-0.2513648347884039,0.2389201643285477,0.22975180500032588,0.49891676180711353,0.6396528049423142,0.32045979012106285,0.09135168089114107,-0.06773916509785735,0.019061571286458856,0.21319943519791124,-0.33241813934867914,0.18143584147683278,0.13387897166497345,0.269504206333128,-0.005791135026913696,0.07160528832930495,-0.1701262410343355,-0.1338706164066597,-0.4917019085188974,-0.04598320708506473,0.28456071855809384,-0.08426214427632495,-0.05174616498411044,-0.40241085415727185,0.1918654610029464,-0.36159096315493167,0.03190172117163484,-0.13526979557460755,-0.39046785463092093,0.12219859990030388,-0.11039565062509851,-0.04546794569905514,0.05009048250508462,-0.03871030653293221,-0.09676072027302607,0.14654323306433858,calm
-0.07118931476527979,0.07842012557115065,-0.07358746708154291,-0.24957913022016673,-0.018144938817585013,0.050455030493723144,0.1982986294682068,0.5067904118439714,-0.2002639145199706,0.260690387769998,-0.3231436928020368,-0.035507713303062655,0.09023659477920151,-0.3600628447929668,-0.27950897398554486,0.20113518573370895,0.1563329761021451,0.07994616339390671,-0.12306793007487524,0.5846858963152888,-0.026404933261195605,-0.2333908493083741,0.37120630206577254,0.07668422809518807,-0.19535968786555788,0.17324977678665116,-0.10403825937838102,0.003781016058205494,-0.10725703886043866,-0.42694413549154886,0.07425938465010873,-0.12198908799721503,-0.4030383057654997,-0.3253272523864793,0.12459668669083857,-0.18249166270444736,-0.05133715406286905,0.13029844154303338,0.030000184258350153,-0.3516515886828324,calm
0.18935221544298325,0.2966772973673465,0.30999431832668434,0.5271476584097857,0.24121828297114578,0.3684992623890523,0.5919214315984174,0.13800812016387876,0.6561972974110565,0.6622033457344781,0.42561022436383456,0.6858800342097042,0.4299880585736341,-0.016970663637594557,0.4692683547505112,0.24422415403705378,0.24026313764872284,0.14704416072279028,0.41776408341428095,0.18418450988604593,-0.16004345672742018,0.10359035274708739,0.13392370970208464,-0.25828923389473046,-0.2111912938702002,-0.22068582495822445,-0.2950386142547551,-0.06980512836453737,0.08847832127028668,0.30325446079040586,0.13012991235224156,0.09341769784330556,0.13510971058149432,0.1992244418981193,-0.20841813336751566,0.08325262123851881,0.017614258941514208,-0.06567031911265084,-0.11582005105139265,-0.09631947379046454,calm
-0.03699756135981218,-0.24661036318344945,0.2237616886128568,0.11747340662055383,0.17665455339471497,0.25891303672466104,0.37582728161579126,0.06275119511171726,0.19553477392781393,-0.17358386927267028,-0.3251267743538909,-0.2591652215878776,0.6012084545972772,-0.2533894358052534,0.30296999185717544,0.5319295363905955,0.022450831288432158,0.5158429779704666,0.5396820951235546,0.2824279318718803,0.6070579617644348,0.13782005719017687,-0.23051225260573274,0.05413285148686517,-0.21280365505595028,-0.4498981731349574,-0.4612910332247474,0.4220265682111827,-0.2999952996712354,-0.17442048771324137,-0.33278566516667907,-0.125808961430343,-0.20826979040356186,-0.23488378168723364,-0.4146787639333849,-0.44079523622837335,-0.24619342356713045,0.04275468868295047,0.520100330067592,0.29653855156628606,calm
0.4891841739346656,0.1869266986094913,0.07524641563559498,-0.20447780293682385,0.1546812436012161,-0.35781473334346103,0.12372306276111276,0.6220346390009722,0.30878601356659474,0.5152337999533924,0.13905295786068617,-0.11323366727483522,0.10222681868218805,0.10914132351605789,0.491532317053308,0.6618075508117828,-0.042792424059715506,0.0241706738481407,0.04713401619583357,-0.035378739906383974,-0.2912312570954082,0.011321343023923274,0.04816012296869272,0.025689053304549903,-0.39803052571718867,-0.14709036671852713,-0.5718114472496185,0.07780815811270028,-0.414352035496231,-0.23184775513330716,-0.2740981344904635,-0.3011455310597809,-0.4085581387321896,-0.5695177585482658,0.3260501066887628,-0.019079430960239355,0.01066827055947811,0.49871299055839424,-0.01985682161069853,0.1755853228024854,calm
0.042736336417759715,0.3664569905016952,0.2264052407653175,0.2092325001004338,0.09405931669307832,0.25195554081780236,0.4933740249006453,-0.3006320082421121,0.19775912905035678,0.13204206513784494,0.16276086934741793,-0.2600011463444669,0.4078915386186386,-8.744656956244379e-05,0.13628746770065067,0.04478939793992799,-0.27246635499475846,0.004998511079266424,-0.37443710819415266,-0.1813753246867295,-0.05670421331693733,-0.010816995407636601,-0.026347625234818026,-0.10307109248890178,0.44004497071028326,-0.007819736366722521,-0.44036356133849375,-0.3017887953355194,-0.32203677134610786,-0.2059063973841892,-0.3111035794523571,-0.3676597236224409,0.26988210263146617,-0.11529119122769202,-0.1902086218253514,-0.1448887372588232,-0.10881249465425472,0.3232293684761076,0.1258972508937431,0.31920691315853333,calm
-0.7410867750211804,0.1521302216689924,0.3666831559683198,0.624887849799027,0.16613148777648565,-0.24631188655639422,0.3505282807386011,0.06963589398840736,-0.21712134531346483,0.0826216705813354,0.5026543767842753,0.535267399610849,0.4062683362707846,-0.04989140768287037,0.8231417278518449,-0.12070125613704519,0.1265435688639922,-0.24369824580826885,0.4163623276263664,0.16684780410205086,0.24528630447079294,0.014121244697121019,-0.055964149822060244,-0.02373158022385051,-0.5650847157781994,0.13329601332399854,0.09490600938454719,-0.24527205515070274,-0.15917492362307772,-0.08493440352285626,0.23406198901663458,-0.04397734557239376,-0.12982937533972863,-0.2515451019425956,-0.4797034621714016,-0.2287225322929424,-0.03451006199797811,-0.08570952915734925,0.027577748353431235,0.22720276644827325,calm
0.1497930947613994,0.14193479949357776,0.26851561454770145,0.18072161139294596,0.15369130481004672,0.3030023003757102,-0.22594012710796438,0.5353543278147146,-0.08864706283845747,0.44941922037132975,0.24477957212206602,0.5147810873667441,0.237714862167491,-0.02086656273396459,0.46534945644476855,0.22094439947025737,0.17877150034904674,0.141000849904898,0.34058982426129714,0.26301368098715383,0.08403425421028093,-0.3929275988827363,-0.13667482269716566,-0.03765127893967335,0.35901776104673555,-0.015813920057282146,-0.15314384892348212,0.15513673168672734,-0.18059370557469084,-0.16356455552768676,-0.11593602207068951,-0.5231879555295608,0.10211542255391201,-0.014672273259274726,-0.17136029311566334,-0.3621259064261667,0.004080654414038751,0.3303342617564018,-0.14868265046429613,-0.2216634456067472,calm
0.14881066794848255,-0.32322028447186246,-0.4480787832191184,0.025727201238529007,-0.008394383845539324,0.1190282346376425,0.07083166909738925,0.307905464360522,0.18103616881269888,0.09301981030369352,0.1296656845272651,0.39813358796587106,0.47099248542523353,0.44364882668841976,0.37364821451109365,-0.6474019924049653,-0.09907172851503343,0.044304207932562595,0.14392187546718238,-0.34362120571292154,0.384159825071146,0.07272977963138819,-0.18889720327978582,-0.021183736382013686,-0.1743665252577795,-0.2999567758560635,-0.0017568794185647552,-0.2554649853458345,-0.5038650955095328,-0.31355675039398945,-0.18210442159925214,-0.4169169738466676,0.17979652411724775,-0.3916912255612184,0.34037947532930923,0.148824458825199,-0.28289793981251454,0.014701421862734633,0.30898855562372207,-0.002107722041571322,calm
-0.2524979215076262,0.10586292959764745,0.6067413244457041,-0.23360677514569958,0.30488514709138925,0.19287504017721394,0.18141903628025963,0.12962306077608332,0.15874238303720847,0.5045719138649479,0.3957047740559355,-0.006612997497071588,0.623552365633946,-0.1041449954725504,0.36765020823594574,0.22569394293894415,0.45372352583990905,0.2147031674411268,0.35925279593948933,0.05745298351325352,0.2746364596325512,0.08585411993658726,0.5065221004300137,-0.23309561139014448,0.21371753675935118,0.009068560651058377,-0.08116763563763812,-0.28063877304532603,-0.036095717364838104,-0.520179526331875,-0.49255497595311226,0.03406676277458617,-0.5211846362927155,0.24293008774497996,-0.1644896602487379,-0.009312077200226462,-0.02564770191143092,0.09028770432220459,-0.05326795029496831,-0.04323779857504473,calm
0.01718059306864899,0.3431362152537464,0.3954311649160779,0.46022397414457383,0.2603236016473746,0.14296860547566054,-0.206433125143168,0.3903545885463183,0.45119984096114363,0.14671648558958622,0.45058895977467583,0.5672107652643306,0.2596525085582627,0.48645792587315617,0.28092167821666425,-0.25200427093850775,0.037854414168323525,0.02500428237186067,0.229354198505894,-0.15059979561164744,-0.07664196093149897,-0.2392817344607858,-0.03887203088742677,-0.04028094756669179,0.16022050109606456,0.09354005058669701,-0.08286412160335026,-0.07749264761550521,-0.11953902860776217,-0.12245237992460031,0.23736786930839973,-0.7644094256650265,-0.1753479861187506,-0.03715820687828564,0.18748320840312946,-0.34445926137226757,0.04303297474018464,0.20141441669426088,-0.09415900801403249,-0.42793080673599737,calm
-0.04068361535230122,-0.2188451300750507,0.27534736838597107,-0.0704935833622836,0.6145671152981224,0.22889454554833655,0.012529738368487614,0.103822429547289,-0.031657304938790376,0.34520850705034023,0.6219170550037917,0.19136481449312162,0.46749964627591256,-0.013102276737774726,0.2812197772387658,0.7578808470913061,-0.1952304873022032,0.4357493801282242,0.3905604223889949,-0.404630269514224,-0.3254181684733207,-0.24263421450366637,0.21304929835418138,-0.16486647562701487,-0.12524656032839984,0.07115296365323212,-0.09452805908395996,-0.08139120600581824,-0.22711814729327287,0.13032937130766623,-0.34391261251495175,0.27573733778928,-0.21614663681744953,-0.3150297237685248,0.0663844529105625,0.041529522283574954,-0.5391300920848946,0.04081685657641722,-0.3207829927684548,-0.15862880771966129,calm
0.24536834339902985,-0.134898640304545,0.20070065218244784,0.046480867949138596,0.6517837498998602,0.168515886387976,-0.08097021515729255,-0.04739533226044737,0.013624178979289553,0.27820066381539177,0.24676307548096194,0.48581386157749173,0.2762066303426508,0.2526440615282762,0.2830510651264908,0.14728133035678284,0.22689129886339346,0.320986398741825,0.290416148524556,-0.07356738126975294,-0.4115418814862156,-0.20349160696990876,0.03837280122439264,-0.6828324374431886,-0.205434150839308,0.003348349833206088,-0.2683073294998465,-0.42078144424985797,0.2881474662850081,0.1919056776561541,-0.21769720755653443,0.18386954066028355,0.18916169521775908,-0.401949404083357,0.570843549737494,-0.30950284974040354,-0.11393507715601597,-0.29254573895422886,0.03186624862387515,-0.2842951300663732,calm
0.042506840956645295,0.34685954020686693,0.16075254086581642,0.07078450288257629,0.5503644056552607,-0.03615886622889311,0.4502195631992719,0.14862830977435257,0.289413143019143,0.24963490586945827,0.27494472944334036,0.22562747310555373,0.03433885077806656,0.07377905053069916,0.3078187482368536,0.14800673531299086,-0.14162972063773913,-0.05589093783754712,-0.08345691579481387,0.0440058242429906,0.06996080365254753,0.016147440561783376,-0.20074854331828604,-0.06158043280631012,-0.4340534149999724,-0.8352798616902363,-0.14661415306401698,-0.5602747627028859,-0.3927208545895955,-0.4616007855800971,-0.0019686830060045013,-0.45539090098808355,-0.0729199681091067,-0.24827678251144583,-0.4150569677607947,-0.47586014165787693,0.06007524549196876,0.07051377051443637,0.1984273893103023,0.4945770408151827,calm
0.10446366567622989,0.13863418720634063,0.06846261493236085,0.15509353080033925,0.06809170666170426,-0.04405982461212524,0.6980272255484474,-0.24998337112048521,0.29010285566198524,0.3435146532904473,0.2714914749213316,-0.010597579465675744,0.17271191795357407,0.0912292949565238,-0.0806404436833025,0.15379407148007052,0.03747475048442239,-0.02744618640675292,0.2505221906358472,-0.2170754897324941,0.12528583624595485,-0.1694205722829302,0.0591903822239858,-0.05893870940130025,-0.04203736923301854,-0.3694796845085325,-0.33685186174910897,-0.37108535168860524,-0.12296757701380037,0.01612202991205461,0.10018253645759742,-0.2880582193258948,-0.1305556485341226,-0.5396601429056802,-0.6692306664091126,-0.30791504911099743,-0.23088189075880386,-0.42284601489125573,-0.4479736177128234,0.1608261076932456,calm
-0.1729520352063717,-0.35996284988044247,0.6695574525206819,0.16268144736229873,0.06743058144146095,0.33958522361901544,0.0012380222766699978,0.6024933193371103,-0.16603285481951902,-0.10190609298875025,0.19076981705063636,0.0301277832182891,0.5633374952146825,-0.20191293536606997,-0.0030715702059597727,0.2159505317138737,0.2708600010778499,0.3517271915020377,0.15674356043692142,0.5884287122569343,-0.1113810948195939,0.018529937427427673,0.15749364113722691,-0.1634107469217592,-0.18361989505550821,-0.24877196961915868,-0.312033337371042,-0.4468861701041936,-0.31296426322580206,-0.564783428889602,-0.08308555281329633,-0.5682115369681658,0.3541166462028221,0.2791343161400581,0.15110477995099256,-0.15293089601007825,-0.2195128712503624,0.261155955944964,0.03237652393561568,0.1586066458291457,calm
-0.16024060193477085,0.31661782451187204,-0.11704292837560362,0.13825311947377042,-0.2922926998153128,-0.0005122728634687213,0.3077082493781086,0.08670871648617913,0.09892091847962578,0.41298749224945674,0.19949067235655196,0.5230020636133528,-0.39717149939723106,0.33231541222136474,0.2986768749069727,-0.23446570817557402,-0.19902156400082374,0.3143570497438025,-0.2006318651511524,-0.1252113667585509,0.14998498787772743,-0.11346287051297343,0.0573842254128145,-0.3060348892545214,-0.04172517330974522,0.13146000773235833,-0.07538390605575511,-0.7165154623420978,-0.016988862034865465,-0.16857220129953385,-0.40729552342609177,0.17143723995752902,-0.5980528083728076,0.31869799060634685,-0.2850867306599615,0.28836362615658195,-0.08738964466498202,-0.37791281006003485,0.008161577504176336,0.09916424016584992,calm
0.151414288954076,0.3127300164580552,-0.14348915298988288,0.23199888306580954,0.320039279480249,0.09306009450940445,-0.052047783312921925,-0.04091124117973524,0.3950998996129075,0.4138496698862717,0.009828024991670209,-0.12096930063885838,0.5117063085036059,-0.19716339730809085,0.21087720438856378,-0.05163882132264688,-0.3137937472555006,0.12547416849185852,0.01667875397065645,0.39046678518739164,0.5654176305201211,-0.07857060051642736,0.1928962315467001,0.16923791507067268,-0.24677447828392504,-0.3545573161518133,0.24358800210707107,-0.261845761338765,-0.18631726665504003,-0.2562417699875833,-0.21566967422828837,-0.3263806462974078,0.02158070750353494,0.16388416829896948,-0.22109241251943482,-0.4475438673034494,-0.0643578069309197,-0.41742623736117457,-0.17520888821949956,0.322168661100827,calm
0.5934623232931201,0.14162706307108885,-0.185700278398826,0.3029982517971318,-0.4227663317692496,-0.01259980558353832,0.559569375018646,0.38204830343097407,-0.13533254092205926,-0.19927461544979486,0.4285745595934576,0.20010166628668236,0.05532271762318536,0.29178019573566794,0.02806589142105173,-0.3294618514355858,0.32401990583632445,-0.06683278688412914,-0.18569867746636315,-0.2996557909564507,0.06207466236675358,-0.2320976340465203,0.09288083052810508,-0.1574082143646582,0.15220895700704506,-0.23503743227041565,-0.3198366249030894,-0.6609125419841294,-0.4532395082647409,-0.004652588143809755,0.5775136772031326,-0.4874154030203557,-0.42274519466904215,-0.06447698064853191,-0.009430416405113717,-0.27246298815388303,-0.057252587497852336,-0.4470954215854851,-0.09003339172297731,0.24020463160384078,calm
0.4226592087520271,0.006587433245371137,0.015054454347475626,0.22171515756710494,0.41174319451345376,0.2816827125224307,-0.00587301780555971,0.2856754996867302,0.44913927206769766,0.03758435124905976,-0.11610713411305534,0.3389942716451717,0.2944998736895301,0.4300560829565572,0.19347141564756948,-0.011114262241336409,0.014778648357080856,-0.16084582604170075,-0.17091698752813494,-0.10674672428818713,-0.11952669204531638,0.24610757817047726,-0.3665526263058101,-0.10178919929138613,-0.2620671033571733,0.23226332426562823,-0.0907907603752221,-0.26255083842145865,0.024014543296639962,-0.1657960274841158,-0.29936235450618065,0.20718611518474817,0.013727192154168621,0.28316543231875524,0.16123740814890883,0.0905157757522013,-0.042079330367462336,-0.31488009412920914,0.16243767380065663,0.036288855575165715,calm
0.1862833305263356,0.04849609745741644,-0.0895878494832782,-0.13853490414380823,0.3126771874492581,0.48410888185510903,0.11186881999551412,0.31251341402220423,0.5548898651205404,0.010166070795357529,0.13434729443213683,-0.06305147381482509,0.4991313873488087,0.2576250653733912,0.059532478919648774,-0.2593303009035106,0.08166992028789494,0.3457395170529636,-0.005986777063689719,-0.06964606067363084,0.1627940417663454,-0.3342786817135869,-0.04558493714798688,0.0615603073774966,-0.306214098327093,-0.3408110434572241,-0.09159459706263817,-0.1915663733369217,-0.2343512405979207,-0.12816757697053136,-0.12303825049973857,-0.40155616293754504,-0.32578862990355895,-0.03274843889734745,0.15460584869759322,0.2364902415434213,-0.2824783072958347,0.22890589301269845,0.1769017564896918,0.013355787863337867,calm
0.14206600962686183,0.2589291543232711,0.5278774263637404,-0.14759304824899525,0.29048378328943325,0.1309397575546331,0.1346950902816685,0.4865754937064467,0.4165393596407462,-0.03153066868585852,0.15126848615756655,0.2740581853472159,-0.1413943222572821,0.40908613323427934,0.15821619357291103,0.19478857087190568,0.2119774651693017,0.5479962865301669,0.07894385067525264,-0.050305802432105085,0.43671873189170585,-0.14990513949107878,-0.186155788572191,-0.42806943477780557,0.1572306738736859,-0.06527243762781829,-0.03421895984473923,-0.1235151381148536,-0.20698777808168914,-0.3716591476238119,-0.3691971702852639,-0.06266779134311747,-0.12745806349479702,0.26169441773911195,-0.3095675036408714,-0.21792051930044193,-0.3226379207993638,0.30040514796260154,-0.3141753999087028,0.2137224379237015,calm
0.3786042773676518,0.020354508159021165,0.26558713394632694,-0.41010509283571583,0.04761097782804499,-0.24273464252783902,0.2302172613150865,0.2060714422810647,0.02517053490917112,0.45531056952608195,0.3109770441706361,0.08989172465078549,0.08358287983518703,-0.16683453562857087,0.13243842252841587,0.6798425218224784,-0.04532943850975121,0.20586257686431128,-0.06420823299662651,0.2382279588614592,0.11618914633831774,-0.08191681602471695,-0.49546055394251387,-0.2102587744160323,0.18757491995407533,-0.19154022332329615,0.005915879084747611,-0.2820206497527723,-0.6334142142267187,-0.07073818719225228,-0.09569274565213262,-0.3112653023071088,-0.2484578205470329,-0.06914495805813944,-0.2668215868559114,-0.010785188512105387,-0.11934157296812717,-0.621937358256876,-0.043752426612629666,-0.12353375822684962,calm
-0.182794390418022,0.15556837577672203,-0.03330688566842184,0.2504195789412812,0.41446340170555807,0.20378573585349158,-0.19371791074943903,0.02417749150623305,0.4419676284218369,0.1589694489710171,0.024819938936778863,0.19809796415978528,0.33582548950170943,0.2617304722365643,0.3390324896072061,-0.046598013354272966,0.06365103726457819,0.04079183712811947,0.0671741635183615,-0.4770144994204535,-0.04972648174382081,-0.3545556698121022,0.2899575449812124,0.302544793589958,0.3076773935142538,0.07018888775568774,-0.26817837919150533,0.07517744629621309,-0.22041467785664562,-0.02354387006033129,-0.39632574067512516,-0.3119792067082856,-0.040468993753254856,0.29878486484970823,-0.12500397780475625,0.4622737205850189,0.6136004071294285,-0.3546358471543549,-0.01325338562130618,-0.20965256728402737,calm
-0.008717902945573078,-0.0742417720982857,0.07250462169228733,0.3571051450137228,0.37804680979959326,0.2343403754272855,0.1911921879064182,0.2359295343395914,0.24946950461851766,0.3663725804770366,0.22719366683701636,0.34632282931812053,-0.11050759860488835,0.39537729575834435,0.6129981025524085,0.20420331259438335,-0.21624931008512818,0.43861384099306155,-0.007210364248488033,-0.6964300880527131,-0.043653543709571974,0.12829537638944116,0.043018345300408614,0.22634281951264326,0.047426763089766205,-0.09753880979045326,-0.6351626040838885,-0.4358507769672332,-0.12494895235604528,-0.00569993428131782,-0.4258721701420375,-0.3167303840820064,-0.03773557169924652,-0.6101763009161698,-0.5989128852407981,-0.15027769701442587,-0.0037980117189186993,-0.15502675554589865,-0.5726833473151343,0.032541416785642104,calm
-0.3017999874639724,0.22067846433315075,0.06520142242004145,0.1852100250646118,0.3056902775377106,0.040857623242265134,0.3961615229368358,0.51523002233568,0.31716822082699647,0.5544973247520921,0.07172738559567646,0.4495722154761558,0.28057546477066575,-0.04395945666852255,0.16253214666111226,0.028481510880422306,-0.0027570126620774515,0.1269087719078541,0.3377057602398591,-0.03541048620240929,0.04187446271232231,-0.3840758824952617,-0.024850922188513036,0.20578465627488088,0.09499893668801573,-0.010287880351101994,-0.27639013583504757,-0.40112888067520003,-0.19202121930060811,-0.5038985889659179,-0.4768141748353677,0.06834043540420501,-0.38060232130326777,0.30714484264334074,-0.47080756197241946,0.013492710562329674,-0.3558305392881298,0.0070381320365502376,-0.26243926379241556,0.03725397735553693,calm
-0.011523103805363442,-0.05254371157357429,0.2172155577437323,0.49370576149277656,0.000903854210258917,0.3903755303401978,0.21268017005363155,0.20037843735629648,0.7622136215018595,-0.3117952560684196,0.058395872260239595,-0.22523211548533376,0.13649783588741055,0.1435813262263172,1.1257151614947685,0.24551599116260653,0.5786030796238274,0.4270383690555819,-0.03410261593569987,0.16185973276932603,0.42435246660197434,0.02214390185729677,0.00043229671148575094,0.04471888578542142,-0.4781049994913734,-0.32901382942918433,-0.06277495179716484,-0.02482326892709441,-0.39647726412043127,-0.2529193563246357,-0.20199101593934893,-0.20266577317378803,0.01797881424094855,-0.11136815920634405,-0.07630135763574397,-0.443866122594775,-0.32717877179590127,0.043069049750037586,-0.40047632476123407,0.09339913522713443,calm
-0.13725937117547357,-0.14271788811091712,0.2502686240211811,-0.048451942511351695,-0.06631085533705193,0.0030080635855676274,0.2049687468312267,0.8880151374696286,-0.30748740870878855,0.21950897694122287,0.16564191251904317,0.45771123830207006,0.12064279842322277,-0.41438482388883524,0.5091404769491769,-0.11275242282776865,0.11704921566667528,-0.23620558158344,-0.1990933263331613,-0.08238551254802673,0.22141258135204192,0.18594613632486,-0.202377318433863,0.04211316792307303,-0.20082284450764082,-0.10290442622222754,-0.11070695815705575,-0.009023147166518974,-0.32483565601100184,-0.2088182636980809,-0.12070540700902657,-0.14603318249219718,-0.3551108307398463,0.2865405431512732,-0.23531121836372912,0.09131984866767243,-0.01902151772945522,0.26329949387965357,-0.5513691784026877,0.5325569035481075,calm
-0.029875869981843765,-0.25081054743356257,0.1183678752176425,0.676537862705667,0.26865567178602834,-0.13880882914044249,0.07241833137887242,0.535160918779354,-0.1339000293391055,0.1764291787951636,0.1493443892967844,0.7568642793072853,0.13707885088133737,0.5220641973884594,0.009145282647656683,-0.04445053998518922,0.37881581372368156,0.2555059371355942,-0.35895736058811745,0.19741372261490983,0.1659756837241653,-0.1779558614502061,-0.0013750972748046084,-0.017745047211400064,-0.23109589289771218,-0.2779414136944618,-0.31766851744304503,-0.23229850141909572,-0.5039302545793861,-0.1883428353079188,-0.5476879168869946,-0.15153448517306975,-0.17976124074938613,-0.3998241362320475,0.08929414148013246,0.3824763763739081,0.2578366697189213,-0.3806822182589137,0.30580409005538656,0.07601548732644348,calm
0.008622902500700996,-0.0940282975275841,0.08331650891170678,0.4592423225208945,0.2768614452491879,0.06308767519993377,0.01995432606517822,0.0989861516483171,0.35919835870736583,0.6832129189145423,-0.04106387763820041,0.2169686839280147,0.11295573689666842,0.007899017477466491,0.27512476885256343,0.2908263177280145,-0.223195748169661,-0.15700544338089076,0.3655562449367301,0.11621647015565521,0.13470642998691318,-0.150713557975579,-0.151235319959683,0.028259695439766044,-0.23440192039398197,-0.40852583472072124,-0.15170954371922885,0.05872874786671936,-0.4298737135232016,0.08350378408859141,-0.003235934125656953,-0.38446116266667407,-0.15742630855654685,-0.1535106124282765,0.034155213850981664,0.06635328188165943,-0.3940900127777237,-0.37568435745261053,0.2442737421208585,0.04947584940147944,calm
0.12477087614330788,0.13622653027106454,0.4639902642250735,-0.18433712852032905,0.4113212480391072,-0.0369101445310481,0.36617548684354184,0.5340143466215361,-0.12859609558581803,0.31972672129579094,0.1527113094509981,0.14556927121626062,0.21903695236820944,-0.06546864069169578,-0.06193879517107076,0.31675229476592914,0.3373960764198112,-0.04051808211170943,-0.2905236501168127,0.6102167708006201,0.27717105966865296,0.06252179370747424,-0.31150296024356827,-0.2293697342430759,-0.05119810309255193,-0.3707058346455727,0.24423157344584503,-0.13174281041438896,-0.07745312820321967,-0.43248912001758244,-0.401139674650142,-0.36526946656403514,-0.09100450776299189,-0.20862820448350036,-0.19405707513227574,-0.02089714500859935,-0.015898989704633576,0.3240299561606542,-0.05913753870042532,-0.22824227693293234,calm
0.018601522169463196,0.4142719785284722,-0.05158870613617651,0.12647605298750922,0.053564849497927836,0.26549594852191094,0.24939746383629263,0.0026012188676938497,0.15748946827021995,0.4518554263328741,0.49097342417851997,0.44461961752781176,0.4208909356745465,0.1129082082944093,0.0870469675689337,0.38285640212443395,-0.15975482340081668,0.08584482040919099,-0.3870110209504606,-0.055485741315614026,-0.1679689748988173,-0.3223616501945703,0.08574891302581056,-0.26592218275888846,-0.2011604082650851,-0.19648379491100024,-0.3323359851042679,0.1842109792951981,-0.2955301498733828,-0.12967119004293923,-0.4975964768295059,-0.2865360309942704,-0.23832544958965587,-0.21814689550054064,-0.2658953572134374,-0.06308890819903676,0.31172552228319594,-0.07400998736306066,-0.04436817958678879,-0.07393828130453271,calm
0.6446648058802883,0.4501660111113104,0.22204969970956887,0.2878499066902167,-0.03217496464622928,0.12872962879711583,0.23830763840786742,0.2320659859209678,0.003971079927844484,0.029272950853937246,0.34844000780166695,0.29473565047000694,-0.3079535066022686,0.21799501679299763,0.4889854097491442,-0.003475099692207606,0.18800394614213586,-0.2561756192661053,0.2742869560934348,-0.23507294860976954,-0.30080327015825725,-0.10333235753454101,0.5250907480801077,-0.23440444069205982,-0.419843704239641,-0.019406852091020096,-0.09469709758684557,0.24184031405022052,-0.4846194971497586,-0.5682782045605917,-0.2534939268227042,-0.07692870265733608,-0.07074944121154807,0.12372283427518269,-0.48804706908224593,-0.299983105953327,-0.10279992635820004,0.16489929919189714,0.107021034687352,-0.08090103864819002,calm
-0.2278126272498486,0.2708483399087186,0.3185630944704567,0.780490463235581,0.09906198041548797,0.564730110782196,-0.10934837854089155,0.06999093538919524,0.04870659823307469,0.10747104597000336,0.00771249919453873,0.08534777570235424,0.1962046932816203,0.0855023046267239,0.33922073472338576,0.13470193445862577,0.12909280670573364,0.4620114762731218,0.14764674023470725,0.07659479748166192,0.0018166220836985866,-0.009914399073933641,0.08468514236795682,-0.2807187595711629,0.17047716395773116,0.252668391496481,0.13202265655244785,-0.28478623335941544,-0.5634363448589306,-0.2841921060922463,-0.1382162409859918,0.033386016668041085,-0.2026946637145914,-0.21623035372723257,0.25094723066894076,-0.26151858512687665,0.19074193940123832,0.18101761046939377,-0.335081787457321,0.09086696963326094,calm
-0.11375660592936551,-0.17749842441446403,-0.36711397594631023,-0.268084265822632,0.2443819035650877,0.07184221213623071,0.25419844105459033,-0.05691396995250328,0.13630547759959905,0.15473579114306607,-0.15579240956974966,-0.188457633601862,0.317557298733928,0.2320238121394497,-0.05085342151708794,0.13051410490481952,0.2918750030649627,0.549607918718473,-0.14682802970916534,0.1898625481303805,0.5254328555273985,-0.008948604358298737,0.303694263635212,-0.7175546271205439,0.24498617890886226,-0.1347317007430541,-0.6101786064465196,0.026688457062343768,0.08384848766041111,0.11894755882223126,0.11803159364264396,-0.17670884586539579,-0.3412596485821482,-0.25485817302477487,-0.1300569467080085,0.002032495041438112,-0.18817585131227244,-0.028715015848599514,0.20552675648174262,0.10242857288104579,calm
0.5850106377010782,0.5836439551594161,-0.1953996047078503,-0.02352924957011855,-0.17815554231088296,-0.11862391176751949,0.32120228987804955,-0.03999755203761288,-0.04202942381945213,0.15502122944979851,0.41895711618351605,0.1314961141810503,0.12204248064178783,0.42127276835374106,0.29341949258426725,0.26727618078282345,0.36227089801212253,-0.1473578498291778,0.12343714745653488,-0.11683367959758656,0.25866943556373734,0.17514495933653745,-0.31215261461994726,0.24434716218818972,-0.3969002415361532,0.15515584841027613,-0.1001424892316502,-0.3784480857599791,-0.44809370887486377,-0.2519629147989554,-0.18178270041287878,-0.34405050487346633,-0.019648120926571255,-0.4862081922128354,-0.12338156173912596,-0.09731960479694363,-0.530456821539491,0.03538536013385363,-0.3201216069729703,-0.5916560126765702,calm
-0.1283854405632631,-0.0015956859151338362,0.30837589621253747,-0.004135950093557314,0.5052423582656225,0.5208098386844433,0.45612095335557223,0.5289761427545219,0.3008811929634341,0.08395172077907309,0.3819530116215062,0.4567683292141679,0.2683248234961318,0.1353536313054282,-0.20878675486636603,0.3216327333985133,0.21602794676598333,-0.21981779424090417,0.09485633529488925,0.21659665173216874,-0.02053257235439611,0.1677186970680235,0.13001358391065274,-0.44842257526993956,-0.18442874882551705,-0.013002700210752074,0.07522586229776854,0.1831330916399069,-0.6464902331371791,-0.19374167433220957,0.00041583503550821077,0.13227576007969583,0.2579985120600108,-0.3727711287723926,-0.2137580502981807,-0.35773960545620187,0.13134093088454596,-0.36762570473721323,0.2824951867941011,0.25354038811006196,calm
0.14270089141174097,-0.48145656941639847,-0.08150631495647402,0.3002511496722463,-0.20729122865901264,0.10743044114390835,0.16120129925252902,0.4227895380398832,0.2842424057766826,0.28867218570233,0.11345876891381541,0.2196093601747469,0.17615992050367027,0.3753098737414091,0.1329135561082014,0.41014547158930226,-0.2902064889781497,0.3971045511648099,0.02806224173030592,0.3169523100709898,0.02675064255224912,0.1854026662339588,0.3127608063487819,-0.22161550765209495,-0.09074166297247593,-0.17480191300756373,-0.09966930500347071,-0.5649435416675402,-0.2161942321142913,-0.23936039939186507,-0.3707284420039233,-0.21816493179069604,-0.5397215478060217,0.20271857285808045,-0.011876764574240486,0.36714808188361536,-0.286912566910275,-0.329706012823467,0.05947293176961617,-0.39018861830670293,calm
0.07760479653873532,-0.11982302195075231,0.0024407354624527283,0.17734321203348605,0.15308077171202306,0.6257155322705321,0.3422396895778156,-0.11688449387272534,0.45566779812584,-0.11082599477336508,0.2425889474116062,-0.0907617526429367,0.003799974453884164,0.519018777582299,0.038549553265967346,-0.005322810370487374,-0.010839213146731974,0.022270220798464233,0.424931991246863,-0.25420906270425836,-0.3006653173036785,0.11607561160081714,-0.4516712020513882,-0.17662073656070998,0.1674026121910232,-0.13415461428246542,-0.2713651780708305,-0.3421388319265737,-0.4022067843381284,-0.3257423127195488,-0.145007719950464,0.13486073711993235,0.07754537223241634,-0.2847642286763086,-0.30553205334034306,0.07079514927418551,-0.5222618925331259,-0.1528245164634073,-0.09358262936900222,-0.25573773110004083,calm
-0.2273646489398414,0.13618130859035846,-0.32719060755412455,-0.11508130027364114,-0.022394542230199085,0.181673415727411,-0.15692147508761176,0.46576818152719046,0.1326412618459255,0.15070667627672063,0.1265428387175611,0.04570824712745558,-0.03930973812858973,0.4720357386710009,0.22036596226279367,0.12063275867707446,0.3673752804060665,-0.0824156628133238,0.21768873580667317,0.03589317789532979,-0.22137368171359675,0.15343833119638112,-0.4332636234887368,0.06719954784467463,-0.3372905836505403,-0.04091957124941406,0.18014529404353993,-0.03421904864255047,-0.33171053909365456,-0.19446682504418883,-0.2768576034908439,-0.46897138544428785,-0.4414376031063305,-0.142205312130013,-0.00047694474209290794,-0.5433666043300149,-0.09970236156740656,0.07218863688236642,0.0054519747014983855,-0.2364500602718145,calm
0.26487242400463384,-0.2571944232439741,0.23249660278555997,0.4963711477776075,-0.37246436885865064,0.21671327461834577,0.2507053912411601,0.24516096521783673,0.012062979211685698,0.1303747991712276,-0.1352107719255619,0.23663775177863497,0.3270751584701772,0.017615391775703954,-0.06471368908534167,0.024102213827852936,0.11233835382188445,0.10070559900417302,0.029583117827596955,0.040070398713193435,-0.33086612837607865,-0.7111131203297553,0.07986640157446337,0.24884220755681083,-0.4737193800742936,-0.31177212281956734,-0.09308922133841901,0.05330055669796879,-0.03057285070409335,0.1199292419090632,-0.20562518189350149,-0.08443226928456832,-0.07371624385340839,-0.2645113203352082,0.15642366680656142,0.038610492512289984,0.15279091702864492,-0.15312289026339518,0.22627177223814712,-0.2525415356410031,calm
0.10211863082378067,-0.6027007099515331,-0.1784035945619837,0.27890162336815005,0.015237178721388203,0.19213921876459505,-0.22725115083682532,0.5649820227543116,0.34334071970031366,0.19742896199973906,0.3068230483937455,0.2814158428035862,0.5386088160962208,0.23082108830146378,-0.20010940375144878,0.07517506951624141,0.4260958406130093,0.22279788554379754,-0.049975234456069134,0.17044369477668603,0.017482438970363043,0.10630578436172625,-0.4613861565326629,-0.3214196698155779,0.03540057527829896,-0.2043387813701741,-0.08213766879689341,0.29705241274647254,-0.26709278981283924,-0.13570372470823316,-0.3296787802256297,-0.33980587261776407,-0.19388699947185353,-0.5146432434265922,-0.653529027412096,0.2186257895413934,-0.11317179551092593,0.21637393167542293,0.0028825901102654157,0.04150665055331113,calm
0.16895391694954315,0.21267130996582134,-0.22555849076691706,0.39321569956941815,-0.11186302777282844,0.1990662772130879,0.7941291788159892,0.20548084019838,0.6045359797329358,0.11887983618260942,0.35507383575703466,0.21372389078330012,0.29430046806348253,-0.03033039716942415,-0.06402271215337935,0.21987897172668772,-0.26945526100544803,-0.1223960930136338,0.20991933938618115,-0.1287999241540168,-0.2276936638638067,-0.3130138391887525,-0.03708948497225778,-0.19035970025217605,-0.09064618557971912,-0.19542751170494652,0.2840370721619966,-0.2881162927023493,-0.6683736420834602,-0.16600474703535356,-0.19252172320878977,-0.148503720585771,-0.5668969551507269,0.11704383719020675,-0.14640587340674985,-0.12511612340230602,-0.47341900328361297,0.05756591965353881,-0.0425369226321146,0.33483054144369107,calm
-0.09578855552382573,-0.26349353030152745,0.10015662390163613,-0.12406253341148679,0.22684616745641592,-0.11396534532348288,0.1386891905863361,0.13101641087780252,0.18930457558277777,0.07888783008872852,0.008013873612216893,0.18701586448049326,0.05150569786457454,0.21585983572629008,0.09429199155274541,-0.4079554604931038,0.09736721233288778,0.4214483682057597,0.1270541278518231,0.1670659918648747,0.10005502721803906,-0.15623522321330002,-0.396524427596323,0.09504147402468224,0.12868050533599448,-0.012009378040583052,-0.06479005372363765,-0.08577084902007771,-0.19715294606625433,-0.1278889924836226,-0.19006237063877934,-0.1075689673211119,-0.40378482069756283,-0.3112788856183185,-0.0011121523175780107,-0.19640528502708135,-0.6718185417841815,-0.027483629849692368,-0.5784591498480662,0.46724105128561966,calm
0.17946267381790607,0.20012855005008895,-0.09085284369078252,-0.17290578068637072,0.07510460806961085,0.15519303809172905,-0.014744563970102681,0.22510824488489375,0.3638608453311736,0.34929294978609315,-0.04359700102697117,-0.31779633937509577,0.1944786747191914,0.021556537937541087,0.26908820876875655,0.5338736138790783,0.5079213449893782,0.15433658824704288,0.3212447442133869,0.4179122903820812,0.0024639819410622182,0.02502610159502959,0.13369268017709598,-0.10760599391098613,-0.24427681606321353,-0.3265289965326499,-0.1633803963500279,-0.32739272036930644,0.003582771965977616,-0.2709407740135734,0.16057986940527333,0.1066041095769123,-0.46803885075092755,0.10311085949092949,-0.23114315727460047,0.21708696648838394,0.039452305339274116,-0.06431349512252872,0.13861529883182566,-0.12282832362400942,calm
0.08898903024816011,0.1345876782720075,0.03896894348869956,0.19622400698809603,-0.10720466640861129,0.2884860259887727,-0.11285242617494098,0.3407840192256233,0.3163795426880942,0.3794105146577472,0.07913425282490505,0.9315021862502514,0.14565537732798078,0.22224075279145822,-0.011579882234352745,0.48654899317534706,0.00845529439613979,0.32865968898285025,-0.1628465828842811,0.10419708262686816,-0.08980264119748797,0.18823993691344237,-0.13262283434962208,-0.2969057738688622,-0.009900255405479827,-0.4228324750699316,-0.38482333928832013,0.011257693824161114,-0.6241863827780729,-0.003281648572301926,-0.277161189786439,-0.39261980998157575,-0.10588439124443846,0.0023506226032313227,-0.26552317408236037,-0.14441206242214935,0.11445354731625496,0.13302487465704704,-0.026064486505033374,-0.16407271079798597,calm
-0.20549725370683025,-0.09027469097908669,0.2430704480503341,0.24872429228000306,0.2114349269503676,0.49304544184615917,0.11345476856343596,0.11087232391759728,0.12124665321926745,0.6706755501397604,-0.2657582702132084,0.2854319593454523,0.31342339758580395,0.20907600726930864,0.7278535993663802,0.43086225582837145,0.3108176828098822,-0.11154152952403545,0.18769465282804867,-0.0491534475221376,0.017065726919715918,0.022404290336618074,-0.16892178579930758,0.06557711277861422,0.2752025197168598,0.1130182787946486,-0.0982640536553509,-0.6181534463641454,0.08442820591912706,0.07857013883178227,-0.21928577660257345,-0.2795887684408891,-0.00050685844822837,-0.3298082339797779,0.06872499288093123,-0.3486011506136676,-0.2837625679049022,-0.03352543071427708,-0.348553187381603,0.026756889452651034,calm
0.1515678795499809,-0.25071446001787034,0.30774913078222976,-0.012222959501928157,0.27603672677519253,0.22148402381854285,0.08454542517906816,0.08499259708783069,-0.18144712916650285,0.06242718024837246,0.046323302195027755,0.6093431817505056,0.4537107233781904,-0.12063504710155298,0.3707833192221851,0.2127070936944809,0.04566334882132782,0.2148887190597684,0.2616245270066334,-0.08925092822953215,-0.05223049630175865,0.01936110538196821,-0.28085150560990735,-0.03512265396822464,-0.12302888218081828,-0.28565248964584045,-0.3416987228514812,-0.08669689853058514,0.037996237473381655,-0.09350405445521688,-0.3699709728255255,0.012237263018863909,-0.11184440125592812,0.0031155561042650604,0.15727561672526716,-0.30242758627356015,-0.0965307560671464,-0.1740191076409657,-0.20747800704609323,0.49819708448368083,calm
0.24893804984361642,-0.35192804007028644,0.19237568616807446,-0.007738319163529642,0.4180304717730916,0.19321937941607978,0.15326321281745225,0.2435012793716778,0.3113343612672165,0.23509612136899188,0.1780446269018443,0.1932591654216467,0.3360771127416091,-0.060974306056715666,0.18409939745250345,0.13423730194944772,0.02299971265543864,0.28015201579310045,-0.2239123756332753,-0.03956472046449104,-0.18545801767720405,0.10921141894683359,-0.15795794137236527,-0.06572840720966969,-0.012961635660397097,-0.4981816605474829,-0.03781680204409674,-0.3318994578480964,-0.22560219125096295,-0.19629252946116738,0.02012963217901806,0.01011534395952543,0.2614934483463581,-0.09340784669160047,-0.2256434563629031,-0.2076319748635451,0.08958433140760744,0.34081049747324865,0.07744733996779621,-0.1046492720164196,calm
0.09403164488515318,0.1217670708961541,0.10092037037315181,-0.050521646282343805,-0.44251221708008903,0.04890352668154482,0.44039622684113533,0.2602955543448129,-0.2935323640939905,0.2297033027858683,-0.20143356872252066,0.6904924364731997,0.26146631158323486,-0.07773860983788577,0.3711968940899627,-0.020032236468499415,0.2679898112606189,0.11344694123040805,-0.1976064842782464,0.20134639377881838,-0.298782814897502,0.2950912484872473,-0.03426656482271628,-0.3171020229321624,-0.5258746506561862,0.2523947431435067,0.19562755849851418,-0.45048161919704144,0.21841873509152773,-0.13081820078919051,-0.22019856735884355,-0.1824048588709786,-0.21338078346932404,0.19950392171361112,-0.07918446732576172,-0.5203079041230425,0.4257359278822713,0.17254787829971088,-0.2562792488294853,-0.05320805951822359,calm
-0.18116577905293352,0.07296252205722892,0.18537911690230627,0.17854515000966478,0.010461448459567882,-0.012595364358714278,0.39234343304190034,0.18721618558806483,0.7475486971734066,0.040093729203460216,0.41392035297869023,0.2373734993267718,0.039559404395050235,0.5212704385052661,0.21376644208136758,-0.046059381088489254,0.062409386959705146,0.34594855126678126,-0.2081429525409655,0.3680261865047849,0.1738840177656925,-0.08289317196207993,0.2684740790969692,0.3316141135387035,0.037273043428194375,-0.08506292891067854,0.28838699923260636,0.19244221279780818,-0.38266310066569387,-0.21818843949175004,-0.21887683415485654,-0.25818550139621976,-0.5009567345987929,0.0764775569100388,-0.09464484811862345,-0.06702660665788555,0.2667867708986422,-0.16567195306286084,-0.015416533983434948,0.09416497845320801,calm
-0.0713231869254449,0.03606337975384031,0.2729580474583253,0.12092024560228176,0.46224547765436874,-0.0018327930077245147,0.2419182719191646,-0.1240576301717389,0.19436567993812143,0.06371969450762074,0.5495407721752886,0.4007133114635998,0.336526573803166,0.6365373729541406,0.5239842199645359,0.3314010895372467,-0.02526366174989972,-0.2314737213669026,0.07087346180422477,-0.03752077825847544,-0.13823935455809938,-0.08618372873628705,-0.43754628728314204,0.2738925507212757,-0.371036283300205,-0.2830870512260173,-0.00903441873809871,-0.5403716139155705,0.05101246445797605,0.051131111821258235,-0.2421971157913231,-0.41615723135549143,-0.2623714667223348,-0.5709071113944493,0.21311969209460843,-0.0773570719120149,-0.23664790954778794,-0.24748101253577018,0.13330632646976476,0.38480885169774703,calm
-0.2707101151282829,-0.07362856708459356,-0.3219878364298441,0.282578878932796,0.18712682961302177,0.7080173946369714,0.16565518816313227,0.10770452223805206,0.05444892800171597,0.4302543285034848,-0.15528873046713781,0.4034564117725903,0.27538769436355304,0.08361925274332821,-0.02865752267291133,0.41222581766968824,0.5775449045620193,0.0028467646633387467,0.20321336780974805,0.45876891044020185,-0.13296387259904244,-0.07753606449282946,-0.3374754712996274,-0.11191596378729596,-0.1219483751504973,-0.22410914377691635,-0.31847986218776847,-0.5324828147588717,-0.4850146018747026,-0.4016403224465409,-0.016383597717689463,-0.2829376780612004,-0.3528792169800181,0.021222561135729234,0.019381025577332234,-0.26933543932327975,-0.2117835834233493,0.12362320470945427,0.08465766692313803,-0.16865411489228255,calm
0.08717888396795134,0.0550910921165972,0.3582414104838467,-0.08344050968179477,0.3602102155275312,0.27707900921777323,-0.04549663774324447,0.4616653112997481,0.4385982998220189,-0.08557689323295092,0.7020057533625196,-0.04722759348618963,-0.002027898317902538,0.12630386955365913,0.3686149104317412,0.3016450423753061,0.11429508018883808,0.4344929588565414,0.17452708541405207,0.3793715607042889,0.6872218260552972,0.028371106017079123,-0.6641693418351182,-0.1851580748995302,-0.3601593089887287,-0.1028615013943456,-0.11981128683955022,-0.4509967055563917,-0.4424745730536831,-0.23313612106185563,-0.2157107396807686,-0.7874485062512689,0.08308767869281275,-0.1271497835148082,-0.11664082241994689,-0.018745623901922595,-0.30940906191295037,-0.04557618582907086,0.2480308455102789,0.28961636253005507,calm
0.14140545815665387,-0.005292449585352389,-0.10501288756430802,0.44183751371049695,0.2768953661834589,0.0719137275305236,-0.3308618029191387,-9.755456624210845e-06,-0.24542761733078258,0.5307434437444475,0.275518154064736,0.04509358869956184,0.14973989122923606,0.8346527824128774,0.4807137652534864,-0.1645541414468401,0.10501541916562812,-0.19156809593497212,-0.34251827201094975,0.08856594999430212,0.6034575528348491,0.3634490887029531,-0.03772424530182765,-0.16888607746693432,-0.05336003144609927,0.12822580225927277,-0.5009912809422257,-0.6149391271041966,0.29507715693757264,-0.10115304921421656,0.22552081762351125,-0.10378046591344953,0.21207375503566753,-0.28479708140225657,0.008086176243975118,0.29147179347418173,0.18826223848277365,-0.1465959883597053,0.21821866013853575,-0.1337898709353537,calm
-0.3214748902056046,0.19113430156502223,0.4385534718754621,0.33260209218461534,-0.16046491229914248,0.388895439626466,0.36241566312810136,0.09701971894488379,-0.3925826935995742,0.47966101125111815,0.4491514038116542,0.3490096535902786,-0.21158190236873442,-0.16570407998102704,0.43565659282128977,0.3615637219703237,0.25941155653423387,0.04720136582007355,0.1755561119752809,-0.08831305160220768,-0.06361861328200517,-0.2330808073427266,0.015629320661217777,-0.180754702737405,0.13383144466765273,0.05397433718671188,-0.3450709597205871,0.29956604809965626,-0.44502140825790915,-0.05788675550926527,0.10093862889997798,0.15670340488359719,-0.6999183321733955,0.1146035340155554,0.18949584084280482,0.2681620386392343,-0.6171625123947468,-0.20193827654945376,-0.02670301006715063,-0.08115423595182197,calm
0.36430795951306594,-0.10720187555789507,0.3997770290681515,0.26297975610281965,-0.21269627564897828,-0.07328659608526844,0.07749401836998122,0.23484222846797934,0.47011403646007976,0.18295080693992669,0.4569140291314603,-0.16730966568808744,-0.545017503215888,0.11896634129130004,0.29952103620776804,0.072333931256442,-0.11549695216353204,0.21397315790156624,0.5610995665504201,0.020241952963014773,-0.16759553598109095,-0.2292227894805843,0.4431113813417381,-0.08697169176687304,0.050418821270852204,0.18008067919468557,0.1260894661379692,-0.38749159511894105,0.07304945607143593,0.041121380868110735,-0.04623187981953325,0.09030002518658276,-0.2910083723130712,-0.15317979303619222,-0.2454170718747906,0.09942940173262826,-0.2262163561746449,0.06499958768066229,-0.2755879636936506,-0.0004996166046716335,calm
-0.060455690566826606,0.03352648937119259,0.1265594041446117,0.0769774743290148,0.09528298847829458,-0.3433247159054986,0.4709174242420282,0.05487436916868643,0.16091710221401068,0.02170749305530359,0.47963963457248204,-0.00011877469810367414,0.3430841040111161,0.49778190064609307,0.5962966900210456,0.4596769237950433,0.2917841146561372,-0.19088313823699551,0.4005574997871477,0.3432702284120054,0.22368274925646509,0.1832307082930987,-0.02857177321386993,-0.20470651074924548,0.16825264522940375,0.19407894524299402,-0.4012083507449925,0.07253625589564705,-0.10298207027126774,0.053127036700956615,-0.09812609652099577,0.11718550530744831,0.1072386963006404,0.08906477703453775,-0.45520226726877955,0.11790400597173947,-0.04754009977102627,-0.3106862572129713,0.17730216175145674,-0.30710414610609704,calm
0.25634597431690764,0.4873573462625912,-0.027855324630445197,0.35576550690255393,0.2665574402072892,0.3403213915728379,-0.1368932677951266,0.3667827436882213,0.26018647309373766,0.4172009060520877,0.23710978609348352,0.5033045493919043,0.29054224848122145,0.37743370624488026,0.5303097161709838,0.21378802109634099,0.3894634738942886,0.17103668461776453,0.21365739923738442,-0.07776652235969991,0.21259012383397644,0.2925472633959476,-0.06164560858484841,0.12657883437622897,0.010560857690393638,-0.3907813038555682,-0.048582321420833144,0.17637326227694924,-0.2782581803527431,-0.6018953452786935,-0.11023856968588105,-0.31286128403991675,0.3253136853183767,-0.1366117336216884,-0.10726214744308343,-0.23686703076049517,0.006903177670110533,-0.16389290415612165,-0.21581487008144926,0.023103976841574687,calm
-0.13091664029675698,0.44074437963655655,-0.12531143760685043,0.18321059208683932,0.06400531956415195,-0.08351214618471242,0.6757135992628585,-0.24905982820555334,0.61283343286109,-0.11330650321901811,0.22353507237122275,0.7171816644860294,-0.405564122183045,-0.26793684561587267,0.3427793447679076,0.018320020620970205,-0.197799105664911,-0.10363638726440777,-0.35474856297647755,-0.09972118468889829,0.2366246086079205,-0.21196666314269336,-0.06165608863927871,0.23115739090869916,0.46308795592990715,-0.12313757230005232,0.14252701433245357,-0.021209782465690594,0.003847676205455605,0.10341049844827029,0.07845163214982859,-0.1682377243963214,-0.22021741456775812,0.08836745192127035,0.2882146975150995,0.5309971509122411,0.07155456702178951,0.1208058693021721,0.27856198341359506,0.2501540881037,happy
0.04076313327552129,0.10366364129919592,0.6204947227375779,0.11955049210654588,0.11345417063728559,-0.14236637401780033,0.3734370207043622,0.20281748929377405,0.7233829652730661,0.15144660503631824,0.4002561535620567,0.3902189237478459,0.5200577101637296,-0.25190635790075033,0.40408753979560275,-0.02085956394560272,-0.08933477689539535,-0.17170321471885425,-0.21481526979650545,-0.213919329464559,-0.7005978231068213,0.006641184115830506,-0.08048121737899203,-0.296391873448885,-0.03974754615681127,0.5829798346914614,0.16177001335888194,0.021822037160166508,0.579820784085757,0.006852422948553205,0.19575808537041856,0.12056097244445674,0.2094126769402022,0.44589927905598536,0.39745261281604155,0.05469534349454047,0.1696606840242067,0.18231285427865362,0.0166301522781772,0.05957373624376718,happy
-0.10754241011938087,-0.06310616104988655,0.17213265558374674,-0.050884972321791455,0.33481602777711805,0.20798148750043913,0.0420348671395695,0.1172976030690917,0.13850708280755766,0.1935889438810917,0.2283097637202388,0.11003405627738866,-0.09564704604003982,0.4163516256424554,0.2401620229626618,0.001774671016441548,0.166571386050978,-0.01734481215235255,-0.18218879917803477,-0.11012917954846077,0.5168270938339974,0.1218436599157394,0.15616487658500106,-0.16088212818456227,0.12041110487708218,0.5681377610190776,0.17113537924029953,0.3759183189406425,0.46572684444211737,0.356304173273359,0.6144405069867924,0.3102827046037782,0.3865440873945893,0.11361752381374379,0.8945703388862374,0.3057215264357891,0.2267939697360058,0.49708027940920896,-0.003008297543947866,0.06594567544864122,happy
-0.1223460796448293,0.12037412385887739,0.06597834543957964,0.3311792450507135,0.20096517314542656,0.10908933909288768,0.194307319221735,0.2367258837358035,0.12998061173038122,0.45850366534331694,0.36229278336350607,0.1950660487218174,-0.1730865912794374,0.19201574879296565,-0.29016136863567504,0.018726032044393784,-0.054275470745734286,-0.24032532799819406,-0.32080188034420315,-0.2997966471718388,0.3645941972078287,-0.18441316861922905,-0.14782468547508926,0.16590990108788464,0.07508539761189544,0.27436418921577066,-0.22959889013619933,-0.14834270737141836,0.9637645689950616,0.18920430503857383,0.16138197008452781,0.2925908226231165,0.5045199644628697,-0.02182754417202637,0.32204590895949253,0.22440545512271326,0.361696848462667,0.2014320953245448,-0.01359422236496452,-0.14229270655018433,happy
-0.5207210947365022,0.35056651378113035,-0.19454948098214236,0.10201621924359268,0.6318603497514048,0.15283707785143855,0.4124954998726616,0.21431701368182499,0.4218909461524905,0.2382346211484259,0.07662854837665767,0.48467758395662025,0.05040597148381562,-0.255635979774283,-0.06042392140302025,0.10328468064193722,-0.33399507731328465,0.09111945241447264,0.06369854256994706,0.37831167458514064,-0.2862939480563504,0.03854572230295117,-0.4995426949215101,-0.16676395982231873,-0.0012657798910412563,0.11654713611596033,0.053225784665283174,0.09247677521915985,0.012107030030733365,0.09204323940363375,0.30446152661231557,0.3876951611888568,0.4186787469314372,0.504000468270595,0.5387749468885359,-0.20163310553460273,0.07370655371385056,0.12056585806947498,-0.040277606908885516,0.3176218230639951,happy
0.2460478632180679,0.08851000038971736,0.18838676249046057,0.5022287279480443,0.1476495497434769,0.17798039400716675,0.48234742195035607,0.3776039142051177,0.593824191633207,0.3196646478864981,0.378562491694358,0.028712857244114917,-0.11091727426140346,0.06423436668905305,-0.6173337216812322,0.07132829890072853,0.16647098126502888,-0.07986888703739711,-0.17339462001316597,0.12840855200571813,-0.14222986380824007,0.11427940889860105,0.4270574816982576,0.1071584196887917,0.19824281569403582,0.13688232611971718,0.12667936534961308,0.18042079218914892,0.17569225195619753,0.45858076769181105,-0.15487284364448967,0.18961068395905528,0.4223586759832222,0.0633032423800173,0.22843467478826074,0.06516104333994024,0.30460373011713643,0.36618506479257706,0.46205714749475457,0.18671919473743748,happy
-0.1052183669962849,0.17466686323741937,0.2956693942178137,0.5365262418602654,-0.28144712237601544,0.34233025563568703,-0.1715703236900952,0.43607015564420987,0.3599577502651146,0.3505199502267493,0.41074977171031496,0.25163481045410274,-0.03998967008235052,0.15056044863222406,0.3054914055238838,-0.05405739776629101,-0.059311989199953785,-0.3875935590994397,0.15673708996656,-0.25244951619286665,-0.30926037965344483,-0.2271849676741049,-0.30363093135765,-0.12600506454884508,0.27825169095419144,0.2081410795251392,0.4067808357310061,0.46940807326547834,-0.05423054280134661,0.31396258919513426,0.5890945567864587,0.8017564479874284,-0.07259605639198119,-0.07495023981402443,0.3653280650595917,0.15106758912239338,-0.038142054205445974,0.25025553081735724,-0.07384399032738384,-0.475145761257375,happy
0.06068556141216157,0.143929718039775,0.31116406897737275,0.42314026745104666,0.27418441058988047,0.19659277370674888,0.1055114054328481,-0.1287024792268884,0.14825416358405233,0.468383633666359,0.3538483232553959,0.6483538471831871,0.07720942279205126,-0.36016133985168625,0.21509180272134948,0.22018342922217482,-0.34594670087934637,-0.4842351287302456,-0.08521175217338697,0.036657684389883816,-0.40056116159211597,-0.20276105166893427,-0.2846584459663651,-0.3496019469067037,-0.3420636737866853,0.05052567080847554,-0.023959159225352952,-0.04739155480125658,-0.46483704349874283,0.6144988865334906,0.003938341404717244,0.21890730463496422,-0.008523443464794667,0.35335388117435945,-0.10884662523704877,0.25120418230188596,0.15182891926899666,0.3761501725162572,-0.14975214547869198,-0.09096622598513915,happy
0.007671103621517961,0.6114712747355562,-0.19511140788482711,0.26566594436590674,0.07175425057865858,0.32472771027486996,0.41784047540153973,0.2954366457809558,0.3128599735512429,0.29438767053803133,0.0554585602528091,0.10431575983542257,-0.2846978467590247,-0.021915175986083987,-0.1685824406219474,-0.09107315371276112,0.10569621163702334,-0.01088751965222455,-0.012237453404580725,0.12716886728968194,-0.7051774493682614,-0.022088000936032054,-0.10819316411041732,-0.09393001018642133,-0.3426993264347105,0.14526831026182616,0.3358784455502666,0.3549810901718035,0.13423184529729754,0.3467207004411207,0.4463027062669223,0.6836387051629089,0.5528674410015169,0.29396117300952834,0.2710669710458017,0.2659002102561565,0.24824774522711943,0.03585423519609088,0.2933725748685854,-0.10379911776008807,happy
-0.1299425022203382,0.19375186486249632,0.01727033822791206,0.1354828997020535,-0.2696775975066777,0.4376432874923378,0.25809948943526084,0.22914750679236984,0.35841941804578525,0.2756926439769355,0.02664283389935737,0.6321772621469601,0.001213098801836704,0.2932511268941339,0.4496113160706778,-0.1801622688627442,-0.04946319212934447,-0.29903280742026866,0.12426581710610668,-0.2176596752065853,-0.4002526547792466,0.18780404395194036,0.11504626435553139,-0.28391757281111163,0.2500007964258269,0.05939700680933667,0.7083534916695464,0.5176686193121549,0.02114542048223038,0.12891431039344853,0.0158931348774366,0.2792968502549793,0.2702949879770299,0.43458547891486377,0.26805125339367764,-0.1259629527922403,-0.0005828159703238633,0.4906698287244925,0.38372052240521615,0.021720615351212995,happy
0.027824716219593634,0.06789330496049828,0.15853858978318824,-0.2076302495318052,0.43830607359518475,0.09016988299614231,0.2937395705923179,-0.3444265323297074,0.3029847118438621,0.5440149637371066,-0.3406805784205182,0.51555936723464,0.22068541501257682,-0.11487726030762904,-0.36620199000339276,0.24463503897592787,-0.010293871820419645,0.037005671780309474,-0.19177004874271497,-0.32875478816197967,0.06928236483404929,-0.35488818944283157,0.11058704153112589,-0.47153910854634135,-0.25385650917617025,-0.3345585814039493,0.3728086386793343,-0.310266187432081,-0.11915078707435078,0.35036836291801454,0.2793184678039147,0.7707224175410838,0.698424465141507,0.40604129258346433,0.41186360463504507,-0.21154604858204562,-0.018069429847992702,0.07446162744306742,0.06539148229588876,-0.26875476116330743,happy
-0.162607217991357,-0.09464796533714837,0.40689814889987086,0.29434787397565776,0.14519293720187276,0.18104991719619304,0.3281377750372439,0.09168022999887951,0.18395348874332423,-0.18710877300074283,0.35270445217398233,0.3826975255848908,0.19440754499272983,0.17411016369444676,0.09938887720064057,0.4551060102883456,-0.024034686747835918,-0.42105765992083793,-0.37788501589824103,0.03152910020818289,0.11641603695329644,0.05717330209023286,0.09613669180684717,-0.028208585495177033,-0.38938618761046,-0.15784338666315512,-0.3735256208762362,0.014788500396829968,-0.173842867328738,0.21520598831652776,0.1832815194811632,-0.22027345847744728,0.43331144498849,0.44001595402525545,-0.0869956058599731,0.25830410654790004,0.3635237290536368,0.08220692359447236,0.3119492641744555,0.10400631754416217,happy
0.3160555330858778,0.15097239001237348,0.11178662168717954,0.31364060917305236,0.41090537514335385,0.3050575553226131,0.14876170700364516,0.06680169509913109,0.15513420213337709,0.0845984261773226,0.23943955159379182,0.1911619905135593,0.08472570807691832,0.05666823479557845,0.050605529743586286,0.34064851866393636,0.21384043657009635,-0.24641771178353894,-0.02871678080359713,-0.2208865918790351,-0.16528767716570858,-0.1890998628963287,-0.2584544547448682,-0.40377258017329837,-0.6292694388542512,0.056707796363917706,0.3409916295625973,-0.11414838352435219,0.2708894492733023,0.09558836016908222,0.2878290933661704,0.04854936300252713,0.19854440461600698,0.22761295412855143,-0.3304913503976384,0.2721245609113249,0.15495992425092397,-0.44983405540511573,0.25978941939506794,0.04710992058387539,happy
0.10441198898948803,0.1900085021552146,0.04743402092678242,-0.0720511309048843,0.1119500739653767,0.13858989878898387,0.789159983215548,0.6983090520054538,0.1236610264716715,0.11904822032121191,0.26480500952423003,0.28367047632133635,-0.06531902443620555,-0.18794308125853504,0.4736243883313378,0.2163549159362508,-0.4546458676887944,-0.5380078259779901,-0.33329469293149366,-0.09173046904964141,-0.012511626491697764,-0.21607832282099476,-0.5025145100967843,-0.026234397111497942,0.10612976417514988,0.004967567587590864,-0.06705203074267935,0.24026142425838465,0.1321243108908423,-0.08639186447347144,0.24026266675466432,-0.07441101601324257,0.48513444683095924,0.3650308729521154,-0.0021858101751016656,0.2686951348240963,0.48907448581735535,-0.37545975479503596,0.06645870536399155,0.4528090285748809,happy
-0.3248492979026573,0.05966511823635337,-0.20120503243917293,0.16865806588558505,-0.36751234811246325,-0.15572004784562193,0.1200580356110843,0.2846523968103686,0.3316748257509255,0.32070023463374375,0.46517438762997526,0.31566202588498515,0.280411247119556,-0.1865655881913561,-0.03359706660666273,0.7370618253894448,0.4736848951337351,0.09041494209870626,0.04628750105881296,0.09564436426309694,-0.24476921655243644,0.3448475459001635,-0.20401035444438997,-0.10018715749745921,0.49256632533814704,-0.5050359882378039,0.14122888994439314,-0.32185765343213396,-0.014669239349107119,0.16265609578891865,0.13071712582630102,0.2821399886676819,0.06263272386396712,0.2256661977736291,-0.05198667499095569,0.1219060520272193,-0.1558326426098926,0.30673589762672687,-0.21797797896227333,0.2230937724265022,happy
-0.0493263502567442,0.02571310364132974,0.43602069272521554,0.21181249890958098,-0.24960343471741753,0.3626264316149973,-0.4639173310884887,0.3168780558569566,0.14070074423746828,-0.12803519697876373,0.204599407572365,0.06941194737687914,0.595539903835449,-0.05572530144263027,0.4843857626266138,0.30126819946207123,-0.23107277767177042,-0.3138433045649686,0.1920330527909454,-0.17968895718524647,-0.10648726698071587,-0.19748438687482356,-0.4115688515035964,-0.1723515170196372,-0.27807228394119315,-0.37455802524661735,-0.02016996053819048,0.542635616798641,0.5462497498523173,0.1698064084247629,0.250768525901809,0.3667221074455109,0.5884516833165361,0.33009092731056694,0.12104654258390876,0.11998788386618658,0.4665790289902958,0.7920860377848127,-0.05505849272451241,-0.4569782830355204,happy
0.25394991715585213,0.08140685640173267,0.18006333251263024,0.4927269337884263,0.23406064732121035,-0.09019321826119797,-0.23702444086651425,0.2393945484656123,-0.04840463215771637,0.2894196833697315,-0.13177655290107546,0.057937561528560166,-0.26552477537437597,-0.03758612408309894,-0.10624016265047195,0.10799361973295163,0.25469095042844636,-0.15752169327637877,-0.34893453889438825,0.34165003670117183,-0.05517486200063153,0.01830641946437106,0.040069605636450345,0.2829258981671122,0.21174013254751012,0.174212054493632,0.2443506340316372,-0.1129544668160643,-0.005496793915415812,0.15937631251360504,0.2412024952525546,0.24502904582902535,0.3289804336245597,0.25860676438481045,0.1338508916730956,-0.18677274247588077,0.3946178982612423,0.29302258787151897,-0.1177399301500408,0.17765758472246335,happy
0.15200358543494075,0.11956372604960781,-0.31217172647604635,-0.11459219141895682,0.06830466740033164,0.6432974306200963,0.037949491233656624,0.16562190488173012,-0.036507418817248755,0.09535215900398489,0.2716465034869368,-0.37091623700245924,-0.6064289078943754,0.21877875170637393,0.014403324664560152,-0.1903606536701215,0.16273102906233106,0.13122494976802085,-0.6566849826263033,-0.18689218279479178,0.1315900531911296,-0.30045370788892184,-0.18938170883171598,0.1589547006619321,-0.10636058699629058,-0.2932090830552047,-0.11790585471622264,-0.22967700263778235,0.2847564872596787,-0.24445024324560144,0.46823868075129255,-0.17044375937303663,0.2632548143196033,-0.11431617246858361,0.16151488080773752,0.4733702039216178,0.4664009933051314,0.4722949324354825,0.0790662702715964,0.08022861456286896,happy
0.11147485840710442,0.255137058379131,0.04661879147420821,0.4609176002250115,0.29936005746311367,0.5262553900388272,0.371317573282492,0.4213621792065128,0.057966914335716324,0.11401859335440793,-0.13676259297114016,0.07244453755199527,0.057261648334686825,0.26231058164492,-0.3091231444984269,0.7688972410457249,-0.10970392570009568,0.20328623985937827,0.12625477095314763,-0.7751231522256108,-0.2107230494276368,0.23469226097796467,-0.7173241526263405,0.112933545385934,-0.2685114983284251,-0.11113898063164143,0.10932750477221488,-0.3653107766167429,0.19512436865047073,0.024330540235115355,0.030488706368241553,0.41558811022595293,1.1286149190372976,0.3374761304039046,0.3784865400292861,0.20502449632428063,0.004904794522311684,0.21063608337071069,0.4804502458051695,0.10030509322615017,happy
0.27561137650450185,0.044036848361901595,0.7758611223782255,-0.22673906011341854,0.3636313411011041,0.3751171124015854,0.3177039313164475,-0.028066353725456322,-0.045087151280589516,0.1581065139261197,0.20968405488209138,-0.15814279833986028,-0.166590431139129,0.1920470722237697,0.26208711454405054,-0.18144162156079832,-0.25552918336677966,-0.2947316069436248,0.4841769340188113,-0.02461369374039009,-0.16356971857445055,0.11595056561285841,0.46071519920898535,0.21142752943935847,-0.39879780558420497,-0.018154034563077362,-0.050095481924807964,0.0130250156471787,-0.1606595346429695,0.08541146144694947,-0.05600405709951212,0.3225496542891428,0.26036964394589135,-0.10495177447610626,-0.18995783269571967,0.09489671059097313,0.3460182027465734,0.2671364192019096,0.08151932645617369,-0.7773812500416029,happy
-0.07369673310030392,-0.08741310882483505,0.059100388865693965,-0.12293181348038085,0.10624243285404983,0.07044753453669197,0.9289227602766672,0.4249631036776507,0.18862489793712547,0.20256481226825399,0.15284302897975058,0.19014283226949644,-0.0036846520247852815,0.045554093142622,0.2594481444465421,0.1654519215712861,-0.005197954873990621,0.21931015980618213,-0.08079174169299824,-0.39467018324159947,-0.586729079150941,-0.31145589202602514,-0.1303826050129861,0.017179202988510542,0.22711766283783036,-0.14185481353925689,-0.15200253523575488,0.29118937480501633,0.43810293706001685,0.06282161956551477,0.29918437465090386,0.5818590754925648,0.3289253326398816,0.2347802331837448,-0.28420581327383404,0.5469475174376436,0.34406197291037316,0.17445700762705746,-0.018747175813167177,-0.26251042043510486,happy
0.024988716964030967,0.07106662081342954,0.4180585982561664,-0.12118766139287501,0.5759282647405084,0.24576241682727287,0.5460618070772798,0.005368446632146612,0.3238778407097013,0.5204969819286274,0.21135404525525647,-0.22555655856115336,0.015097372879277524,0.18416498628446887,-0.3485464363617363,-0.4049785661140023,-0.023687762918311053,-0.3528052832020508,0.03360680737952615,-0.4431616178626429,-0.6086259525464022,-0.3315356804591178,0.2593854680495101,-0.2989151819501813,-0.04429607933150402,0.06397391972409061,-0.1878623196640886,0.37140061702972615,0.18745504947460892,0.29436301629294986,-0.20658322052823963,-0.201140043165754,-0.44135996267571437,0.20129724168132518,0.17987427248476856,0.3960758614953818,0.5550337113654158,0.07987042091049756,0.0310269824964461,0.16328715287600792,happy
0.4333757511724581,-0.10780093580524513,0.3002267980097935,0.1213836430347434,0.13144710862514963,0.44169270861358784,0.05130664662462342,-0.01825653352854259,0.40429576278542473,0.20904597659032806,0.11744232665386051,0.11036709224054775,0.22303450220713286,-0.0417672931015967,0.1946070163644129,0.061609833960536126,0.28917709593723306,0.20314499075424736,0.07850921115718082,-0.19826211366600088,-0.1178922030100576,-0.2842932263321342,0.5999485992673437,-0.13694788282065484,0.09732154534742118,0.3434036504829669,-0.28968568912003817,-0.10743640117635822,0.045530889767845986,-0.06477571268693547,-0.1012142036863779,0.10924598485671622,0.5734212916343486,0.4313220592817843,0.24741274739675057,0.22342178323104955,-0.23106924531130651,0.3189818027475478,0.20631291153082232,-0.2187682711287397,happy
0.1036995364144098,0.051667934234990685,0.015350784877297755,-0.06264313525498177,0.04768663264908929,0.0033151601749626114,0.3660493684279155,0.34204453773190896,0.319812196121897,0.17119966620893212,0.08290078468569943,0.6559582715699219,-0.36546666871118777,0.35153565212158366,0.09293404856323931,-0.023270944261513077,-0.20748647192401187,-0.16688792837417965,-0.4311126463776982,-0.49299761646667234,-0.17397781459309386,-0.5485628902638635,0.09781179814401653,0.1986934615822312,-0.9005083460165095,-0.3834765806288029,0.1206795471569259,0.15353856768945132,0.1735264943161388,0.2908684988112067,0.4040544880051968,0.45636560628712447,0.6989576344198436,0.2582178008934721,0.45596355201690403,-0.18805190481792494,0.15290458139724108,-0.15875866132675126,0.4494424194738848,0.6370696167902017,happy
0.18875790727892547,-0.22386153414246246,0.11823418419928279,0.1934699595479926,0.2677846247556052,0.5129055297544605,0.49072646047056706,-0.41013104592923016,0.5823926845316856,0.09427315696809249,0.046684327847117096,0.5009892548227644,0.035031698980491105,-0.2887018683834689,-0.32530699325035617,-0.024539351624334474,0.1482430036028203,0.26468638697829916,-0.1756359687535376,-0.2615605991654521,0.2613240844976596,-0.2472699339513172,0.2540595824371119,-0.019830509138340807,0.020561389913186935,-0.05247917321798974,0.1284183928402122,-0.014003469067711757,-0.022569181607088,0.15307532504233284,0.05631133315095732,0.31731849134959905,0.27415122891078036,0.18728596028295313,0.19138650456151912,0.16176421637927257,0.6216397446517661,0.14493926390313944,-0.04631539974159313,-0.0196550056899535,happy
0.21985744575996347,0.05199860993184225,0.10951912524671188,0.12280431299536998,0.259975870687158,0.33884598067202976,0.36362054171217273,-0.15610329128801234,-0.025574448199512517,-0.43812205554489375,0.38700061339443315,0.42397665163482745,0.42686099612446843,0.08993645240253731,0.2932719733185032,-0.04819868166707175,-0.1088096664953428,-0.4956015811875483,-0.32849893998543894,-0.2924280630206095,0.08490405031614875,0.2814111418147345,-0.22773673906057373,0.014429796561015215,0.02996215626338615,-0.18716799182103347,-0.3760763421524197,-0.08632858376354696,-0.21214671729751167,0.10758769569745766,0.18302903081485022,0.19558052346097135,0.21026158439483378,0.3729463631508085,0.007997170620145544,0.43998527713907215,-0.23123614899246686,0.16204356291608224,0.1983909577915859,-0.1442088516962451,happy
-0.3447105355381478,0.26059332589196477,-0.02187768536835684,0.3810442914566474,0.4096497676390974,0.23877831975992986,0.2513739130683852,0.4981402228283068,0.334122572865085,-0.015064341298674538,0.22765901250086654,0.2842673459220155,0.15156258585301682,0.10040457352536114,-0.03144718999403087,-0.06931623401253612,-0.31256988293903387,-0.4680258247691987,0.14664688100050355,-0.30399417117292,-0.09002590390826312,-0.5077224554097652,-0.07201171267461937,-0.28554813199778134,0.6991255866621116,-0.24829172418923234,-0.18720444800957384,0.33563726086423873,0.42907947545976494,-0.3385009949441867,0.2810603897060908,0.45862144727103743,-0.05284606998628466,0.42160356024615125,0.1088554439407344,-0.03067150121122908,0.09836047303655238,0.031098834997355662,-0.24477108261538022,0.6091134388632147,happy
-0.060273357114819195,-0.08482466540590483,0.358078210512088,0.16745391635362777,0.548849178090083,0.17344505064396146,0.33866790949103676,0.2744947871255301,0.2811927883084539,0.1656623353217968,0.15949652063420225,0.5619856911947072,-0.06832826370381925,-0.08288555244129428,-0.08042465291521109,0.10143766947501806,0.01971431962483884,0.12027967056989988,-0.4668323585675607,-0.08142837220973745,-0.18951761475395418,-0.2053032805671437,-0.07118971009230007,-0.5682976946690073,0.027551101494267705,0.04073573228340126,-0.30149621382898883,0.07703635805579011,0.529903027571504,0.0891886714264071,0.36437448224538677,0.18387354391428637,0.050143505344823314,0.023139698456577013,0.14129977883099676,0.5396022651659826,0.3876890159221888,-0.0291985240086496,0.34806162698516857,0.02114564344247713,happy
-0.11837034157475398,0.20730576624961766,-0.08005550902021735,-0.20332276385113734,0.5379223812267525,-0.21248781921508064,0.3855491718796365,-0.1259546123625612,0.2326916048380497,0.16857250978046645,0.07684589101634894,-0.39491801292231277,0.07394115531671965,0.04389968148162526,-0.21681030364302045,-0.05661613316316244,0.1660276909927314,-0.288995323574704,-0.07023409853726109,-0.42953542278211615,-0.05082275561573206,0.02434226136767159,0.5015573880432482,0.1444429065968296,0.06744580425930968,0.3535639671479612,-0.19194268650596918,0.36608395059653664,0.012078961118148893,0.03347642239710216,0.48869172780360387,0.29856862301261694,0.5794995020961293,-0.10489933613646257,0.30823137433026715,0.08907032838295056,0.12016265820559742,-0.32291212939966796,0.3332082304848201,0.10622133635197967,happy
-0.18839663148806005,-0.22925797750243476,-0.06656396766453287,0.5316071272799463,0.19479673190669225,0.15983090097804026,0.3750611712549285,0.2566879607229394,0.29944523362206366,0.403030627170904,0.26973405944084344,0.3647589873261034,-0.18957720615873272,0.07149143469610558,-0.07889046720508863,-0.01041494094729778,-0.08599616704653007,-0.26411540770230274,-0.21599351078554352,0.09101176555865492,-0.27717882069404326,-0.4354051771420288,0.038621139143251465,0.16346428598214208,-0.10158343668307851,0.041198397028226565,-0.14769118617446172,0.056138938136654694,0.42256101326288736,0.3875450968081397,0.2593282663981896,0.17810183477628933,-0.1422274249002075,0.3345593926724613,0.3581327420047605,0.48194007190822913,0.685441614829825,0.24438265761652186,0.3415452401523717,-0.21408614098617246,happy
0.3545752911785101,0.31991560494049204,0.4863150860793999,0.35762457123400787,0.3352265183464473,0.6087375117338458,0.09618424286198954,0.4163030344306787,0.5122431490594987,0.0331079624991957,-0.08836695536767733,0.25969923388590865,0.13913305530501685,0.2097554388741159,0.17075814807491457,-0.21864674411828483,0.011451718095543684,0.17237149495069115,-0.21172601096792598,-0.20597529916621127,-0.4113758933582647,0.0745341416362269,0.3737900649318382,-0.40395380207342707,0.15551648554375322,0.2350245088914487,-0.07365325855433835,0.02005680859506047,-0.09879105268959826,0.004857456673033139,0.26826567454087524,0.4093670351638443,0.29049326448506385,0.4705609678157076,0.3005767140895305,-0.05650657515205648,0.5502435402575581,0.4456014460967215,-0.06113043561362505,0.4961178911204559,happy
0.17869872110816837,0.14455467528575952,0.6248076227254415,-0.4114606528963865,-0.16186777276282704,0.4251014688296448,0.20369729642068754,0.03302674191077404,0.6197405006823622,0.3487498543942958,-0.11288625873840072,-0.0023387563975233866,0.31964449558348834,0.5010226796196422,-0.47006679831258896,0.034103702459537116,-0.15939550021374022,-0.5240618632365102,-0.1610767261423105,-0.5227110882332902,-0.26277829568938155,0.2741735094299773,0.027535820779079623,0.12480512268234928,0.12026940350896842,0.10575011940972526,0.30440648520063973,-0.16889143368072146,0.07278695271874773,0.4083084663868532,0.054850783470467096,0.1481610676241471,0.5609586021756823,0.6408717806723019,0.10763643224214606,0.034139557487210426,0.34368204148761156,0.22779320572953599,-0.04741914075015721,0.21452510069762046,happy
0.20423844180063772,0.13686020134311136,0.8792224847232915,0.5336445637512892,0.43291043490846864,0.5063547533820225,0.9908207546312275,0.5361550988988018,0.08138634839396344,0.31284173246185193,0.22049602307153432,0.024391050279581147,0.1813912385042954,0.13144940457189783,0.00865256718104649,-0.14153456960327543,0.1399663083626751,-0.48406124463395367,0.08457794318665221,-0.12583824355468007,-0.06104968732381276,-0.6969234612130406,0.3163627182972029,-0.484993145619153,-0.23371548982281054,0.17993948307502428,-0.07760708482114145,0.01881501481566615,-0.382457512099148,0.09652544035403882,0.28710272380807644,0.4236586721077208,0.19907028729665724,0.32286797107403753,0.364946621469816,0.07054083689811905,0.019873375890314876,0.6435276765475662,-0.08937379707164095,0.37258791869156516,happy
0.08836112332126492,0.4793286300717736,0.007663531772818907,0.33038417793256125,0.31676371831210426,0.2025723674552278,0.3457261301945235,0.08161814396605699,0.23853087165002534,0.13803368123549503,0.3902420851323597,0.1419180011501828,-0.2219649521466453,-0.01981116254997882,-0.0006508972299417784,-0.24290174721451635,0.2646299483316633,0.005793541607562944,0.09074501374065747,-0.31448775221708913,-0.22493882123765846,0.1313495324252489,-0.44433022952640494,0.028737112001793283,0.00028902271722790196,-0.09915834010989749,0.0934615594001845,-0.144617302082941,0.2193022292180904,-0.09443675557746425,-0.07715227480360559,0.6013270175523293,0.09777766102484975,-0.24876374194969986,0.4973431042593632,0.04639755295446435,-0.6604533502550152,0.15015369109289353,0.34684180865291486,0.15771129163100467,happy
0.49359293469774856,0.08848606802241646,0.31135814312331933,-0.0433782746563115,0.2761615834960619,0.634546668441826,0.39385004064770285,0.3099970534360401,-0.22713511834467753,0.14351634247015624,-0.11250978290438654,0.355484111036158,-0.06216801250835821,0.16045158220758426,-0.22250378054796477,0.4424060650164104,-0.34934628855271416,-0.05912305621139882,0.5311873500486397,-0.07400821062765733,-0.34153967794977214,0.035877469794056815,0.15111270719087982,0.15332957651176116,-0.5058820721962927,0.0771448870961355,-0.4518086183098024,0.5869349469071024,0.1823577874160457,0.09093235494204625,0.4021739642224646,0.37903004825986025,-0.021572410591579272,0.6708301594959909,0.19910027983288137,-0.19692415302502575,0.5498320768848373,0.5431454588751241,0.42952368993089,0.20744468888924417,happy
-0.1480101386119328,0.35138629894750756,0.6241731092767515,0.4060173984050787,0.6322522822622865,0.06775404749681416,0.5227457590451832,0.5024869740522593,-0.10886574809107971,-0.164973737610109,0.027199095331739614,0.1856869198149877,0.23257286135463995,0.016910439436613856,0.008764837234035712,-0.048089051291540924,-0.03803738860403619,0.052870932480495014,0.008694196949829536,-0.13916267646287453,-0.06139844187457445,-0.22574445998388204,0.10577609284971928,-0.1845310559510714,0.386826937654827,0.019337585730756585,0.14110892725198065,-0.06741573731866213,0.08062280790951423,0.24667445036503238,0.2425316404199697,0.10613374636008657,-0.016166787714451625,0.28176970803755597,0.2984630622818825,0.3741189179862189,0.5152679068743657,0.08877360473732497,-0.37378123814861486,0.03787474016957784,happy
-0.3847081641650656,-0.19791803423270432,0.42210055766529225,0.3467641692377801,0.07807868327526579,0.10276131870886726,0.24995545187371984,-0.16386776355576335,0.379885335079157,0.15150904366353019,0.6634569055114472,-0.09669339766205626,0.3708920923953574,-0.09564286102242114,0.2794943518620015,-0.2625328141271432,0.12367431480711122,-0.20019840975750058,-0.3182801919643818,-0.1620486170740807,-0.006209708751081067,-0.012494592899169946,0.3020129860865882,0.14570100971110816,-0.6748273297528948,-0.07356675413061431,-0.421802491680305,0.026301309859191116,0.3221812194376894,-0.12615882815206872,-0.055221840461778415,0.29696144337119024,0.20083741278110775,0.6668058126195107,0.3413885280007301,0.3712762988949058,0.6424599452291493,0.04230928859713881,0.12170583142462901,-0.17292665740697669,happy
0.13853806986331532,0.3799393683601527,0.5081838899213774,0.19794484926036293,0.061856503473324165,0.07057188479337001,-0.07446720401970178,0.30334708873847827,0.6003653766496064,-0.35166098126499407,-0.3350503415370381,0.5171413440652539,-0.27868936619586576,0.15741071043642224,-0.2868763302693444,0.17717432676733652,0.13768820499013626,-0.04723866411017391,0.09419581573635885,-0.11057445229073654,0.01763738466207851,0.3437233630783089,0.18514127706372718,-0.22111994218303704,-0.21754260745393744,-0.03147774330224129,0.018871104597357385,0.14184342426385632,0.018330457998211716,0.37180340668137074,0.25043714056932376,0.3537713706796511,0.2768760588043937,0.4287581512144428,-0.03497571831801563,0.6361768076298644,0.29615250507939966,0.2823341318454465,0.2777583474883655,0.3475504904851596,happy
0.26136886992946184,0.18468762109204043,0.12530572290916164,-0.20031634796878367,0.29602615402725185,0.18697022457795148,0.19830575970615932,0.8774282587913267,-0.19925752618013498,0.25693137714557623,0.5140032685595497,0.41162033141301374,0.4363147634368943,-0.23804734453001936,-0.20916683767626026,0.14068923599331498,-0.12756301385335347,0.3422996750086293,-0.05064261158983692,-0.07014285593695246,-0.008825916655889554,-0.1752413144186123,-0.055013605339533034,-0.22132377029886224,-0.02216907388961724,-0.0884846277074145,0.1443167174307937,-0.22582928931597634,-0.1994452124122581,0.3280723347362379,0.301906913530306,0.02686966899570778,0.22272499821832992,0.017337553864061356,0.7779938912252873,-0.1449349812404403,0.6419979148555688,-0.03155304909379579,0.23444235549566264,0.015767784593512503,happy
-0.013706301616817407,0.3633457888035969,0.3784279569050358,0.14195268996683935,0.019088892073477248,0.7868568393238131,0.6312986218231853,0.3157211521846931,0.19468053607043972,0.3198363960098558,0.23518505999265948,0.4740260996310135,-0.11134488093570047,0.08735328574557723,-0.16167172045660058,0.31591724372868374,0.4003371932523619,-0.10518658517160354,0.03019123103439672,0.23531744582215228,-0.19102607938175553,-0.33797446798907316,0.17785936435510896,0.07645140575505655,-0.06227847475225304,0.3998463893162599,0.14162912259181037,-0.3145753780720656,0.26217084411503755,0.20046336190931024,0.7174241342959111,0.2655836873984038,0.2297145447599055,0.3905211807121683,0.33104878773749224,-0.10457577947693153,0.24537642416613137,0.09388881657203749,0.481887887995367,0.6829238695875093,happy
-0.1964441185699875,-0.11058393628978663,-0.03463475916702978,0.05143505019528197,0.07503373868829957,0.2835507850644873,0.5538717918817475,-0.04361489760949125,-0.11452144089068836,-0.2128720067239777,0.49206573184562435,0.5078614357905573,-0.25257327520307543,-0.32456864157941834,0.06797047253220859,0.26355861223428084,0.20440415973873358,-0.03285219922462862,0.06689298593844284,-0.03332276233626666,-0.2537014789048784,0.373619322202482,-0.08142087005774007,-0.3271817698423973,-0.12642927884609795,-0.3498648147119668,0.08773108436250066,0.4055700764564965,-0.13981689035629002,0.4980657617348187,0.7716483626729986,0.36525898030471243,-0.007359542269781916,0.06883630093190204,0.18697051815780694,-0.07231075455679137,-0.09632142129281407,0.1116698138665015,0.08642799673275617,0.23514204301923772,happy
-0.21635963040717793,0.5998116745084094,0.4421187224872449,0.4390874118601103,0.08548249105558711,0.705788958193523,0.1964833229979842,0.7364152164629159,0.5386970764392647,0.024023317046895143,0.1027615714447739,0.6447084783724801,0.3821540107236346,0.044926048014992136,0.08697972054758984,0.040529297445931214,-0.24215706679646593,-0.13086391457394375,-0.2682938792709028,-0.2219694927313493,0.002036648864084889,-0.34275143882805786,0.10099955698389099,-0.021309683680600447,0.18174734424289737,0.2585494526319956,0.39582097557665286,0.28896880830788424,0.3538148549314633,0.17138901671744092,0.39092281954959296,0.04533028429170796,0.22070562658817605,0.46990158423602285,0.25778162360680895,0.3600651942220562,-0.04814529877114257,0.5192948089469938,-0.012830051373287008,0.1828604796677497,happy
0.07806851707316467,0.36527134424040747,0.08089385760823896,-0.034132277956225365,-0.22708095755070645,0.193974949828152,-0.016867169995891523,0.41624857100410156,0.6319447494990513,-0.3092510898725394,-0.10679438727957105,0.25411025723148517,0.44095865103049986,0.16031968858394105,0.1170847048911445,0.11757564535857457,0.09527507211439787,0.3311915661980443,0.050268880960905926,-0.425976908668581,-0.23334482875410234,-0.05070012771929122,-0.2844595993653354,-0.11440921325518752,-0.14116587656041724,-0.14007153995354585,0.25777223994889353,0.03381035104409119,-0.09759259791911457,0.03667315563164003,0.25765168192295884,0.8009407013162797,0.3470866724136919,0.6548775535206965,0.394838460426002,-0.2916181474892537,0.31138012657985603,-0.03753087675896384,-0.20881417070763858,-0.18721006967103887,happy
0.5330142357251362,-0.26539236571293723,0.02063372660422781,0.5073411396477268,0.4152238692541323,-0.1597051304192647,0.2540171762380701,0.15213077493486776,0.2212241638430679,0.4370524117300361,0.07094172524921198,0.09570720768936157,0.4983495351543143,-0.38056573854560055,-0.058418512986139565,0.10841611447150495,-0.36313776918082624,-0.24022654598551596,-0.43474954176011615,-0.07635893377155317,-0.2724320330861503,0.09406787280305595,0.17541319908555625,-0.03804505066719738,-0.10565692868911758,0.10057498464017353,0.0973500484733811,-0.17581497168846227,0.4455843901819345,0.27224935108834436,0.445971342663838,-0.07327172082577932,0.5020432414215681,0.8118513580649203,0.42479453022023733,-0.11813289813556388,0.22447017077769174,0.1605921583765647,0.18529848729031828,0.02355807471504868,happy
0.20735047861732783,0.013090748599914687,0.23319453084057873,0.04133473163905793,0.2717809982576693,0.5201518345570544,0.15700408459467044,0.448843928308476,0.045436744646956295,0.15285415551188983,0.1550319475486375,0.48928239379235455,-0.06341842514105889,0.3891577995245458,-0.3355719487190266,-0.05100338519770502,0.17939081603730164,0.09254944108882684,-0.36007086985374814,-0.42557111794691155,0.10449718064088218,-0.4238421946571503,0.06325381880588815,-0.18265779743238097,-0.014316788808658804,0.6180340318896684,0.4727805171830893,0.34128130527429534,-0.17351160105038194,0.29465620479447935,0.2592332901021262,0.2427883222918716,0.6173311380044144,-0.15458731738178533,0.34837755787902575,0.27749613573862375,0.02383157756931467,0.6101624356320159,-0.19158253297855432,0.08781666168620299,happy
0.10095509753317733,-0.4255036285732357,-0.18800124632818344,-0.03191395759618881,0.44433153832634803,0.5066048474830949,0.4293193009111486,0.3397092499037271,-0.28865844757516085,0.29955172986662765,0.08298781320406602,0.4694275984794223,0.46855656649101235,0.6461818659038512,0.21167699017917482,0.19344744984656403,-0.3135195815908282,-0.06452785182225332,-0.4197042782109314,0.10836199500765628,-0.420960055976074,-0.1614762240827402,-0.2926116567667889,-0.17170378417544405,0.1024030706153824,-0.11114711985752032,0.13522903729122088,-0.1268173319764499,0.5260621195559675,0.04872289416511766,0.5003211672315977,0.8078881488011873,-0.3397933266188626,0.02627799674280304,0.21385083138062505,0.5402412125611428,0.08873690570343248,0.2680069781754339,-0.05837962596068885,0.22154636821428447,happy
-0.22910438576335124,0.3388397054169719,-0.5875299311796729,-0.2686716059048461,0.7050330671346663,0.30928252385431454,0.04953838427025095,0.8367152308747865,0.5323415660102484,0.5297867891694663,0.10355471309883646,0.32921346491822395,0.2550035942838278,-0.3434941855824658,0.18120331151171287,-0.06185084606635223,0.27278568809606507,0.2458590270476545,-0.2727424902329218,-0.2744136145316835,-0.07190180012864184,0.05767125486766431,-0.19155868063014697,-0.08401774353491165,0.1404273883133348,0.1376073498986383,0.37407080856825575,0.18628404362493878,-0.05570081901297354,-0.23981574920322796,0.4490180854043309,0.17929155332671637,0.18710505432024283,0.2018868940289626,-0.13719372575994518,0.14200842132780772,-0.4549207348542796,0.06724650236309657,-0.10385753483008242,0.5467704368060305,happy
0.19130545789859127,0.07019705054169392,0.21140738833328662,0.39606305388529406,0.04789931830785216,0.20497594993410148,0.18452846227693745,0.9112967060500914,0.2823454219094571,-0.2622496985533039,0.4133596625025833,0.8321785127146313,-0.12061266385002634,0.9682327270253543,0.012547884778600013,0.24007520001289306,-0.20084411923973955,-0.1574145247337021,-0.42659996000935757,-0.3934450269942959,-0.672497022787512,0.18291635731921616,-0.3834032706100003,0.038619441578842936,0.06789029496978587,-0.13865734005703007,0.08823038257022224,0.09941499622402308,0.0414223344496317,0.22116286332306606,0.25335269142493255,0.00026830064493763017,-0.05925936188656955,0.055738471676602924,0.2936563408053883,0.5959676910686205,0.5864385064910667,0.24912488310235487,0.367022081620648,0.10690303494731974,happy
0.35978132827699455,0.15596444510805324,0.2692887329405051,0.1343420939853806,0.23806775204097902,0.7513263235095284,-0.035671359474869074,0.2741063336200203,0.1092500541385038,0.48701014578161256,0.6757411139406273,0.08711542505839937,-0.5932338679395353,0.23338523245329626,0.1856780777254872,-0.4535780249106905,-0.12073738774900789,-0.10759979452770288,-0.7103714870220448,0.05009262547491722,-0.010716130684637809,-0.05111610049326086,-0.3648706712200687,-0.24285155965788197,-0.18293556100946948,0.14982687274773743,-0.18088408581332469,0.5003987371161981,0.26440415161677855,-0.35798699539269146,0.6741465826905195,0.30137310039473986,0.12924175839289076,0.2982180033092395,-0.2131769740643356,0.2868600115294162,-0.4319480884445967,-0.09951592658825242,0.4720088605003615,0.40009040177994853,happy
-0.015997924452563095,-0.13050599833523674,0.40746895859679133,0.1919401583331859,0.29187983893499275,0.42189818413682295,-0.008840223281368381,0.47663881943601516,-0.29054171335269124,0.6165592824105459,-0.2036847616380904,0.001348975749152423,-0.05449004509941663,0.260800371465767,0.21749242817060335,0.07171389574913735,0.07965586228075405,0.02834620082997355,-0.13498904088645372,-0.6249956278959536,-0.7279081306727504,-0.7153136873546175,-0.10656472918353946,-0.12151720964787416,-0.05891554691017384,0.08087802707644633,0.008816035551418418,-0.14243358248739363,-0.22862247791954082,-0.2920356112198656,0.5512367946819237,0.4931997133826473,-0.0848584688392342,0.19652919656014933,0.37131011036655764,0.6496727971218064,0.044734492986916924,0.2076148322495107,0.41876209538334597,-0.3843469753264908,happy
-0.12250875752193785,0.10634824961671621,-0.026519061927097867,0.7527565818930768,0.4596432909591953,0.30674938468143986,0.016187798315655227,0.49318004943012883,0.4204808155999961,0.09828267360254858,0.08726545910614136,-0.2209308317868966,0.09561049055875309,0.2939926956975242,0.2813049505710699,0.1263035194691007,0.15038617789177858,-0.2507132156340011,-0.24219020147893583,0.18343121628867218,-0.013333547711661592,-0.3270693543046526,0.033539793382910355,0.15145609070490573,0.15892644825428512,0.047402583975777166,-0.06758569697764863,0.2191213667967232,0.6022221557258154,0.23795857714022284,0.0572142062049594,0.3423949958036207,-0.05619331053965548,0.3250982811782484,0.1756484645173862,0.4810198693035905,0.22612003217192828,0.4332185529243071,0.7140436245225621,0.00970315520568317,happy
-0.15115886931094571,0.23402524324762042,0.13637771264314055,0.235879192427919,0.07389100463454487,0.3979827590771538,0.28275711590617425,-0.2980162002196031,0.19147082396736048,0.3174660388232986,0.5053313357943809,0.008558524381521285,-0.09506512810298634,0.36492854299236716,-0.14071256334715346,0.00012829555194760617,0.05606340329044235,0.09298565494849587,-0.11919531859937466,-0.42213659033420997,0.12993348574873437,-0.23430689645018288,-0.2344958976812604,0.4545055288245941,0.2009634322322158,-0.25791643708071227,-0.0597368061330987,0.04940304288619448,-0.0364066747170904,-0.3002134716297005,0.4382926756466186,0.4538555355629787,0.3271192588780149,0.1594394689839726,0.30723168525542754,0.39547969170173186,-0.07290462555487709,0.07177420585623435,-0.032241985413109464,0.24575902899469326,happy
0.132845269410788,-0.22417908276383708,-0.0022073846257534696,0.6557884304358148,-0.022378474923860803,0.2908678513037641,0.09994840866192745,0.5865962370976356,0.23496112153529655,0.11586242277703722,-0.1076130194211806,0.09380841404371529,0.32697712028011816,0.23865147964638914,-0.32655013674140954,0.3754626543844397,-0.1323477782246592,-0.3735075905659234,-0.08994228941115792,-0.2957248901946932,-0.2846007671918707,-0.2869343100279412,-0.12432015912056107,-0.19857518513155653,-0.4722208730686582,0.1507830739089142,-0.07163294528056047,0.42073720601554404,0.2947615666713746,0.3553856130491538,0.2747823164236376,0.5853752377687413,0.17686929947759816,0.0046234593849739936,0.3392054540075681,-0.4760662989291396,0.10011019634280868,0.21129276218955118,0.003034478989628747,0.3877571153776432,happy
0.24395706366418413,0.1397903352842309,0.05207815926325729,0.4782602801721417,0.05168207421372639,0.1420126734673007,0.4539817082374813,0.4148268030880414,0.7751295604709285,0.17094391977240495,-0.29102015317546165,0.3255224972918994,0.43481105103372336,0.019497676649529047,0.41678415009048886,0.42894115256358384,-0.2426348456788745,-0.2268621768608851,-0.44853754656098915,0.0034573426960198272,0.04880512827013658,0.030946057012253864,-0.4214146623911736,-0.2680671767975667,-0.4008763850255263,-0.4024741826872366,-0.28613275445902997,-0.29890011116978704,0.10716983740517938,0.3030868854825498,0.3870136045388673,0.24282820309845893,0.08629663257893005,0.25682579156557717,0.394861545821583,0.14906332693425967,0.2070505809057804,0.07474134482004964,-0.026619371484606746,0.069384767289565,happy
-0.2271649369387373,0.37942030514009906,-0.24927475950685957,0.311869749763381,-0.12600420764524434,0.6365056614644067,0.4827516433405043,0.04973381434306945,0.1314277817668047,-0.06575680942837889,0.17778982088028655,0.2590043527295712,0.7660251607107089,-0.29166769041002977,0.3316865366598198,-0.18277932160267085,-0.0016160404697155434,0.1216839122915738,0.012891379465212488,-0.029711694044070897,-0.18920696090019218,-0.12913789475672613,-0.06527435546647015,0.23582668428876616,-0.41060939410385716,-0.11435265910657288,-0.26069422269521375,-0.1400771800114125,-0.052322263804033306,0.47502605218818267,0.7760901387997619,0.5954861471688506,-0.04616649365464082,0.27783074496047677,-0.04494367507679756,0.33908626328424746,0.5194331826766856,0.3039880697795233,0.33169117766399464,0.02209384615366536,happy
-0.44624972552031,-0.40165489009179606,0.12755543492094573,0.3402544391666249,0.551061297355683,0.1574444730644982,0.2776501619863547,0.3241852489342411,0.5200966527765025,0.20656254235794946,-0.08872853567677316,0.4309296773553391,0.21342367482071367,0.1581528863077553,-0.31464268249290395,-0.034938796158614435,-0.5142728099555018,-0.6201503409460336,-0.1880111774645949,-0.25042811462271203,0.007170206075491681,0.24314013554782496,-0.1135347086126258,0.3864588745456657,-0.18404329069550324,0.2079252554643174,-0.2655688443503352,0.14023614183448832,0.07163597601828668,0.1388646966348332,0.3756768188711257,-0.23716937350468098,0.2881582676984934,0.049914708282291526,0.27696422882160265,0.3253695514469817,0.09725805837343016,0.05725027848576365,-0.18810961569058388,0.20080952224637275,happy
-0.11274180323579311,0.22171251966168637,-0.21303175415688463,0.5435192215949969,-0.03759971168231008,0.5437471585716152,0.14345422323558407,0.3984200949250502,0.21006661127818846,0.3987483030588709,0.19370865036940513,0.47859148909706306,0.2800929708077782,0.23469551327565533,0.44029479031945107,-0.2119235322630439,0.26110094625140823,-0.08633729015161848,-0.5063772086506144,-0.015994024036551993,-0.1909366147322895,0.30571459532394374,-0.23070096967899556,-0.06005151485084523,0.027110529908727976,-0.47655668056809447,0.19024566503747406,-0.1471087359973129,0.5138439706055167,0.6197326916755299,0.22239552065744647,-0.15951540172018308,0.3050793461429299,0.303674162729081,0.4316936915325021,0.14859623796788557,-0.11261724104015963,0.11646631019796139,-0.1295470864312041,0.5142833364088744,happy
-0.1213674915353675,-0.05937751239579504,0.14091297260831273,-0.1253940066463699,0.11031585641491257,0.21229818864512906,0.13323006341393048,0.19408039525529397,0.5651730597289604,0.33572753326507937,-0.15028153744724645,0.0428128000799598,0.29911986341625574,-0.10679570002074895,0.03305715758834137,-0.04036578233203253,0.06280016004947617,-0.15052146000941974,-0.16321760768927568,-0.35869623731130057,-0.046408000220559534,-0.3648505194903343,0.33959702038743045,-0.07780383243915054,-0.09032181116429744,0.2140825791812075,0.038223096226298325,0.13049984645523088,0.1394825445689446,0.0067761852277477,-0.011591394644799913,0.0678270780145345,0.5484976338719127,0.09776093111209866,0.14304220220589975,0.1095239075322624,0.37133362797003056,0.6603478345074523,-0.1289486645515584,0.2004734805613221,happy
0.09056482131810353,0.03026781997589338,0.28231690452421176,-0.13279649047280023,0.4377598257883909,0.3034949421033958,0.003191625220137023,0.6665810545773692,0.46482302217960936,0.5221525487104242,-0.1797858245958502,0.08345849124114035,-0.02592452273805229,0.22030020988840376,0.35883292575599623,-0.5205813687094976,-0.06744141981083748,-0.13683977412316864,0.12865992713149188,-0.1489432869383108,-0.4639643604109816,-0.17674418454315585,-0.36965677800203484,-0.27156798089676387,-0.022165323745221566,-0.11084853563500807,0.13137022252319983,-0.2802157007774856,0.7464208940287185,0.5150978567332425,0.4080649980911966,-0.08368747398448906,-0.29325049200851666,0.03779221896444812,0.1875905093627392,0.7950414048381422,0.5265866998578346,0.018622118456128836,0.41670090016726685,0.37283960031113855,happy
0.06397097674887194,0.4189104602484657,0.23729466207962285,0.025169525897503875,-0.07575932112992295,0.21556675298675324,0.5135820010439462,-0.0879165578352846,-0.1648448617881839,0.36513842006827274,-0.501934526181232,0.6188187141272998,-0.00461163122181181,0.2472542956836384,0.4874538093678414,-0.4038414313228315,-0.34118033952620525,0.46854456058375027,-0.1997651378494117,-0.17121711761448252,-0.08048253739747135,0.1431122730710875,0.23422091783316218,-0.044546504617782604,-0.11863287374102408,0.0028129224208071762,0.13750648333926507,0.44262693541280274,0.18758919198122123,0.6579034563086534,0.005226914771340546,0.382975305315586,0.7074090830700894,0.5877360120706681,0.3319843461035301,-0.0010654255342360808,0.010559121254890946,0.1129247167967636,0.18725312734883903,-0.003700749002042217,happy
-0.31216526466414735,-0.08079324064756044,0.2852735350898987,0.40609784441576935,-0.13310993447222114,0.15391988574298854,-0.16930703601907857,0.11441184594038642,1.1525627771060323,0.2408506829583945,0.10434361893836148,0.002462929265693012,-0.20143824567651097,-0.4151024341096863,0.0013587760404809301,-0.10357923156754112,0.3050450278095994,-0.5228673808055315,-0.015664627498366196,0.20435491778959783,-0.6388896876661025,0.04115843958390883,-0.5163043576074626,0.06088962922964991,0.3442937714958295,0.011164782431447924,0.13338847970600287,-0.0694455307928924,0.2268986049306669,0.48205706328325465,0.17786496358081086,0.21137933382950985,0.3583319860919319,0.4689650355569242,-0.17128487263384898,0.2399535807356121,0.017581665656664136,0.27995009876926347,0.3728792713020546,0.13984530842747234,happy
0.3903565432955402,-0.14536637051309304,0.0485715247508902,-0.060279071388854744,0.23986825406280116,0.27168112599990896,0.20801283305229828,-0.05126984883313121,0.2275559197337317,0.11292282380941301,0.3473819960278042,0.08413479763632956,0.40548774896771206,0.11934888872613016,-0.46271042491346,-0.07703360575476764,-0.43805071778316756,0.14328561219722277,0.2399610795271585,-0.14514340918435376,-0.02490737066848893,-0.4965133049779344,-0.6795675252654787,-0.2143640224866203,-0.09798573615190542,-0.37468661422857924,0.0835672334819128,0.18817045533560153,0.31781883139491734,0.5893409881212106,0.43210040693747914,0.15368212096428902,0.28585519067697035,0.412691979222883,-0.01998661026334672,0.5645875685171966,0.4237317986184607,0.09564913755220814,-0.05468159325051025,1.033891656149869,happy
0.2756835047982025,0.3490096425328639,0.6137296157223211,0.44439061369347455,0.2792250960474926,0.42791372603837824,0.02579703614049636,0.4425602652256506,-0.1458173268780458,0.33408561703593304,0.33645810863114367,-0.2448038092912696,0.6003880302512807,-0.2328536952273505,0.2812886171823771,-0.1664360396862171,0.008980432124087862,-0.2709743614193197,0.5129517978955882,0.12784208117143434,0.3272986453665191,0.07631695293526986,0.07666578660991172,-0.030707336637555482,-0.09049153430164769,0.17159764710871397,0.105041044866059,0.07321581919562635,-0.19521446092296363,0.11855365252235514,0.38402011263464214,0.13120054645327772,0.3524645518683472,0.2271228657012866,-0.012058450041380203,-0.0016591978884623881,0.008149899054509857,0.0839470493267977,0.046322482714077066,0.35208047576560314,happy
-0.212488403253851,-0.4102369521862734,0.33437202077444594,0.08166743781777701,0.20000991950482613,0.9063718194381944,0.6398279070651149,0.4157829688219415,0.49589578005223167,0.2617060543832883,0.44488294507312626,0.0030506227761556842,-0.06797936129268564,-0.052926019047071976,0.42397390678312913,0.3731344659881986,-0.22096472336974793,0.2003240601502136,-0.16060339783657554,0.1443158716077225,-0.21253298645995605,0.12576219217439158,-0.12543392490809618,-0.13841559252205274,-0.030758618958714568,0.06071951554708921,-0.08102400715485056,-0.23489674361155288,0.5957960769337434,0.10005738137027914,-0.23322461488493657,-0.3266841009790455,-0.452200367735111,0.10988112815542958,0.6044598783358903,-0.18575796272379108,0.11898615913208087,-0.30983627185048795,0.4000491133098172,0.16286621247986155,happy
0.15202789694265706,0.4639134685870764,0.5849034443649794,0.46665292516593093,0.0854392359868121,-0.08386635224481453,-0.00015066372012842444,-0.1821782155909383,0.7206939801384709,0.18541931616330973,0.23555976866644524,0.21326849391614933,0.6367187062799893,-0.07473974989847751,0.3261238974166645,0.05518633139024401,-0.10163835485927328,-0.5878161920577727,0.1195455622802645,-0.31964916148608674,-0.24635639905630097,-0.05864084051283944,-0.06985047612192061,0.2268526242833722,-0.19503278921672845,0.06485652168379624,0.14209304957799535,0.1250755127565209,0.3384533617386032,0.13778413651495153,0.5453394053106679,0.07499521969441958,-0.10115889181044396,0.25868027807632754,0.5615238796050153,0.10254557540494907,0.04175308597874469,0.07457669745560226,0.16097671755690113,0.02550342372167457,happy
0.15066633885774,-0.3237379903177245,0.5493343982383169,0.35324322632598854,0.013790957369511608,0.6108138672489878,0.3850742510021317,0.6479912410863233,-0.04503047742265173,0.6622603790160007,0.21513842597674787,-0.3658605823041978,0.3123547255426601,-0.006961181133542382,-0.23794012763070704,-0.07759080804785162,-0.5618388556501384,0.056420984630943444,-0.17193112846744285,-0.197373011824443,0.2362443258421008,-0.10727301536987727,-0.26406694060330765,-0.3067221799736635,-0.03796477678960794,0.29690887574022007,-0.07903184035071636,-0.14870193067699355,0.40115104558991166,0.21862828034483356,0.22872503146776674,0.7945743452507308,-0.043301386670547615,0.32046314104559553,-0.19944880706660634,0.157921245784711,0.35452819685021947,0.4532644705982626,-0.20868553991151945,0.28568590218679024,happy
0.2721941355616168,0.08663015827280349,0.7970646936894856,0.2033394701454548,0.008356360126716644,0.3670893363855076,-0.21030133779035093,0.6706446295107737,0.5118547606876287,0.1322443526334092,0.36127695320122194,0.30148011683384196,0.6163535889417044,-0.08798092943701935,-0.3096574909755871,-0.5460750752225589,-0.1381800729826907,-0.4979144848882964,-0.16123868574826375,-0.022522218759735313,-0.24191838409965072,-0.3597377673302726,0.2126706258195319,-0.11368499587732162,0.03728434367916554,0.267493654872206,-0.2654716900630259,-0.11914604074562096,0.8062929543321431,0.16227624917581449,-0.033378816498055575,0.19175044913277908,0.12120658587777758,-0.04750507015444888,0.1520467288449741,0.22968083524442098,0.19933483778570768,0.30173692650248324,-0.32801826435646514,-0.31475292696020185,happy
0.2733907448970686,0.004124502911429878,0.4763143228224855,0.28113766455608163,-0.12801487633770864,0.3953713264604013,0.008435716689009581,0.33569401473466115,0.5735955811371416,0.7785567981332919,0.18506804106979008,0.34278887444965295,0.1954437162664558,0.27377760221680025,-0.6337813312959253,-0.12263284732772656,0.01247628067476747,0.026445548152976978,-0.3104822030765099,0.08392205915789572,0.15557299103844852,-0.09866169592398483,-0.15263047802855903,-0.15396559625997652,0.013119916743242331,0.3257972380526461,0.4557825478708736,-0.0025826315089607504,-0.07567906521508583,-0.0007044427581814894,0.48801289431861067,0.31434961158430114,0.3456885563705964,0.3927057101753121,0.354003361000585,0.2035282714818042,-0.06417687584306658,0.0047202698360351986,0.14951639607549072,0.17121858834936166,happy
-0.02446242599651148,0.011640248694297056,0.5144350459026489,0.08332870730300874,0.29200919662966507,0.17583087060507568,0.048645510918125995,-0.12010825902403152,0.11970058302556585,0.024588931819491816,0.4204332326261657,-0.1309565101775227,0.012568890800171664,0.23814820160910943,-0.006307622174495209,0.10424808388742321,0.15165165849348397,-0.5190172016594075,-0.22202584809368026,-0.3739841806513681,0.21700431771449918,-0.14667731391850652,0.03286818399843641,0.37215063513578045,-0.11350571607246931,0.04153550139553916,0.1747484720683317,0.04996164068470879,0.4839472491611012,0.4117705825337338,0.49079330898126006,0.26969411788640063,0.18134924562111665,0.17823686235161673,0.16420935456285146,-0.18410941563763017,0.2953664778103616,0.3704865559864123,0.11549115156039343,-0.056175141227279624,happy
0.07957635428106341,0.17532787430978677,0.24637898991530155,0.660497208279184,0.016750961860359348,0.3497183175096769,0.44412110608113925,0.2883764124630181,0.19725244296874717,-0.02600542116293844,0.051551551986482064,0.342288367519825,0.4868179055198227,-0.09685872390030387,0.14171279506282522,0.10888328494555741,0.19312781080227334,-0.03273588262687328,-0.0049090164094007654,0.09816730657724648,-0.42414935669897313,-0.10548491558438161,-0.5423660577286467,-0.5626967351504129,-0.23194565895403801,-0.3683812680223619,0.19791586712282752,0.3689900053629923,0.08511237815244355,0.1670030744545898,0.17486671831474493,0.19018878659624666,0.30209599717686453,0.35657943162077654,0.1394104625951953,0.034984419772041114,0.07027497594314414,0.3645612786190238,0.010820080710518223,0.43546167109129047,happy
0.007994214857298183,0.4621135906928587,-0.13933873652632311,0.026499538272196366,0.35413464373778697,0.37925009822401473,0.2278788398163558,0.7817817534922358,0.2739524565595317,0.30629234960665414,0.0578850095410057,0.5790709250571955,0.3324340727660388,0.1726990376030624,-0.39140827979166704,0.06717831601830283,-0.18143967169362502,0.0029068028747567254,0.11146322693779187,-0.31843610372115033,-0.07536615821918638,0.10252593610935673,-0.05516684361028347,-0.1468682022453419,-0.2908175465118795,-0.14758831430098468,-0.25077359589559306,0.36445946653556355,0.18747219831770429,-0.1044615151619874,0.23154913223181975,-0.06892383747542347,-0.5585642664208799,0.5701369754451491,0.5493119860884792,-0.1375584761857162,0.020477612069868673,0.21271645146011012,0.019638747696840847,-0.14672469010166,happy
-0.06095730353274158,0.05538950866952624,0.0220878638605876,0.2532629612478509,0.17428165884955785,0.06388787840416246,0.27229508094348975,-0.15043165831703117,0.6169448453241313,-0.20387940990680936,0.17929278146078256,0.2456114810030955,0.21917867270940858,0.13275697957085025,0.33615475908001285,-0.3074535482317004,-0.08265521661249986,-0.060615766415471756,-0.24401860568189898,-0.28002295802164096,0.19086669731386707,-0.29830000414287355,-0.21736949781276854,-0.13472129699867108,-0.07921879269492496,0.05955451480921947,0.015087142497988232,0.20804932194309028,0.1935772323409891,0.3193720411962995,0.5737468661859089,0.042488371061573604,0.6775874123939016,0.15280178085843243,0.41973993705255846,0.2710952495600232,0.12493874770177957,-0.3307914879159392,0.5166452070245116,-0.12277910328783484,happy
-0.13051162819831383,0.379218703569003,0.17785675505399057,0.6732346116339032,0.6503532259842797,0.42978516019154883,0.32737078687178905,0.4546392789733598,-0.07545682251478444,0.27325044714366575,0.2352431820879006,0.04128322928059763,0.1769517698354064,-0.2981828672722714,0.24265415683279062,0.29348401978645355,-0.3895249879023866,-0.06277548713090172,0.26350241647721506,-0.028681236166374482,-0.3896450543508477,-0.36732376199017464,0.11317101654515044,0.3890722236941138,-0.2976099511582857,0.026836516606571006,-0.1277119735423206,0.04238989385669807,0.23498789722937263,0.1875317932413386,0.05935757198307581,0.7751956000334179,0.22434769004677363,0.21852051268995334,0.5277271641710861,0.23272232518587257,0.14738502391907748,0.39366559068237233,-0.1439119792257566,0.2507628771915921,happy
0.3207644830878769,0.2772727046000323,0.11362728943810221,0.19563349347489303,-0.19638880449879642,0.21964278078722552,0.3352333953398765,0.47855691213117096,0.28710656248300226,0.13301591705902904,-0.010325831565548588,0.14647210470525454,0.14605074704975124,0.3646241020956954,0.019150562145323714,-0.15215219622864704,-0.0943974169712555,-0.2194510594653688,-0.18037503741166133,-0.6802150574739876,-0.5281595192460369,-0.41794655243819495,0.015363357452501059,-0.087295657057056,0.008062921454948066,0.3043843485885469,-0.19333353702339362,0.3952030326017098,0.25262337052896355,0.020548031028437164,0.5973617566413494,-0.10124914590552847,-0.015655856720105055,0.2115256601183139,0.35161641946673244,0.181696776211468,-0.33087411866803024,0.08356771831932322,0.09142274750118089,0.6932422588937637,happy
0.4038213382697123,0.14259079149210646,-0.11232609840944718,0.28140340147183945,-0.059285347544786704,0.30135300824498074,0.3533234773876894,0.1637621409626519,0.31284202878940864,0.14725114408704043,0.055787296519854784,0.5360203902859202,0.2554838730186433,-0.011725364655811712,-0.17316996942514723,0.014902214558844766,0.07135174363966884,0.10965070069189425,0.24080283227877985,-0.02064325436452792,-0.4108115739600317,0.3779448293930639,0.18579148686477304,0.13645374982364397,0.3008643909329902,-0.35141147626235364,-0.028202370782577882,-0.014538616062520687,0.4503082660668975,-0.094810811140107,0.14885864728096904,0.6252597601634389,0.42203145798360403,0.1672855018905059,0.7144772234336076,-0.09964069726330405,0.30794452941063083,0.10036424399895405,0.2373241005902824,-0.004524461527672302,happy
-0.14271960519839288,0.16385539980895147,-0.16838405722069955,0.32687266378515917,0.1491680552977126,0.47771807544083783,0.15145976087697274,0.09606247180374691,0.3486170732759871,0.5320477643870383,-0.31484444104194337,0.18543321348053823,0.2652386196551845,-0.28725913675582576,-0.20190811632886968,0.12850565598558802,-0.273462750644286,-0.2589696834584732,0.29911485408917465,-0.36806148225235635,-0.3485216679009178,-0.6944502484203943,-0.371708852415932,-0.37324426729142907,0.3923631342174964,0.3146433766145726,-0.24902993782420363,0.5949289390056951,0.3453698672336231,0.1507272543833591,0.4263759897977292,0.3434050762907504,0.07249738943762901,-0.17251040436643333,0.025275916593251874,0.2256462243375205,0.1070982728961076,-0.027037738127881975,0.35036259645848544,-0.20011159628734082,happy
0.28185224438016176,-0.008767441055229405,0.18202050480648743,-0.08139990472114561,0.22463536892671576,0.056220078877087604,-0.1695621439140729,0.2557635784795964,0.23633399031473837,0.4308872423958298,0.26457383003553614,-0.09503142698176453,-0.04139667913732839,-0.550402955563303,-0.2620841273249127,0.2886532546412784,0.3025762424723527,0.08514909495726311,-0.050697537542215204,0.007995732577529668,-0.016890363548196022,-0.5528184189113332,-0.318101641556165,0.22120291726237926,0.2596841784042509,0.07297059976838997,-0.014912333866813704,0.014505067724591036,0.020426320410106377,-0.034344666970072935,-0.2491256668296155,0.2852386588275776,0.1484402622945395,0.20714184889931797,0.6714844172335774,0.3720917497683059,0.020767520712955623,0.29761165454261157,-0.2620850496073816,0.32098461409259266,happy
0.12639927458572897,0.06138185163507287,0.29535519188178233,0.5534834244922084,0.1113395286214412,0.00434198343917469,0.7821852322695269,0.2637022194179651,0.6174877408732977,0.05889170848649991,0.2874109290986111,-0.004257322661903193,0.26570773908589423,-0.007113147696096042,-0.1522980393694554,0.35187184712945857,0.012515773029000157,-0.6054479843582625,-0.18412263418654676,-0.3644171052690323,-0.4389658994983814,-0.27039422889405634,-0.22181320893394446,-0.06343316244549149,-0.22842052999169254,-0.4479770878217228,-0.07178376028577041,0.32653812228707835,-0.1844801711442417,0.3466660451218641,0.3390353393882827,0.13670043036911816,0.33591871390052713,0.0735342082866148,0.14848464587808505,-0.027988984091245672,0.30856002027021007,0.4933712609220179,-0.05995533563547584,0.3574198194306385,happy
-0.46903209911758564,-0.11134762043269952,-0.09777305805525682,0.6203520972600685,0.07827625847135461,0.4409349959961941,-0.24990761954262258,0.2872737523323552,0.3879431773359305,0.21570253230330486,-0.4839349444333308,0.19717974024757792,0.3097677463911892,0.38873113817855487,0.1115047895598883,-0.45277251296080984,-0.12440951124458083,0.12044469846291897,-0.3304547087085697,0.0022826838825465434,-0.2575126858123266,-0.10383659165118794,0.08427657412230552,-0.24894981839252223,0.6805175586817713,0.050102101459041676,0.14557773820673664,-0.0767373545366884,0.16854373344309614,0.12588291231231663,-0.13910789650470884,-0.13477893906536065,0.3301656514698635,0.2367023632561213,-0.4092097292387387,-0.3106033631174289,0.1156444291444993,0.13581277321048016,0.2596304551854226,-0.24936250486669131,happy
0.20784189536584824,0.031036298550115915,0.026224847376082647,0.15723997186887298,0.4708535848372844,0.3863228986775653,0.48078426877650765,0.0866697953221024,0.17603095636973592,-0.0659953953998669,0.054282285834636596,0.053839631733558393,-0.008539140686746272,0.23825414508202716,0.11842580896398824,0.15684610951705277,-0.04057065824111157,0.1635433464045819,-0.09857686398066579,0.10284635619402618,-0.012800882528476804,0.05679374639542184,-0.12133922443085923,-0.3822935019247555,-0.39413721581519545,0.5014822733510329,0.15695997609904852,0.21872735739608062,0.1112197697535592,0.07799039046017596,0.9425402350255112,-0.03297345437056709,0.24285789215061312,0.24570670339584852,-0.03574391336412455,-0.09333694996155212,0.016833298077597092,0.0669963344392838,-0.013541713887074605,0.2633084633283037,happy
-0.234669788336216,0.20904237790305308,0.5200971609778162,0.41586454327676464,-0.060206166340459,-0.4913337321250218,0.46987420877822134,0.38272429943856706,0.10058868579553074,0.544763811338749,0.0914898231274524,0.17993214967935534,-0.1516730503187488,0.13977220078877575,-0.0954293935812536,-0.158819537407951,0.1973396209255339,-0.05098816666100314,-0.5008795953732095,0.03433870627440053,0.07060474390515808,-0.335048981774835,-0.20284106104697958,-0.05917090474285258,-0.0952894965597354,0.043109333952978265,0.22248123764425215,-0.015080453931479013,0.6731416499374712,0.014655748510607747,0.08986607345599773,0.7392150993357869,0.8546867348493581,0.26794258120326864,0.20019268572513504,-0.04363119732336923,0.47832612335455277,0.19623346952126536,-0.10368436208965845,0.16148101218385696,happy
0.40262231917725644,0.27930077969862427,0.7049859985944216,0.48252871431445554,0.33474136845172253,0.23880905051166232,0.39607279551230173,0.5628769123721453,0.46168447540646596,0.48830421059275103,0.24834479623877598,0.34455472213709454,0.4116711718429494,0.0186431095532369,-0.3118947374416848,0.39860803431122793,0.07320827859029297,-0.2145026543237974,-0.06847840582933479,-0.20030154395514488,-0.5648038205303523,-0.1729003707456221,-0.46058552814234127,-0.021930594622195446,-0.060260879437744885,0.29553524665748665,0.02999001325798461,0.20137257819382873,0.07826087771385715,0.09766995680069271,-0.12475268464790379,0.4946143538842172,0.301222304106595,0.11283573667186422,0.2990981959748094,0.12094610808681101,0.011589965815895609,0.2152876024485099,0.41162938602212645,-0.0073720077833752395,happy
-0.29617037630452864,-0.045802916049025436,0.6022858411916856,-0.010161521045947863,0.5215862393538229,0.18725986135570383,0.443588605146141,0.231998812626072,-0.1473327039360273,0.12163594746990475,0.7206487646127273,0.12001769512761794,0.249067630678509,-0.024054244868241884,-0.020806746195584563,0.04765169177326985,0.04592490030006745,0.45034119178674437,-0.13076268709339114,-0.18340653723074063,-0.3038915539319614,-0.4550379126009733,-0.5067520488152202,0.09344428991796419,-0.49800804559285466,0.3639908746734331,0.2750709550330156,0.03449736551098724,-0.1351380034502911,0.20017139376566406,0.23060759793557883,0.5293146077476026,0.07368498195415518,0.16472949803276837,0.23446282548780953,0.15596508819426103,0.037263091221664296,-0.27498167752440617,-0.3012922557128919,-0.10815137190623866,happy
0.00461863304226795,0.35831250495120537,0.7310268884106024,0.6219269641844503,0.32419850473053075,0.717384738115912,0.23036455009117554,0.1277005429518077,0.8261466956086037,-0.04124708172241451,0.08992699930178924,0.08809686572024933,0.47360316999313407,-0.08766754908874924,0.20834244560772475,-0.13373205492588636,-0.37743915023785374,-0.04469306117096383,-0.08398308939755103,-0.4264551600856005,-0.3538349922820022,-0.32416435362378554,0.13729183797180003,0.04384133390021623,0.02772964629288526,0.13585773917755073,-0.05785776441245555,0.2284110138228793,0.0029899863525700426,-0.13906402314311625,0.0501827736270718,0.30097050144164694,0.28237874401264684,0.5242144509800593,-0.17362505022270916,0.17110606892585634,0.29271657581213406,-0.08612580033723993,0.17164572750536705,-0.04072354903136835,happy
-0.22082296668093815,0.38965673761284075,-0.19260091746594943,0.4442617895610884,0.12280946746130611,0.013711496214940833,0.0391563290243481,0.07594370595357983,0.03693477891190708,0.29360040043700475,-0.272499763550259,0.46461398364201684,0.31836379986327007,0.40863273399626204,-0.23159152822518847,-0.6103123381032711,-0.22664456396020188,-0.14457056481840047,-0.049254133585195994,-0.2660844690228683,-0.1574824064257669,-0.08756375781687392,-0.48954402304558836,0.3808136373660686,-0.31128683982009514,0.08009698122758208,0.33181108828523254,-0.08538677426139701,0.15613501411586286,0.6030421825134897,0.15671841206054649,0.5107572357759831,0.3339032717090149,0.31830581746415526,0.429079781159228,0.16954264147477177,0.14305380432328563,0.39611901555651535,0.1761120622716657,0.18733836488866004,happy
-0.23579811241683502,0.11514635440451435,0.45913730263818564,0.42062044342703775,0.3138657470896433,0.12108777766349912,0.10895417117773787,0.3715522128655938,0.6050476252067734,0.23899823656281086,0.5221987348111004,0.08180112137443363,0.4116455966852431,-0.1859205743791828,0.06261053526025476,-0.2957941622172005,0.09604316315750003,0.04232638561034324,-0.3603525139428044,-0.320718904511836,-0.24532103554722784,-0.4949968239274321,-0.3320911543815312,-0.2847224782669577,0.16621839800101815,0.3615131823556324,-0.047095285479320376,0.03980899715601842,0.21014618124881063,0.0661588816304183,0.15894170945979305,0.4599330902391547,0.3198283722961529,0.24112616648058632,0.10784636409010084,0.5957953716542954,0.043164630837964596,0.1870241903878067,-0.14621286109490172,-0.084666924488042,happy
0.08737949005908242,0.013098522961355566,0.289936004584516,0.21338699943564143,-0.11695855232655461,-0.32556366902340955,0.5108259657021466,0.11651833104211448,0.6201525277375266,0.23183895462829018,0.005460705331861743,0.2959224714190671,0.043789912749390994,0.06674011179737613,-0.2162901503802509,0.1299812640241063,0.20441695212753538,-0.23222407776999976,0.32186879488187486,-0.2770774961549632,-0.07279968736959391,-0.5319324797310816,-0.581338270528525,0.4556001974742884,0.3261566214667273,0.3022044218989378,-0.3604633019772949,0.1677167823085006,0.26113032909119216,0.21582419962382965,0.3022390855409829,0.020941395557581427,0.22184577595362312,-0.022742233221766495,0.163033259369889,0.3206080001864868,0.000517497493252389,0.08694096503470061,0.00338345413904996,0.06682862825850557,happy
0.29287664831412696,0.16988887574402148,0.2545808433680077,-0.16398750963521674,0.13694573950342448,0.45411969970983085,0.04645803183090405,0.15316434501444046,0.007823289564992869,0.5604305429110383,0.08241259193287362,-0.02645231489562759,0.26468595191527067,0.3371153613932272,0.13810463263339032,0.21470863950069594,-0.017389928121894035,-0.13431844859739067,-0.23456516542458922,-0.2630731212428023,-0.28526458273666333,-0.03288683214121069,-0.13057524950496496,-0.04866148891180454,0.12039743941638098,0.0007296398727503761,-0.2798327787298166,-0.08764065219338235,-0.1244193458182562,-0.2814343179221713,0.2526783209590868,-0.050382591012422207,-0.05984140134345639,-0.008524766076118961,0.4668468544767927,0.1487706553963546,0.443885332510512,0.1322336056189326,0.0007016694836011889,0.20277901518440816,happy
0.2106092260548393,0.13817446565769756,-0.10440544836005655,0.08001016815669865,-0.06898976777893312,0.18398320253993633,0.28325043176917464,0.6302234258389634,0.6011229967683696,0.3949381267002633,0.4321835826393561,0.21161150375391244,0.8012599284662367,0.4426074584773317,0.6740780562843187,0.063322404233232,0.03145920721755942,0.159220162063193,-0.07899921969101947,-0.060064599113130585,-0.3843949927691667,0.10858409427932489,-0.07005495401419926,0.13023685691990142,-0.08743353154893488,-0.4310403913006678,0.18580254458361561,0.39948417282477683,-0.16638202010887992,-0.04948545917987246,0.14976460658642984,0.18562098434162688,-0.16596578131157674,0.6976922708439384,0.4999138177311971,0.07083809680481329,-0.2599723310550612,0.2437251611554584,0.6038920274357977,0.2671729029516432,happy
0.34867855913662005,-0.12732953619269316,0.2111633819226718,-0.1822199141032521,0.7192596987734576,0.38941976333350536,-0.26770604338705645,-0.20337041349285195,0.366883393013811,0.2590024047269728,0.11488322853114945,0.30680239107612595,0.6096427187674143,0.15141140217339424,-0.43891754023301294,-0.0728397614176923,-0.4005732111740791,-0.30586782016034336,-0.04596883516467193,-0.18160264006583932,-0.4053079846068478,-0.13451180995071152,-0.30957727870979984,0.05864211954212031,-0.09483239912997588,0.10843722635802748,-0.008380203252925933,0.29330413594306265,0.11723050013147596,0.1876504027927854,0.08142450355390124,0.2805288384787195,-0.18686154189733922,0.923014659259755,0.07459285467081664,0.24698207894084637,0.07167098220065346,0.028472164467854208,0.20584413224475048,-0.07034737120587911,happy
-0.04975650153820585,-0.23945460124297552,-0.08084919652219957,-0.10261571376893669,0.6719778838484181,-0.0895905774492936,-0.012946480101634877,0.3035224428883209,0.6006988784142546,-0.20213738924600094,-0.19794039241629507,0.1806762967041888,0.1886364290465285,-0.2974751583699177,-0.4418032802150041,-0.27699439961319905,0.11028992228087287,-0.11936000960305868,0.05523334199293198,-0.16941763731713239,-0.15100035435286993,0.02216837538807695,-0.13859182519065671,-0.018087177813058186,-0.2653484471480614,-0.14242313477387922,0.17250052758910062,0.043199235691259996,-0.03866337695075693,0.3522149132564604,0.35637959525062507,0.24031201656042345,0.06388106932145007,0.4777587017464126,0.8661815048576291,0.0140274671140046,-0.19782276006822874,-0.0471513612098927,-0.13067693167192915,-0.26139004409566274,happy
-0.24101650351486764,0.3143358222799756,0.36230550223762314,0.557155679007472,0.4055914500956176,0.12195794529907422,0.5239449079394662,0.09987597430803483,0.15432162603043226,-0.0745402570084214,0.4932949451365222,0.39950001220367093,-0.01413200757538581,-0.02381245375633216,0.014732845639948255,0.010984399252705897,0.13214369709654147,-0.09443984410390341,-0.0333684247931125,-0.5200685291150631,-0.22050531785369815,-0.5818674114119267,0.3343041748618021,0.2693098871417783,0.13909081294910947,0.2829451340852557,0.5539665000272088,0.3356398235427872,-0.2521055977079729,0.13387397304306609,-0.37102874895266325,0.036143212434269045,-0.059767110408748714,0.2489603508437801,0.3367943223649449,-0.01502156842527197,0.1141217019640925,0.2149417008486587,0.060710788506362814,0.007333259084360486,happy
-0.5490420922403698,-0.010582510371794807,0.3426962762557444,0.24878662686620542,-0.15444673587634772,0.17034362748034265,0.3164804424071133,0.006430836125435574,0.4068806700204854,0.015519776272723829,0.10108302469014636,0.11683789684625673,0.6555263318919573,-0.029120498980473294,-0.13961026058034812,0.13697661117599041,-0.19943893095694837,-0.06535232124201307,-0.6994527634048429,-0.07316607336186104,-0.1525325806742442,-0.4586978539076591,0.22539771956043692,-0.14144155947411513,-0.09113000616963146,-0.32556138635369175,-0.35558013384309395,-0.043473281462628396,-0.2370234134973821,0.3058747562475543,0.43247637481156725,0.0789179536846156,-0.15313251907789954,0.15057511888080827,-0.02758326216318066,0.256736322086213,0.22796978602843387,0.03674451517514196,0.11650081278815688,0.31040781841716003,happy
0.47611143776073966,-0.03240952197163867,0.3236317398545691,0.12329300773076834,-0.04967206092567206,0.557435649301406,0.3466523396145761,0.28360811229807226,0.32553625198822234,0.17381602856897638,-0.08075273955415627,0.5865929216843684,0.3225175821797113,0.11556259241770055,0.24320870204074715,0.27816773525871796,-0.13285146906836354,0.03185995142329057,-0.21839397663697585,0.01225319392089766,-0.21243721975394186,0.4711548350641212,-0.20422490515522773,0.04595251658736216,0.07247691485548156,-0.08191571696440283,0.28368535277506685,0.07660920395970443,0.039590385745357795,0.18261261887290786,0.026514797319291183,0.53574086172017,0.4044209497722082,0.4936374962255519,-0.10110589198983946,0.2818883006030542,-0.009971938649270318,0.16413356053081618,0.4159404301330913,0.11382825405098862,happy
0.005701205369405431,0.37745980673175233,0.3952429142320996,0.6442934113516472,-0.25093625008291887,0.31846062759535376,0.14405638241412821,0.02956219678660768,0.26543197888207154,-0.07638438709235038,-0.37609605919682737,-0.08302021245142843,0.03220135748625777,0.5162520783007913,-0.17855895985241207,-0.33544291229714873,-0.5773267798815873,-0.20284041583185874,-0.19736420353891726,-0.11181948344836798,-0.5103754408403731,-0.327869361194797,-0.6817648322538772,-0.04093335299625235,-0.4355905947860896,-0.6848721966981268,0.3397401792497816,0.22384431001271307,0.2304608890298492,0.2699469496671885,-0.04452712661570135,0.5051183818702546,-0.013771757916953398,0.7261654720782058,0.2932282064775346,-0.24673205846847474,0.3996239883210479,0.6360241572349059,0.03404109845351459,0.3164287153681547,happy
-0.003138539528697179,-0.059204235673718006,-0.5026019541353695,0.4916474235549913,0.10326221815512117,0.33199970170000465,-0.03488858242147472,0.02138869581145819,0.516460685885729,0.11809799609697695,0.0824498111959824,-0.17207768096121445,0.1505695560731468,0.2450038016912056,-0.11275595525140694,-0.08951924444975037,-0.3875921297734562,0.23668057050407754,-0.29128240717385995,-0.18693971149827632,0.27352104056245485,-0.1930882189375973,-0.5024622078747085,-0.31380232791320334,-0.13198454120323114,0.4495569171519606,0.10704342859636481,0.04259812852561888,0.35191569515951243,0.5108842926257884,0.025788594485024907,0.598093115379591,0.4655585739770694,0.3629153366754578,-0.3548997987982155,0.26573378192491603,0.5346161999355874,0.07627434901041104,0.6801999430458687,0.07078498476144442,happy
-0.20306729991280426,0.24941878796847294,0.21943822489055295,0.3947152770241909,0.16145679064950175,0.5674514311121566,0.11167503264939982,0.28469684420065067,-0.07367482250758814,0.016501598958605035,0.2370358042283873,-0.01907615883716139,-0.01202005239744898,0.001398846626303206,0.06939202232343444,0.15369989870588976,0.11455325935767263,0.14712083947922888,-0.08155632681171082,-0.2821290047306599,-0.544592925589829,-0.22075075414170453,-0.31143370120157793,-0.536759500116686,0.3770070096212885,-0.4580144935000579,0.14399539760071817,0.24233089000287178,0.08799492559590136,0.8403073872751987,0.22413543749129636,0.047700208035241,0.6979056316399366,0.050651560144224506,-0.12154293268669616,-0.035267293417372,0.024619399996478525,0.1588625314258696,0.1876245670348829,-0.3305555883614767,happy
0.14295678828524372,0.6674757956943882,-0.03349673751413597,0.15365238620465826,0.395152111611292,0.5465940115991499,0.08376364333830572,0.009145871440262993,-0.01420362076718093,0.49685601591526657,0.4151866414753786,-0.40132169320300803,-0.44005422483883977,-0.25928341946524547,-0.37381415298363607,0.06525345931771903,-0.022498552262448845,0.386719635618121,0.06886145462619095,-0.11315074412557202,0.1552854466525901,-0.3588751479192323,-0.4647006267865205,-0.06981004864334361,0.19976090653886466,-0.40426714261649593,0.2815164730956299,0.32041386720102044,0.020316071397660188,0.23006379096022428,0.14958510320577667,0.26210567464986484,0.45799020411418595,0.04911695632102364,0.5054867975318631,0.440039542674499,0.4174710480151595,-0.3526724209031748,-0.3703736528670541,0.23020971241359717,happy
-0.0943861685666798,-0.0730365882449826,-0.046714044644462036,-0.15373730944662356,0.14621540742340688,0.05795050558763348,0.0864517740529406,0.3745335859181815,-0.05885725963413277,0.5046166317299183,-0.3776231018964527,0.7842626264685411,-0.24332506898516276,0.20248628533421048,0.23842162661598115,-0.039612009123022,0.11086949779383212,-0.1377854407556221,-0.5805481261414651,-0.056583793648480374,0.14669134572333337,-0.2729587060732314,-0.5419915374285356,-0.2315368040427978,0.04402568466078191,0.08322210199551615,0.33542092691582376,0.24405248533338786,0.27624378442025316,-0.3224975564612696,0.7859215717042072,0.25383135961626885,0.4724701155803175,0.1647328294010415,0.20274126499479672,0.2341947365429,0.5881684891125205,0.5336586994433392,0.25990770734037905,0.5603497632542378,happy
-0.04578181465775023,0.23473659138709824,0.03183298749242662,0.5177925969187285,0.229179157762294,0.491708692121604,0.6934012656910966,-0.2742160714246334,0.7961627775555333,0.30172467388647095,0.10716085488972674,-0.3398816414345826,0.026717974840668027,-0.5307454144302166,0.03087011102635731,-0.08008292591937091,0.3893242256208322,-0.19168993843163723,0.1434036423503453,0.15591815563060749,0.3853091735028893,-0.19357605514203619,0.08670736881443705,-0.46416622142432645,-0.3195095582029537,-0.060717193388179796,0.051156636272188465,-0.20574140023469056,0.04470967159509634,0.3692829578991131,0.1052167699196769,0.2048974280758378,0.028269352421056965,0.6099330498391058,0.7003129699133026,0.2748840216433224,0.16118515014935209,0.5773596488528461,0.22849977911743768,-0.11347385088335404,happy
-0.25738962431856593,0.0005311663051453669,0.7707926941547084,0.10086013133874758,1.0208838696002085,0.28769431458061695,0.2200380460484868,0.5825363882710229,0.13255694296100579,0.23356624137506157,-0.19403675791637628,-0.30879573386023407,-0.23309517205022776,-0.02735858617658693,-0.27755916682381065,-0.6131984519818309,0.030285618218313395,-0.09757961125812639,-0.0756809333099244,-0.10033263243274615,-0.45647286665577247,0.5895951448741237,0.11014249147322959,0.40501510062591684,0.6449334015467382,0.5748014093349219,0.3143751239557738,0.22427484483682852,0.24629294808475274,0.33813215522034545,0.1900706846979649,-0.13215460987728725,0.04998569555757648,-0.0006327895693052088,0.06790041362822669,-0.050009678166397675,0.2764071395650606,0.02105484414660784,0.2542048579277049,0.10077648868308023,sad
-0.057770773109353246,-0.08979777501296907,0.16896194571528764,0.3917024813349397,0.6069606318502048,0.26648397771746135,0.14330192242212889,0.11420669663045058,0.5276429670697506,0.1647531997717628,-0.05478689553250479,0.20117510180799084,-0.38173046574458835,-0.053576993771293185,-0.11722048594237106,-0.14323700766694414,-0.3869173752482452,0.19729049971381443,0.4283013734693456,-0.28187007308882506,0.15265058715947044,0.34817080328238204,0.8129880904007267,0.1637450285060696,0.045185065653671114,0.2846574157640372,0.7793564034165247,0.24030841000257278,0.23613515167298083,0.5610498619047045,-0.5054747424266578,-0.5724590800918193,0.1675972300850705,0.10150681112143586,-0.4653283031769555,0.030528240648852872,-0.06411597621158052,0.025473288501241115,-0.17960262013863768,-0.026236713974650078,sad
-0.1348709220158629,0.16635942616390825,0.15083723633564428,0.6858657314736202,0.44305004022438976,-0.11365583150300196,0.3835388583411721,0.6120186561796278,0.2690306845467417,0.41625846079303563,0.06511462070042623,0.1922073559172853,-0.2823548314653468,0.11837464843846457,-0.45939162839193337,0.22269587769636692,-0.4786694194710931,-0.5965251983661509,0.13301181169695625,0.013654572508942642,0.15127270190944536,0.29255025341663166,0.22723661686939986,0.04379941203592083,0.3426564644931841,0.3750177433362094,0.38949616322135494,0.7318697038909796,-0.02005233693299123,0.12328906941578521,0.18564351328982737,-0.13151491007644503,-0.37220868698364407,-0.24250147209539544,0.16304752976838358,-0.17119815844779626,0.08228454010331654,-0.21843718332731235,0.14102778679125388,-0.08324668722490519,sad
-0.12600771319277332,0.18212884358443765,0.22349134671438547,0.6324259342089543,-0.13444935077517273,0.42032602686092846,0.690252208263469,0.594096002007254,0.09845357496251726,-0.03689667332551971,-0.053013078054689966,0.08872938143988374,0.005918547635825749,0.006411808986170414,0.04751630321494113,-0.3829173118514354,-0.37994027547459186,-0.3687775561332943,-0.34712904322180715,0.03245983573238534,0.20191666468279346,0.8322460974368642,0.37100834026041407,0.275056803252198,0.652421137523533,0.09764192296125673,0.3502530503514001,0.4723088564262854,0.3700628632858465,0.20964823249528336,-0.04729755584258846,-0.3352914948123671,-0.10423679241368308,-0.24969746021581893,0.06678877529860339,-0.13707221184272164,0.06940360788705255,-0.44271030493169194,0.2761257430902794,-0.1285580567780027,sad
-0.3104975525636663,-0.19948373754071894,0.04912551233553049,0.542602017072029,0.464943690323219,-0.01098298813769194,0.2991758728844539,0.2179971313086061,-0.20499078627628717,-0.11611075570461166,-0.44832338263572036,-0.211357012876751,-0.7219060543610483,-0.28706781303721995,-0.34587670745573706,-0.3127975295851284,-0.3016876046642367,0.24204042144089452,-0.09219718615019853,0.11970638119966452,0.31544623970132496,0.4136346257337915,0.40847269545904874,0.12885638524820958,0.0074771357235521585,0.08662793636498961,0.142168863565833,0.22386962200135288,0.14639670949955963,0.3866774746119982,0.015717508914967288,0.4419863905741098,0.19870973579396553,-0.2204090689596321,0.11039576138105242,-0.8379157346135294,0.2779205845420748,0.07515227323613442,0.12826159029571865,-0.34088596609566646,sad
0.7348953549239997,0.08817922353638939,0.17344435705640746,0.5425234853086145,0.23245446718067653,0.07215106419812328,0.44539368063285323,-0.014470393195122472,0.3868077193245212,0.17300549768588042,0.36209778051214614,-0.29817544611340174,0.2758303153053793,-0.008134416145048604,0.3988220159010799,-0.27517858509861126,0.38409842805364813,0.12563659763376597,0.1987678474276425,-0.12813008015540006,0.264765913769315,0.354195294792955,0.021742883583666273,-0.025197311147690776,0.09084278793711953,0.6598211602176184,0.3032069516191199,0.4620982101294143,0.24224465107092494,0.1357923762656714,0.0988830923271744,-0.1219534286810616,0.24720098793288184,-0.05278355203331739,-0.0523879928280194,-0.4560149387776061,0.004340500740097508,-0.20279275659496362,-0.10146335873211162,0.35495593796872604,sad
-0.18923784168417215,0.10216478574851452,0.37080219559481786,0.5489731904612118,0.149539983242948,0.3714303333389426,0.3499871575467609,-0.04369347863638315,-0.3501435204265084,-0.3549055948153709,0.2271177197225612,0.03768661676037638,-0.3852277351946385,-0.24687299777935454,-0.20827247091145082,-0.2001531960951131,-0.09856178890500131,0.5095884168831027,-0.20288965186942395,0.0943515077302311,-0.07483485369745885,0.022151825855860632,0.009113200753139816,0.21161301323625265,0.1471106505026842,0.3750062138299822,0.3173827184103609,-0.005732476090601013,0.6580885348126853,-0.19285678338361076,0.13276883954102586,0.536903543464031,-0.247319625418527,0.2414779020080466,0.2525747689832024,-0.015813039898603734,-0.546979467070258,0.332445828435859,0.05007123770655742,-0.04992804005856005,sad
0.41577111968431146,-0.032003762891301316,0.4818956915502214,0.11432785020224118,0.41878404230073873,0.014694332509810892,0.175641694739694,0.010815667446331806,0.014881254367068969,0.18535094351292533,0.03001183810373234,0.059426409538562604,0.2847415161620584,-0.112701913568963,-0.5811765715646029,-0.18232931343627987,-0.07045926708055292,0.20562804820853933,0.2608020460972075,0.30035745134511793,0.06376226832455006,0.3475121646317446,-0.13429526285357402,0.6005363742343581,0.40023086563735566,0.4154053641959292,0.16618928224556495,0.23666898195927405,-0.002578996927935992,0.2505389106846154,-0.2972119902293415,0.23097177014539017,0.0737614308575835,0.41991262428325593,-0.11986709287446659,-0.12600650991307533,-0.02537226322068764,-0.02091205656073583,-0.0008771823238049314,-0.19174952815677573,sad
-0.19246576841631377,0.008522373072448533,0.1358039133289594,-0.04852875552959182,-0.014475380615573241,0.217227928477447,0.4661812533765133,0.19606426578198285,0.3699277549009663,0.3859862461916177,0.2699492038834934,-0.09605404884795157,-0.14601754562401167,-0.5593531435728345,-0.2804938939347722,0.010895198508815263,-0.3684317966102272,0.2913138274544247,0.3630579741601897,-0.03633163557929067,0.35749360302569433,-0.17898315827099473,-0.03354735920718099,0.17558532647381064,0.29073735824616426,0.2384655458804782,0.043028594856204916,0.7245282068203798,0.24270441868899603,0.1792025999677556,0.21599968601967315,0.027897579013344866,-0.12396425453142007,-0.239118467767285,-0.5278599333425195,0.27935585288270337,-0.3097237287003972,-0.454742209198003,-0.17955872888190724,-0.3189759792592164,sad
0.5989938561083482,0.24653610883422697,0.5697425221831471,0.6257979982702783,0.427227635311188,0.43603180235756045,0.09254588053888727,0.22342318039224052,0.042703809784068264,0.14875174700661759,-0.10460228634531646,0.3348897294911679,0.15244873828310113,-0.1103635716874751,-0.5324215570790014,0.06619981778018935,0.13497025203194934,-0.07166645788218307,-0.3246939627660228,0.16828986244111355,0.3901126268074031,-0.30618370581927346,0.37872938385383703,-0.19248243232852577,0.30867438219056187,0.7314986516446557,0.2866077225812647,0.3451008974974187,0.08638159928372635,0.10437811491002098,0.6414513843283917,0.32324621729356495,-0.14504982831716293,-0.1941374066591479,-0.10520253768228052,0.45731702048597156,-0.021347969723210347,0.2534898882633344,-0.06614406116730434,-0.23438841830386484,sad
0.42747896860865353,0.13387902826705028,0.01034728677806225,0.07808982615124457,0.11108438297475778,0.1352195056788626,-0.11535536191373386,0.5509170984740781,0.29426833435656496,0.3862315552060209,-0.01373187843543651,0.09994558032117089,-8.111393942958345e-05,0.21585601434709353,0.10151213541251952,-0.01725568540441931,-0.2559745449291646,-0.36002407586197993,-0.20649956756956836,-0.10337615776178055,-0.015025432028774294,-0.13167895209644978,0.6567067208542041,0.3393202926369827,-0.22435841880137994,0.00818933073449779,-0.07764844137089208,0.2832876567103815,0.4395750311122364,-0.14467481673952917,0.1995045412851098,-0.08712562412846722,0.2271799074631812,0.2500083345840435,-0.030804448177419425,0.08034903309476574,-0.07536811365969379,-0.12503387460728901,-0.2686822899558967,0.17303482091698466,sad
0.07217201503473579,0.05587284462258767,0.19078275690760485,0.2075416321860016,0.01868147719631502,0.15586552019544359,0.5667833407603993,0.1857999605954366,0.550957588729167,-0.15470268614855442,-0.26949992766326003,0.04390689661487968,0.15407600009522124,-0.2495596850114434,0.052498982467852146,0.12802082522549066,0.18127696869553797,-0.08236498570496154,-0.01597488759723875,-0.3603148259747877,0.12790498378877896,0.2540532607607575,0.5921135672508308,-0.05130661727860844,0.0741872999780675,0.03237529335727718,0.4906527278732229,-0.4177300443333686,-0.10560873289913733,0.6278603404213465,0.20829533048540855,-0.35319284795549777,-0.08008637091220341,0.11712929695563834,0.02946274610297428,-0.1580981818367383,-0.2750118788823718,0.18033145923930638,0.02506167241188939,0.29474492937047747,sad
0.19047766564152377,0.035349918774509645,0.5745693610661081,0.12853954534282822,0.391021237277548,0.12997499902535803,0.21880620914218343,0.18182788899641678,0.029849402719477308,0.19794747343743518,0.40485366316420857,0.4812044134648884,0.3199422439938947,-0.12670547424463244,0.2619466583848177,-0.002745462996899317,0.36297530586581417,-0.37207053435808535,0.3711900599201382,-0.09310154115748415,0.41410199312498897,0.0653904083531734,0.46449579118413264,0.19970300762521298,-0.1855118577306694,0.04187876738649729,0.20246884228006606,0.22873013446561236,-0.39612294210181853,-0.19593443704230215,-0.14216246897292587,-0.07021328698198159,-0.009257811033144492,-0.3038564905345895,-0.4921674674344315,-0.025852600406264123,-0.15822026523236804,0.19363674181713686,-0.10578549899108261,0.2525479313056576,sad
-0.13431976130170484,0.2209009088237759,0.23288211027181052,0.36790253462107314,0.046943710039945824,0.25921597055739787,0.06339261713050734,0.2045162420062614,0.3535984144818106,0.8894478130650176,0.0827963538912777,0.1916966721690131,-0.01404831641924248,0.20245585338276764,0.010544073197730222,0.15465740597621794,-0.0010063882616368897,0.5499987365190265,0.34397644217368095,-0.37009862634586344,0.19788652884891755,0.20303856984925744,-0.3200650686921199,0.05463155456640875,0.17328928956996636,0.1018314378075171,0.29641909816782436,-0.22785900620923574,0.35679968708598864,0.3015895640687076,0.13163870642702105,-0.09892903640529058,-0.06280932801424002,-0.2129346647508005,0.17893905214528602,0.025970429000715195,0.42731587651947833,-0.1213954557928539,0.392290500173888,-0.053597701176543916,sad
0.048365489561528974,-0.10758334194526956,0.34294702278004463,0.24096236602894333,0.4394177955725145,0.6654803131257119,0.2643508232214878,0.34178764629127867,0.424104930047447,0.1245364501593549,-0.06202421876283329,0.10282748975451678,0.08525329729204656,0.11414422043265307,0.1044909901434066,-0.274700530124631,0.022536285930870578,0.25627871304715,-0.11772010503307304,0.15063403593475433,-0.03153798988196174,0.22655467063321097,0.671474299411017,0.31583523053147855,0.04803849826988407,0.37435887560298897,0.31901734660126424,0.5041942413067799,-0.17393497303141278,-0.12183352252787413,0.024387472801020077,-0.40457467243449086,0.2217734454553262,-0.6028571896917947,-0.3162115925672315,-0.4705534137015569,-0.23713119920672346,0.1725347604105446,0.17953234992443032,0.3240641961885904,sad
0.24312270604507272,-0.354274775449003,0.2876204993838032,-0.20621244726099117,0.15785898167643653,0.19334259417942073,0.14258581927037767,0.3700650041942194,-0.0040251256702725224,0.5738028650239749,0.22575434063304006,0.3094985102290889,0.149416845273103,0.14256749295084034,-0.11460298565422358,0.3856623329261313,-0.3524805607230237,0.06339604693739637,8.735873127638238e-05,0.0038804918188508897,0.20385502635041336,-0.0028438705955741855,0.45406105977627786,0.4695090045424474,0.31508480650690635,0.4728831226597249,0.005013426423706363,-0.2284775851823577,0.025150630917059755,0.04887539917203249,0.6687634137940389,-0.07194188394508802,0.1958070949639417,0.11698161320034833,0.42090505309036386,-0.07072880634159415,0.0913518704007941,-0.07645154765120449,-0.18774181513907415,-0.15946010692007764,sad
-0.10413508452324025,0.5133770644971632,0.28389036789686406,0.21827472007671345,0.28876133968146683,0.15077942278952702,0.2708397995007322,0.23710716557978534,0.3623939910644418,0.3683709109579091,-0.3333666226411611,0.07205180169252057,0.30406189604931383,-0.33652672302306896,-0.1662812492507826,-0.06395357459097775,0.1873076983223014,0.09751362748274503,-0.05539326195497152,0.1856138782485871,0.3840943371317346,0.2831367191137206,0.7019974231428412,0.37911910457853937,0.028191102248293548,0.09228553455874836,0.23220278144405537,0.17342584145161777,0.326547235636788,0.1974333168615238,0.4741457507540825,0.18901173774643296,0.3096980756483404,-0.2851097361965058,-0.2138382745470985,0.0722760686453486,-0.04846569501740247,0.13006533569315648,0.09256856054747448,-0.06201177043987349,sad
0.5196536575636949,0.4425068562505804,-0.17529245150220094,0.10380708078770101,0.2914483335573398,0.463538621566546,0.26272331275120414,-0.09203929752411696,0.40861789356942435,0.0898900487799914,0.37878131048906494,0.09137908186384461,0.21201424381460005,0.12996510415896909,0.11918282845026865,-0.2313199709153285,0.17100072105429173,0.0012922229733443868,-0.31009497585969037,-0.03600618191995225,0.04251132674285376,0.3049796175855417,0.4103660448909182,-0.0029155806671739837,0.47476238495238565,0.2748895828000976,0.004569672386254636,0.4360994585109722,-0.016375889434018562,-0.18644582197867257,0.23658320815809422,0.21332736082083784,-0.22399152246891527,0.17262364176824083,0.1462209226986059,-0.22570259571956072,0.4300885373559673,-0.038731884015560575,0.08898667837600355,-0.49940883932073754,sad
0.2549359566504344,0.005063747765662999,0.32647141644686184,-0.1658270066576001,0.5772086383675372,0.659918559987878,0.7551468795911281,-0.4853662184427693,0.35038695543452536,0.23091360829007554,-0.6729513434259113,-0.16377082217135278,-0.056269393380919214,0.27941848668871505,-0.3060496368252329,-0.049126405860936334,-0.09677641081135077,0.04535820980582199,-0.09378706543246759,0.2893458261261249,0.3734534534545114,-0.1477903157568182,0.5230249767354785,0.09336255087903564,0.2293920711754731,0.5760980104845164,0.2974195826119691,0.37599177291581454,0.3752579604344003,0.26570894233573905,-0.08177774303398702,-0.24385246870272945,0.11580360885393795,0.10300361641194025,-0.009676999197540684,-0.13809094937938313,0.1504735397496373,-0.025345745573082418,-0.303282084595511,0.17182952346359637,sad
0.22758764004256718,0.3583998222020901,-0.0002757787720800292,0.07962919933970902,0.3773584903147329,0.1910648783743029,0.2731840584844877,0.49196671454527885,0.3083623094595981,0.6063618585681968,0.16023581794375763,0.4520270583335215,0.23716918918541835,0.5661791032467901,-0.08642176938097293,-0.11398940954598888,0.2508997156783399,-0.1658997374362773,-0.101393552896033,0.13684617952523703,0.23362607586192272,-0.14812481446923384,0.31614098982674044,0.2123484964485996,0.3010198171548357,0.3492147279595673,0.23545804024300984,0.5095838609495597,0.30998424765909693,0.08030075170366648,0.08219359652979932,0.26305128324398674,0.15219095633197816,0.2400377051964018,-0.12165592563600819,-0.04513576333648675,0.44859993581983726,-0.01622346466741431,0.4679081218405826,0.32356553045321335,sad
0.007446939158356078,-0.16989722066324728,0.3923509666170749,0.10406063087412654,0.13078646732240276,-0.11517930930303183,0.596685614749175,0.2954695150152052,0.22842616492468076,0.2611978467459976,0.1597571508176749,0.06079155209681964,0.11130922298980411,-0.1259057074339425,-0.7211593483059345,0.10062623801254253,0.04079809365089293,-0.022480781382629392,0.41749891903468406,-0.26256432286511133,-0.57044678246219,0.5784792307719988,0.3632252811924175,-0.11108370882933014,0.21347073993387994,0.4658456294760833,-0.011894154691586528,0.3865302971906298,0.7203230034542603,0.47727830568163243,0.06061087129394367,0.08944053860481335,-0.2741674519775591,-0.03804509464985653,-0.16615350073698468,-0.322720794851567,-0.38181646495077237,0.47516827479002777,0.07419143318025108,-0.13762614140326013,sad
0.011517611400599204,0.5485699385067802,0.63846673597852,0.12806367090557186,0.3566696977691117,0.5370115770414643,0.21700640200326465,-0.020850968918935647,-0.019176013737557285,0.16645638911477767,-0.09184400806363605,-0.28410374983741205,-0.07534314935110326,0.17387587332401708,0.0892627962369805,-0.13955601242988108,0.4085225733169927,-0.22358241217924366,0.003981422912103225,-0.25536748885389626,0.34067683953804584,0.17740140231818877,-0.1577584718774056,0.09058536351802424,0.7596378996900245,0.49042401708057015,0.3158727602895455,0.4622114653925332,-0.20306127499319612,-0.07424719872921973,-0.2620655455440375,-0.19746471448565503,-0.13515471280280764,0.058980350762775774,0.16458857627111126,0.16529007835439963,0.6160480267909135,-0.1282743574067176,0.04619289044329069,0.24036642586813953,sad
-0.09139508457387291,0.10606853967413202,0.3355159307750675,0.05939574749160306,0.42264799965419264,0.6175679085271489,0.023847861928494585,-0.29838231159605,0.240974699588179,-0.09712605574427546,0.1400619228468965,-0.07679930283819972,0.05580157617957196,0.22052151464546718,0.11965317795288272,-0.17470775628979815,-0.3583952614438308,-0.6483973705388019,-0.5203787946503106,-0.11783793861950104,0.16731409638940753,0.03580470376681118,0.10628394612334785,-0.10645833118113565,-0.10218706135012853,-0.12394024799326281,0.4346843948946405,-0.25228759730996675,0.3520581823570712,-0.10319740706154437,0.1891970749493414,0.05558102882727582,0.134548467513783,0.20939237925703377,-0.29372312813981394,-0.33336537294349955,-0.17454040525669043,-0.2138978411162907,0.19802367450573105,0.06837608797560568,sad
0.09719054539153862,0.2620804607745807,0.09762824977229635,0.5317653666108373,-0.17065866924411718,0.35147150017774553,0.4043731552490222,0.05717803859491927,0.027402749825835654,0.3648309787741444,-0.003208438903252231,-0.4640100579627541,-0.3763274952629073,0.16862224520348632,-0.32363292767211416,0.21825496969450656,0.25069644713627404,-0.10342252654230766,0.1327953428859553,-0.14711099476869513,0.02224499546220826,0.009472290808039227,0.3808258194891756,-0.04832803955331125,0.2557189621686029,0.29805483434934704,0.39136269533004187,-0.30570195471113704,-0.2770776999279648,-0.1136186490943906,-0.014579779597620302,0.01651782771592314,-0.018497529317824793,0.40296595485111353,0.05118399469938087,0.04213086313604553,-0.19787797004779215,0.16245375924625888,0.19623562345049386,0.2543370230064801,sad
0.059475897652071806,0.30574379957543185,0.5864163852465661,0.0538686130883434,-0.2573989373419643,0.4906408441098459,0.45628514751632065,0.18445428710984058,0.08355862977342517,0.8196015859264076,-0.0447694560893733,-0.2945132558079384,-0.16456157353482334,0.03796251426754968,-0.2613148031347309,-0.20875575317398656,-0.018474326814457265,-0.16451528000019403,0.024879393793836024,0.04363821317781834,-0.14567391865372378,0.19680747305608656,-0.05807571384739707,0.4981130324976243,0.05280933435528157,0.22258808123833948,-0.19241586437560718,0.10739762986453535,-0.14617737841499726,0.4721966254304776,0.007573507103180943,0.10809404193716957,-0.5036490551162799,-0.4092947852618586,-0.1568041765742112,-0.4436776439500759,0.20370732583948156,-0.13520388300697392,0.058594836515260776,0.15987959390009426,sad
0.0474479213593667,0.3398006545205239,0.03783219737887815,0.33965282789143303,0.573047316821845,0.336841659380989,0.3021053452181458,0.1568087093461234,0.2053394530735951,0.2989324189647412,0.0073337667859358635,-0.41014897279390117,-0.00814969622133202,-0.1262410826862069,0.0038413230701052903,-0.10481576117706623,0.29173682376277577,-0.35737485580188033,-0.24865714290119076,0.21266128012360033,-0.13803254239213666,0.2569185322888887,0.2237781552801262,-0.21996310294488,0.4463568535612952,0.6169352410316049,0.3075487047269943,-0.12885921846708595,0.35563784859063385,-0.15692983519757972,0.005513893724090113,0.07788760353697337,-0.2636043755231653,-0.5202413148813251,-0.15188215522361445,-0.1199034258870591,-0.2916588714941607,-0.22915849064303864,0.2011566179497241,0.06033042928763063,sad
-0.03273432245417357,-0.00048349552177680277,0.243996834178873,0.26987896655760746,0.23206803422992944,-0.0585528197482163,0.1781799495373001,0.08321791671944234,0.20520583351615462,0.41247953869291243,0.2982420812668688,0.16043079245139855,-0.02355426436136923,-0.1704844209620884,-0.03222546347168952,-0.23303332968323634,-0.18225072459801014,-0.2679139055821519,-0.024618985001961635,0.030554313614542847,0.5627777992426608,0.3092029952283766,0.1337041170221937,0.45095051533857233,0.1648602632885788,0.5234371660683256,0.44398812044817193,0.9184094566823147,-0.10378739071781803,0.07959766503019383,0.005600137450622988,0.046603064567722605,0.09942875751724456,-0.3425103544667272,-0.29456772255493513,-0.037305912291953985,0.15180719597723868,-0.3109456832147679,-0.35819079479501426,0.3587995437656859,sad
0.2856814668416293,0.40802341351333105,-0.033859457424313164,0.1975907162443461,0.32845555439501706,0.3879794652653905,0.2395283353185125,0.22427461531562723,0.43303354979317843,0.02424641155453458,-0.06698959878432334,-0.10095970060631798,-0.1744918809290564,-0.06009795552473654,-0.164962927803141,-0.22293682005337448,0.2437605556817443,0.009937343523599096,-0.0927501694663955,0.3538315476087269,-0.01910254385342075,0.17406197274263707,0.20321285207404602,0.1239846779708684,0.18768210901968224,0.2976086743474995,-0.08980489942312833,0.12051681885544824,0.21979318995420713,0.16374613172157435,0.10504798856265378,0.5360207615829318,0.0860404915029857,-0.1399460926760823,-0.1475208965950388,-0.11129212078139092,0.020993795952289424,-0.10979170769387422,0.37871666438932183,-0.1827495046722216,sad
0.23226500844143663,0.26480053457643704,-0.07169807471483056,0.39591068192941425,0.40604983597784006,0.12835213725827144,0.8205180414731864,0.405624479379481,0.10950483488556474,0.01498995836187235,-0.11227005115552938,0.0642667244643948,-0.03689174913141008,-0.4284610786033347,-0.36267285091317436,-0.2877447452144829,-0.19565647181794407,-0.14946028604508652,-0.1709303413769285,0.2013069577018987,0.3386322444615152,0.19146242099993713,-0.29712414748464044,0.22412834343385615,0.41261403314259326,0.257498562292479,0.31866372621161526,0.2376818838560079,-0.19575338769328307,-0.5047966146823794,0.18037510201122403,-0.1503565166133174,0.02417569966505148,-0.17877521224771972,-0.15981535117487994,0.2136992652050641,-0.36873255059267507,-0.04218042731478086,-0.2426515168676536,0.09733049807729735,sad
0.1934149921955206,0.298379855028562,0.23621029168418778,-0.08281265171863753,0.33046308537327873,0.492144753940328,0.503563223977344,0.7437170075888323,0.3208011114703835,-0.11363176067074021,-0.05917964399723333,0.022159161430759425,0.1962898835773878,-0.3640552831796623,0.10124502261173124,0.036463849664160386,-0.30673983473462074,0.08044340490550916,-0.19388918277690823,0.047320649492658885,0.04057390697745684,0.229479785660377,-0.0553674376496357,0.3859257945797806,-0.23633521379335495,0.1799208441463001,0.11942423094160837,0.5870525466451614,0.28615984772339587,-0.019110013769140108,-0.17947395554319587,-0.018340956220168694,-0.22388024135338588,0.4237119477503596,-0.777823789992943,-0.09620703113283507,-0.6671735217494028,0.20647594950090448,-0.17351632197289565,0.46102653267137517,sad
-0.04888808001468434,0.4005757862050945,0.24884033500395353,0.5256075396116617,0.278026480014574,-0.4250660925919658,0.09569879478527019,-0.13426132131317756,0.4118992834842242,0.2559360097609954,0.06591234534576357,0.10996531215433214,-0.005307661307314485,-0.22822130216924338,0.34855202719425715,-0.0611579597319066,-0.14599846269052671,-0.4117226544199717,-0.1597969656887216,0.051348174282448235,0.07035494372150065,0.06041760492240551,0.21278894534897425,-0.005406389027762887,0.2810785779551819,-0.09064163468290698,0.04956748073872955,0.03792789702405541,0.3653934302292615,0.21281664963950475,0.05049609116947544,-0.29935191173521836,-0.16910747364876808,0.08369175156439043,0.1783021537142004,-0.4613988869979999,-0.18613931557394334,-0.013810129758028283,0.10052929838939213,0.08283121435555887,sad
0.23971518255134178,-0.19910534455126463,0.5710226309455155,-0.026216867375522562,0.28732458960108453,0.4052599229912909,0.5455317680722628,0.45131673044321563,0.3958232295221731,0.43337593775568106,0.029674941813799212,0.1819323610215171,0.3159545274175412,-0.2710567540481872,-0.44637740416362603,-0.355048529406251,0.23807157370343188,0.23412461839933144,-0.09510210096068458,0.1091896331743403,0.22803992649680704,0.4261433069551035,-0.22050890932273334,0.1311143560747436,0.22004883504509706,0.35558015710975666,0.2750513484266478,0.14102344859860605,0.23145760474221946,-0.5124476957199582,0.7692185277601427,0.17346481583164325,0.14050055550772755,-0.25931125171355185,-0.016206452562640167,0.38258496954116805,0.3540525054879322,-0.01730173083381975,-0.27435565754189495,0.12376538142730407,sad
0.013472111511692003,0.35196055172978147,-0.09997733309755177,0.20497441140920758,0.34195154743292666,0.17372915501801456,0.5244948691806813,-0.030926941965415428,-0.10260485391656918,0.0496790559872273,0.26785448581741395,-0.06518771205051924,-0.18842808611976922,0.10500387758196061,-0.05666059092321071,-0.23876434040940372,-0.0654240095749429,-0.11565759190449232,0.13847045309793934,0.08784488021518973,-0.07324008123038947,0.06435916900609943,0.1307571962757012,0.3551259315155908,0.37406902613285076,0.08273579974667855,0.21350011043141273,0.2921135072547649,0.42677658581141753,0.1616155960070256,0.5046338884140656,-0.015183454722512355,0.1065894734276471,-0.17952576010596863,-0.35231135092114585,-0.08108399206607367,0.03652946667436609,0.042858695632812346,0.05696575483813106,0.005962510619870215,sad
-0.11071845700170252,0.07684923247931369,0.3176926553639495,0.47873785607231156,-0.5099940514597034,0.43117010986217785,0.5315773955215914,0.5427795803089782,0.28385913665628815,0.2936427873537529,-0.03715566632088019,-0.014084339332084417,0.07883778803365843,-0.35026083093523774,-0.2999509439093776,-0.06597626405245485,-0.4148204168074895,-0.04627853396949155,-0.36304523555394863,0.09995150238889824,0.12412024213716455,0.043574738012518696,0.0038992083911531805,0.1445515030519042,-0.25272285277952833,0.18619267479654966,0.28686416858840885,0.5066100802564053,0.04182240767205171,0.0594733548269794,0.37035575244219243,0.39449940001602113,-0.18645619711955155,0.14933311382124098,0.16732550254289622,0.016827685308684434,-0.31567742808371946,-0.2605238222090718,0.1603002409566791,0.6444446910560047,sad
0.042350902324377056,0.524505205181998,0.6596902607861019,-0.04949927877694196,0.1337605854228558,0.6472433275574817,0.5063059604048605,0.3718294848057946,0.18943617536778962,0.28424171405540644,-0.0822615615218158,0.6072700809819804,-0.3238186710577994,-0.5189352190161162,-0.07495832063649838,0.23323390763053028,-0.2134154455735733,-0.07182891052529203,-0.25269424875461843,0.03544167607692712,-0.1265759630137986,-0.0623783884289055,-0.12397824944607344,0.1344034363404721,0.730772430997904,0.2672124904030041,0.3047350589839245,0.7543157511922809,0.011474049141828854,-0.13821925269088933,0.16272098348857233,-0.31735555693496964,0.01020316679465054,0.175838253649271,-0.3740674054095555,-0.23203203950097426,0.3284869575625148,-0.2894752061371799,-0.1417658276569666,0.1423319560667262,sad
0.009226778202892832,-0.056272374774229,0.5897089795586832,0.11001766595554607,0.356903312302829,0.18618986344305985,0.21692183755868497,-0.09005212364232054,0.41475265953431095,0.029665440124232542,0.3756398624858578,-0.2732118724864455,-0.1638502567370734,0.02694317913098236,-0.08438724825966895,-0.27129751843084227,-0.12834018292421176,-0.3711254260168022,0.005349267995916382,-0.5844933734911798,0.15874394718877544,0.5042777148319607,0.4442682894052832,0.47056166556008383,0.18262699128426024,0.39897153248305117,0.16152452512437956,0.1959008245768019,0.1393419006112603,-0.7087924351173386,0.2596231508991451,0.08769591915256358,0.13277706338979542,-0.33067366337694826,0.052087351002442106,0.008805379776512065,-0.6168637069303602,-0.45937453673009676,0.03431700889833192,-0.0747160226605259,sad
0.08105446162684343,-0.005570834600318916,0.5651602268796144,-0.2075056808789176,-0.05084268648616769,0.04991124822679749,-0.05652774122458121,0.10077705809171031,0.18454071729794813,-0.18971663082336718,0.1567982928158777,0.32273354041407565,0.2160224848030115,0.39504546839535615,0.16256019535342395,-0.12046238923775679,0.3336364183628182,0.11138916817482192,0.4443108403846585,0.0074984230047129286,-0.3879089031508356,-0.10180765710245873,0.2737051720726884,0.3992852867895197,0.23561443770834326,0.5235358375886711,-0.01678527327395854,0.050207429144102284,0.40328930090606685,0.11585604031515648,0.06267087481208253,0.319503934447136,0.19644903968542596,-0.2905988582280018,-0.06362307723306612,-0.5139840045734433,-0.07945317001962815,0.06215522029947246,-0.392429359720597,0.4641732906753586,sad
0.5696509778391436,0.27131897163198093,0.43147288058939415,0.6148743667203164,0.23943325783178407,0.5397240613527463,0.36878754578813777,-0.12412074467993209,-0.020874148886194904,0.0010833395544082303,0.3313457773915189,0.03520965736254257,0.19482941832335046,-0.19685504960973607,-0.413482880055296,0.3884889839443574,0.5653402916619359,0.038227292552802036,-0.050436454939463665,0.3441831337136243,-0.14417866536544968,0.1330902479532722,-0.11071412952400539,0.3873058007016206,0.34851999875875683,0.18958193633773107,0.10697288443775183,-0.14251178339857376,-0.030139823114695194,0.4027367035938382,-0.04227572499321278,0.28684161282417464,-0.2730951019763751,-0.11605986372932028,-0.21999078977611317,-0.16431688746761183,0.11127424159049559,-0.523915456146301,0.20548806896751604,0.2577290579896386,sad
0.09113680674737751,0.17226002688507427,0.1575355886105409,0.421766132830115,0.2966162626756701,0.08645837020638733,0.3141186288456045,0.47505779729416653,0.28656717119501296,0.14555038480089416,0.12376374666572078,-0.1069569683817432,-0.15279383555077491,-0.5355487774476049,-0.14947216541647362,0.12878107684213033,-0.1836910992875572,-0.271282279442863,0.21313096312187801,0.09794278251733549,0.15674974801954575,0.29675104053487866,0.402579248583925,0.2610448263690815,0.08952978009502102,0.7040902974289672,0.27741767817643703,0.03806004927332382,0.21342447105493711,0.3925197357436302,-0.2965207977609414,0.2976528952728509,-0.09672072098540371,0.3816253067017237,0.05058903025619049,-0.1266093420497746,0.22640775567795654,0.27527368715049294,-0.05637601512708049,0.14667259547406697,sad
-0.032488377793218226,0.37376474984462194,-0.12521104222373605,0.21331576296696905,-0.2262105028875738,0.43172607247428685,-0.25438621470590583,-0.006856003993004373,0.2610317940945832,0.05464404654916209,-0.031169499977070955,-0.2182005662805939,-0.15329160606377437,-0.5007081666426204,-0.028026610060827753,0.08463005101117116,0.09226150231249358,-0.06205905034475537,0.28969830840491184,0.16935786076934764,0.3515098650957117,0.2776957446692415,0.24326020979153987,0.09064826621568955,-0.3379050950851372,0.4405812627957847,0.2368801532269854,0.6972222574242063,-0.30296051853749884,0.3077078134440008,-0.18285283607865985,-0.016625003170192318,-0.2746965120559617,-0.012737801318071187,-0.11590963338304702,0.10791357194145615,-0.0385345471087625,0.08492859960689579,0.3317545417387997,0.2146180541381406,sad
0.05940150237308416,0.44967328961564657,0.1845743459479784,0.3530987385568738,0.20703404364700873,0.13345670992770486,-0.43604300766883985,0.4117898644049488,-0.07608555486933902,0.3142148030711288,0.5047642955775796,-0.30040297863702914,0.1678625846909529,-0.10460467081030697,0.003818953837672376,-0.391219497697623,-0.08178413583830302,-0.015265752147881714,0.3390907114730236,0.5697297892002365,0.198885373605204,0.0982208628883707,0.7639713688285629,0.24766157123163726,0.2774437020323885,0.3124497240712804,0.37632466187778135,0.39394559315433453,0.03417433050107628,0.08250970665906507,0.491876843747696,0.36692097889166475,0.043870083799898055,-0.02896229751763807,-0.16155520199193005,0.1448622900433078,-0.1939547840322086,0.0026366828947524817,-0.07849289172588783,-0.05487536823372524,sad
0.10272987530867493,0.15804539784600558,0.07606879913867175,0.24287025557976571,0.3019410036896165,0.18205322195505985,0.1251419032219054,0.21602899704385797,0.3674118233141639,0.40481747170149196,0.12197316463096239,-0.0486402646232281,-0.04585769627870942,0.3749107029166179,0.11539394579401571,-0.3306137125744788,-0.09905986486863563,-0.17609530680860394,-0.08551215473542223,-0.3382009465142456,0.1327812767925372,-0.13555829772224084,0.09852327388288543,0.6354422463762303,0.5301627377279867,0.08364268227686986,0.021711947120486547,0.010165001349815989,-0.275523492580959,-0.12283744952385636,-0.017768692762368976,-0.26154036616077037,0.11914538946728429,-0.10487867570232867,-0.23189208095805017,0.31839424969934094,0.09831390406817786,-0.009044258226069884,0.47082916128010643,0.40707819953168844,sad
-0.07330639314209653,0.23481311056251347,0.11046044963661816,-0.08276116887118509,0.7385113147946253,0.6516104681649008,-0.021001638834186154,0.3666636326082262,-0.18955481569181235,0.39829762262017143,0.06586170598075251,-0.05315039398277893,0.2618329119736135,-0.0762662490307946,-0.16311942787299902,0.11389206664321228,-0.15838332678038333,0.1587004268251423,0.002214825404019849,0.2598278418202765,0.27656464925969204,0.37644113986310057,-0.0015616266364178732,0.7251133604456669,0.25464593274626907,0.7118377706604286,0.12530674754514834,0.1620132486641517,0.11030178798483663,0.3876814665165793,-0.05524253526476719,0.08759946257184152,-0.43547624761465087,-0.20704038746349537,-0.05134201978518485,-0.12320950728200197,-0.5189797477905486,0.09469211454076727,-0.20016896439839296,0.5600011462483903,sad
0.0490277928803572,0.7004665441631631,0.37446379011311715,0.3700234656637523,0.17166111307275583,0.2665878423287207,0.39069212979767476,-0.2183329388517313,0.44101577087215815,-0.13883506544839458,0.016606490559301162,-0.6413632744226629,0.0715588453898699,0.10125516835278697,-0.032958793578980086,-0.026160494950173585,-0.17546887425439237,-0.012855187511968902,0.2929794668498872,-0.03995575745154495,0.24783017223146347,0.36294272277002315,0.1823199578525465,0.33270896141459044,0.3459214058047806,0.17117220934692345,0.8548037726703451,0.1227247173000342,0.5860825310040025,0.3688838564826743,-0.444479863812977,0.04838909859474125,0.1887874993561479,0.1045793014077619,-0.3236415410233454,-0.034974701980097445,-0.35984222795805354,-0.27689704785331826,-0.026765144899680793,0.14002735060958715,sad
0.4827985433668819,0.24433636048922674,0.4709799888911528,-0.03145512359213845,0.006607370066045948,0.1766106213928702,0.7056066699108641,-0.07493858576905818,-0.1821489827358768,0.12370318264868851,0.3663235262991844,-0.37929275231654225,-0.09983840835382948,-0.40816669614433276,0.24928972720476464,0.0632631008997025,-0.02030762493506648,-0.06191106849384831,-0.056222037455053275,0.09520355104116507,-0.03136433416196399,-0.027660630672314765,-0.03185940882936161,0.27726263276517304,0.09891291787520776,0.5017599920275971,-0.24378450454599135,0.36399075358470157,0.30145356287128355,0.4049498600207543,-0.015762609192530364,-0.37837426986359657,-0.2861293725547107,0.18133306641599153,-0.18079834873517805,-0.1992395692438015,-0.21364745412326272,-0.04284452480327344,-0.025709066957630936,-0.28570640556648097,sad
-0.052334889781979976,0.4011123353205577,0.5651639202148303,0.2277297893843748,0.15928634880109208,0.6225153648391882,0.23668230717643113,-0.03867326152418718,0.1689190130580306,0.3095916578611924,0.45565281317840434,-0.10418588156321087,0.09121417462608572,-0.16094432546508794,0.1740756221213681,-0.04319777453353643,-0.02440220047912328,-0.290944110184162,-0.07817553289068851,-0.018435753092493734,-0.7513481953713257,0.3936480727134213,0.23416406836709563,0.22243468911512626,0.203050097507266,0.2945215394643947,0.3241676043771719,-0.09299454287091588,0.20097367732895316,0.1359228239761096,0.05107614746678241,-0.37615391852013547,-0.09674838798632143,-0.40693027179344254,-0.022878587211602783,0.2200950902360282,0.13928313056210873,-0.1106709810822196,-0.10286498019873888,-0.045604877943872996,sad
0.17693392153083995,-0.006497252909784965,0.08196969698648889,-0.35315139710480503,0.07730663264703158,0.10122054364576832,0.14781236459321315,0.5420440497247998,-0.1312171493740704,-0.183590877048854,0.22171834970884413,-0.22535921665629802,-0.08074257085416267,-0.03926087556149213,-0.10050417699333403,-0.29565315506656,0.1342581610432409,0.3117143902162104,-0.24543574553484968,-0.006618905859749641,0.35213879548417704,0.13402110260595632,-0.0075135242883551945,0.1677555425874363,0.4922445748082118,0.04547551868431374,0.32644470649491886,0.31691636806514156,0.011434644437520278,0.24493397712691237,0.20564999675243129,0.22703198159648696,0.1631466227176941,-0.4576785177725554,0.10900348407571275,0.04082808684704467,0.16429536101852263,-0.2351236329703643,0.24776062583973466,0.18188272048434675,sad
-0.18976075284537428,0.46401651049867965,0.022424747914650753,0.009791478709591322,0.3802050929718739,0.14477275629665204,0.3663851280958611,0.18705837755190863,0.2673036247646894,0.3376444248587553,0.06767074756606571,0.22436591510203494,0.1649607806337617,-0.28440947799294136,0.10358967267293073,0.04351944446151884,-0.05597811335614103,0.21909265234464784,0.400823939644546,0.2445091408509281,-0.23153130820951776,0.29321334811995625,0.20478564607213096,0.20800223788001138,0.3747699471633178,0.20939178955810928,0.6615648419618638,0.29227410198417414,0.17596003141153477,0.29911573934344116,0.23936431174758618,0.2729736918804584,0.09197586991300266,-0.10227245205479021,-0.0734640316901499,-0.6217748970992659,-0.4268026196838516,0.22522765339419168,-0.04896635274736508,0.532884023088612,sad
0.5303209579240739,-0.14631477010590802,0.28902532201881337,0.9580503067023113,0.09511430856559772,0.38933597331852754,0.2251254193647345,0.1903906010781511,0.1332335086164248,0.13759984418081547,0.2627093103571271,-0.17919877685254335,0.08371563784287958,-0.25027131915631695,0.025138471601925866,-0.027754153070856574,-0.2749724532242209,-0.01606429291461145,-0.17700369309865785,-0.14285720535241472,0.4095736651168913,-0.2541674357745952,0.37386502951917466,0.44619760479683146,0.1490472220024535,0.5541173720840642,0.48785381912889536,-0.0871354487256292,0.2998688223016537,0.22365673740539707,-0.13243896016640852,0.12696210980232814,0.12122934191409501,-0.26742546092046104,-0.5889815320154616,-0.00039477362324971677,-0.25024552999812477,-0.4428391598492831,-0.06219115344009604,-0.48345459717499517,sad
0.012166421807854336,0.5217254065517157,-0.47706012228977934,0.37006254499616886,0.0622319939010684,0.1941277639910835,0.059968534357334013,0.40368936198449734,0.19857670117845755,-0.047615700398009775,-0.23955810290190968,-0.08785147864415496,0.24146481817402332,-0.3737578640444038,-0.0005404795306500898,-0.022064517273137796,-0.572260563981012,0.21821692153860947,-0.00842103590871511,0.6047084751174945,0.5490526103528907,0.12656836159002866,0.2009744752126976,0.03027170200110485,-0.04152403989958428,0.48406246130953146,0.20628821835212482,0.12888286263723336,0.13108821287102082,0.27620225005554033,0.27607866012217697,-0.012295082528488294,-0.10780168187919001,-0.06743324225195746,0.3996072349811598,-0.6042410082563159,-0.35270063401041785,0.09031235922834649,0.06724003885410529,0.3949188888087579,sad
0.4151022320518918,0.6415778325166435,0.019743384985106957,0.409409484806044,0.22907831691122613,0.5321868633781296,0.3275102144357459,0.4665164538023462,0.0207143199362686,0.1834336675811748,-0.046323095426297894,-0.04685411023259273,-0.14827090797379586,-0.3297350821010733,0.17267027625766193,-0.030616150450499632,0.18216649996777548,-0.2921015314567824,-0.47555415119679056,-0.09455239108574537,0.09077364855694839,0.3823570825065068,0.49893672211655926,0.5755661475846456,0.6713319161791788,0.47056918320668184,0.296675068359156,0.041622025194504475,0.34273005394893674,-0.010542977814833016,-0.1487917063231459,0.13310995987837287,-0.004810024678636171,0.11906366219229847,-0.2792406019040119,0.19133809793275736,0.01984854842248375,-0.06523712980624322,-0.15273359048465202,-0.16789514014287807,sad
-0.23839609965206396,0.5032890029716557,-0.1314784381367338,0.4158331571169739,0.2278365474379194,0.15497065434906615,0.16727649044361945,0.2275886678701338,0.42525111538481797,0.2824613905418387,0.07994951249587966,-0.3183774971288714,-0.4731809520722967,0.381314237557978,-0.346843994201554,-0.48725350476722984,0.19116538426562776,-0.4158576269297197,0.18546404412474338,0.2927423360421645,0.18929449364690407,0.42566247737695406,-0.10098139075631385,-0.02337371708548594,0.24713891121415385,0.29125625820994955,0.2484717596070146,0.3428586613988134,-0.006618480982462163,-0.41102303979946564,0.14751476274992203,-0.06696084203780003,0.1405740324612747,0.419134303216102,-0.08441469773897922,0.0463004256312701,-0.2886435028744412,0.19840297295635895,0.11579420620150851,0.1567486946428866,sad
0.3201219030961108,-0.11879333888435226,0.35400684431028095,0.37237614650912676,0.677727291901938,-0.14796142815954694,0.2604746007787966,0.7883661562988956,0.10222866224753084,0.035960592751159384,0.5170395115516541,0.6321258919396784,-0.008891815132399603,-0.2531052128329697,-0.24626303021978677,-0.20041509063109728,-0.29272225400637486,-0.2474500433059529,0.04498822825878662,0.07265483237949236,0.24440520768409887,0.19460352458015606,-0.05753427117749027,0.4570455435378262,0.35402878941662275,0.14793694727878426,0.2016535496028027,0.3064550890512441,0.19256984692113846,0.07931300829762047,0.23504670373726463,0.24920147341877405,-0.13718431261284306,-0.09724172561642283,-0.3769590157967049,-0.13872293578174774,0.047105416152760746,0.186880129082714,0.07254515924033572,0.07329506769268586,sad
-0.08090888988425862,0.21111228682483055,-0.05282436941525784,0.2906205813409607,0.2917293481091656,0.07229368239667305,0.362229065752793,0.19722406230418776,0.3487523956757028,0.023800639393086437,0.1968403805699337,0.3992849983778788,0.005861177183269617,0.11476727773483092,-0.2586027527971091,-0.19062163869185142,-0.5488423965716189,-0.08689164486234377,-0.2754347387067788,0.09019754101433633,-0.3788440047469809,-0.02391384598904657,0.2587281598613691,0.37063508253281197,-0.11301819829250895,0.18853022355620247,0.8951763299593235,0.4199389591654794,0.21174878988416526,-0.5647189960210633,-0.17944187268262882,0.11441855213520341,-0.003345894612190925,0.018244742695458463,0.12870550153279964,-0.07430950826294822,0.13768339179946637,-0.4652353970838875,0.6429805183908701,0.020731316944504377,sad
-0.06464395989842558,0.5244458318290068,0.36176923909899616,0.4962557497008321,0.13417879941527944,0.3622962887284277,0.4544829336631825,-0.03018641401064623,0.14684299255277627,0.0814676816951673,0.005872953653319149,-0.15670175965914915,-0.34780221349082274,0.02521292070514161,-0.043209931391060524,0.17711877380577443,-0.10449783963583686,-0.21543524423616953,-0.3547436752078035,0.08157379736586698,0.04886290439225354,0.6783638096651434,0.7979507496611953,0.6593833118076368,0.070069612444632,-0.052944068607164885,0.20833815691768995,0.006507772277471124,0.5186222413600893,0.13713745618138976,-0.054737580920111384,-0.017828587305065327,0.24492758719074667,-0.325477232186443,0.011893872254361976,-0.42342457498004005,-0.12291775183437467,-0.18937736393605256,0.106075608331413,0.13019621000145143,sad
0.38550696494331593,0.32360412226282564,0.06447403153926574,-0.06703515561721904,0.0849603417743105,0.18735963844609355,0.2230513115239334,0.061269179374397825,0.4634939492928678,0.36817241343213636,0.009476247286840392,-0.107755768686844,-0.09884464521970848,-0.09216653526746374,-0.10970781109953617,-0.5025456391988249,-0.194273266878961,-0.5113227327615538,0.00739764286775213,0.2248165348646735,-0.13624124290595616,0.2249390073136555,0.08583528497298312,0.10206968241614692,0.7704856326598075,0.5054037798755912,0.38311817445633634,0.11779082071095336,0.27043205090897193,0.06056962956721191,0.15475800328740028,-0.23543937050075112,-0.08102074392918446,-0.19222727133867942,-0.4543648912469548,0.31296419068737674,0.12650692478242426,-0.22221364242224914,-0.331380730986243,-0.08647389790457408,sad
-0.11390008377834832,0.005482864672152407,-0.15887720430499067,0.052805614816420515,0.29864097461615713,0.3918564217220454,-0.2069016751009388,0.24543339614526802,-0.04410740429149956,-0.116568851439036,-0.00344278485461956,-0.15570318903994038,0.12931801230630702,0.0894650137794149,-0.17996386940338074,-0.2657609259923954,0.3492943878741649,0.40468691973397886,0.09273177337925033,0.02101320919675559,0.37024261456425445,0.5396624752499649,0.10590393623044583,0.7149628133099162,0.2503178329193656,0.5550275750994144,0.1373267794335598,0.23995814922509515,0.05740630752048945,0.11328698069938688,0.29325110557294687,-0.23694461252998336,-0.13762693493553832,0.03768557701956063,-0.22404773202224995,0.3996668643555359,-0.4343877303116145,0.5955628035139797,-0.13493752795265515,0.3306522030500193,sad
0.48901124438265153,0.28535747711972925,-0.13693729301666843,0.17284009562428704,0.29972895648957587,0.4301708081956521,0.5203701809671283,0.5233194719851451,0.5614390502207908,-0.09662542684175937,0.31965006947007124,-0.4185885122965257,-0.005347549736001184,-0.3471319953308729,-0.5458208592783945,0.11920848869648881,-0.09763111229752161,0.19122818313880763,-0.39425079775384697,-0.24317581171488248,0.09791443670856806,0.01853375208619,0.25235824650646715,0.11675442933892127,0.20479579950267635,0.0031157177222417842,0.5814744559801845,0.14393364801443237,-0.12398387338302955,0.2750317047530316,0.1624250100486006,0.037213067019482904,-0.009185481587318384,-0.19440467417600935,-0.14194698900005157,-0.6505871049883963,-0.4603698599984941,-0.3348393422159115,0.0980468791798302,0.39335739912268997,sad
0.04955640602052887,0.0873934519280265,0.4901934498936946,0.16468440443815643,0.4451317788376563,0.3972639093527508,-0.05205694036051811,0.32346941673035423,0.24815655200514614,-0.1469380115521387,-0.1827238130606814,-0.3043404012776618,0.29840568106742704,0.44160747583191373,0.06999521417611132,0.28152823162685736,-0.42519311958331596,0.2957752233378663,0.4876580596612681,0.45987659261962044,-0.11114356705336598,0.4531819343739324,0.20622971550604252,0.5386354856639282,0.1294129047282406,0.2896918353751404,0.12178983692383138,0.34152699512970575,0.14369137867197423,0.38348783926079477,0.24774700680552533,0.08712753940160393,-0.07353937349962533,-0.17150614674704387,-0.10800580785473485,0.08535524623117635,-0.04165325090102365,0.04291378791204856,0.018029174978771878,0.07189396958747164,sad
-0.07479930370159049,-0.3133543651288838,0.3534543405532097,0.39475632813182526,0.041227634966850474,0.7666618112038871,-0.01294754928571401,0.494135421840486,0.26060801315175885,0.2171987128766256,0.3581280207641161,0.2420329532807901,-0.035693901289342356,-0.34606533606770573,-0.4090880422914741,-0.06028562120820699,0.30380736925716534,0.16575313513317025,-0.009954945818915789,0.1412540169089612,0.2937513660412363,0.6124043369521338,0.04575323077197643,0.4523646076636242,0.35887453460690444,0.09764429831926286,0.010803607337986215,0.5399488236262119,0.25185077537583056,0.05481590691354985,0.06822337837239192,0.2290938393108677,-0.04025169686302918,0.3045044872400201,-0.17341229509745157,-0.2964908436598268,-0.10140361236755235,-0.262985992964334,-0.05915921188923748,0.39671061808876296,sad
0.5168008813994434,0.31211345879496133,0.2606884695515198,0.029121413824618247,0.03334593375514547,0.38331006615555974,0.31993644389275927,0.10147608078411771,0.08688339034199485,0.5280390391051633,0.32230671920776205,0.02621253468952696,0.015693140752057994,0.23665451309500082,-0.014689394470035852,-0.04768918574070208,-0.4818624038421445,-0.47393267359758984,-0.4780446182848791,-0.5031570052119576,0.11998126942282027,0.26666911677301164,0.01812502804732813,0.38209805598200697,0.40033271328257525,0.2676921580340905,-0.1032795369568468,0.5841880990773297,0.5130847393726224,-0.03667040001264152,0.5279866247420584,-0.004142592987034566,-0.25963238105908104,-0.1978194067301969,-0.5717714948876621,-0.18823179681629262,-0.47296258166466665,0.2539425396054287,0.10784440309807826,-0.25557330454385696,sad
0.23465295690157503,-0.2741794360779003,0.2505365203073123,0.37524354367595325,0.30022680515829564,0.00999790644631493,0.2504962852988697,0.20029406340536393,0.21294736654292593,0.5102774971271854,0.4981465014925269,0.40744776306454034,-0.1998758336663675,-0.2691312668376383,-0.0994903038064269,0.0011350575553061848,-0.6041355695903997,-0.20654655475361697,0.4456504373263873,-0.2515465007242842,-0.061487125995669745,0.007154888637113235,0.3570707849732778,0.2553130212912921,0.2083178720445718,-0.09278508268270996,0.4164103577091468,0.22381424448786194,0.0026160811698939385,0.11300974243816461,0.2398368994352401,-0.3855600683874024,-0.45234945532738535,-0.35206434369146966,-0.3280103769470789,-0.8642105792564085,-0.22514206352208263,0.2483911504279893,-0.05567354893055709,0.3445628644359777,sad
-0.6290705950179347,0.12524343086846468,0.5574096731405382,0.6480217271792196,0.15726960798034006,0.08353793824398606,0.37337182941505087,-0.059599606159575574,0.10581607097141192,-0.28028181242762384,0.094618154229927,0.012966856483313582,0.3650161763963977,0.006380704636636425,-0.2710590166415954,-0.13162433907529875,-0.4132744091840561,-0.04564602056527453,-0.056545132532841935,0.16341237356813867,0.355658349566056,-0.3178586344358445,0.3162585414823221,0.45545237399958216,-0.011561973514918028,0.7618956983107192,0.0827141348312789,0.8395669376209052,0.3648522511916794,0.34847911789923525,0.10982816619475626,0.23600625384253257,-0.3243773571595938,-0.29895299954811405,-0.6012815114025181,0.03380017970574903,-0.2525114646392683,0.15822771886462228,0.17622445819108182,-0.24578435023114173,sad
0.2657765069339222,0.218271926412739,0.2605491794644216,0.36998427978929227,0.2754974528168898,0.2928650685922787,0.5413837809063077,-0.004455132546888285,-0.10440064529926876,-0.05278773445143614,0.3332939671630666,-0.06911458487441333,0.4372172109271074,-0.8555867667558674,-0.2847944680069019,-0.2203125806966382,-0.022900201680145837,0.2808209766284391,-0.0496884036194391,-0.19691541757554779,0.3319568411773714,0.571187457302974,-0.4062555218993257,0.41589027769021425,0.3627611277084527,0.07714667854479437,0.1439374407274649,0.29508567714748746,0.17542267188540803,0.04370116035918038,-0.2504392790360267,0.05454153228082714,-0.2315365641392492,-0.07541116147487664,-0.2570810837188806,-0.05237208730667345,0.11244511143458077,0.028572684523924502,0.19119838933296013,-0.25773340507294273,sad
0.20601595906655773,0.22572359178136456,0.05289426759347653,0.21301875759795103,-0.41938662812538086,0.30924148408992624,0.17380031299052834,-0.32358199974988056,0.32312539801399465,-0.02280092572380729,0.14267190485750497,-0.04906172919448126,0.07768217752159372,-0.06239181942428698,-0.17891287430008104,0.014082980214640078,0.1169532688371151,-0.6228134585085056,0.0026537283299962744,-0.09222243305669844,-0.15627806287505044,0.5085159705714031,0.4735377512047806,0.010481045520680438,0.007680515636909663,0.4895151311732868,0.10488486688603615,0.1395036075012205,-0.3265681653984368,0.07079799719044286,0.3250075669348623,-0.13375765098405032,-0.09589098122054329,0.3382046444314345,0.10828815112193718,0.2526888405992478,0.08161894536920306,0.26860926101773785,-0.39132573264606685,-0.11696891250325162,sad
-0.3256950092828441,0.7075630694505133,0.25397956337753047,0.2215640933267485,0.09150287448260419,0.034254160925782706,-0.4262081780001503,0.8042904305787477,0.1743386839798324,0.15162507979334033,-0.2797611908284716,-0.005453871252672479,0.04990529408919987,-0.10550074286966582,0.046711825156082604,-0.3206540405373567,-0.011545604224320827,0.16737215468032612,0.1354777708194195,0.1515235543151683,0.09413041132425215,-0.06602814196421256,0.37060157630524604,0.1707299164506666,0.05019682293642047,0.47535202397188037,-0.1410282372413522,0.0810587726411629,0.3603275422934089,0.3409122489596047,-0.05346962681394993,-0.00295315869445488,0.06884795465231441,-0.11630852004808129,-0.3047863734749674,0.0044368789771306455,-0.0356082824542171,-0.005916117547556096,0.30333848181475287,0.16455610859191622,sad
-0.02658130367881234,0.19193885235789865,0.6936234299355936,0.07322658953207781,0.2141385699577957,0.08758786381705985,0.36340417800924785,-0.07259166926654328,0.30664020884189924,0.32594145099025706,-0.1216369436015145,-0.20251260156883996,-0.41662357268698114,-0.07446102990423142,-0.3879002901490616,-0.26688903252435947,-0.19779686384325448,-0.22847631379357977,0.2036810458745073,0.45499968655707224,-0.41228630099542174,-0.022205232706533004,0.29481368074123704,0.005740360546109685,0.15252907507020172,0.3365383777414055,0.6093131592515028,0.5144742707677339,0.0935040387136695,0.13698522545114641,-0.05042376929597667,-0.06233246504154469,-0.3602380741029023,-0.5412241585255747,-0.20340804589079095,0.14058010721702552,0.11469895142611292,-0.49815503868721434,-0.023095790065529892,-0.06863664794814886,sad
0.16039148960329214,-0.12267646865125273,0.43694384378355233,0.2016444038261993,0.42468881375335654,0.5073518357299793,-0.20983564255779738,0.18915928656849298,0.5736407585762016,0.14148486146687447,0.33324902060388745,0.11558516151889837,-0.16840991158460647,-0.014045056962307081,0.15571339038480583,0.21249845397679892,0.270032463745578,-0.3321297589486707,0.20300477461524183,-0.2872526221176913,0.08849190708472571,0.12971394133750527,0.38992323381383687,0.34831626462632537,0.5994163660108425,0.13189938266121537,0.4726357434618733,0.31912984331483973,0.16803202188551158,-0.19457766358845482,0.18355384302767402,0.06092199691857986,0.13089143361135647,-0.10760383687295255,-0.17470111204990194,-0.005813786280676178,0.039913711830626225,0.14051812523095636,0.49861225514370167,-0.0651243415579367,sad
0.5896331526917953,-0.5867618027671906,0.44874902779801773,0.049393860397078965,0.7817779154169244,0.06735971367851751,0.5409716532348736,-0.0027951781475812065,-0.08638221847083968,0.33742322422876,0.28990643858496484,-0.16377975712555617,0.5563957540111673,-0.16390194334855038,0.28317427374850057,-0.36210315663393877,-0.3317249755981415,-0.032515142676459885,-0.25621866605739174,0.17086347677635844,-0.414351602408783,0.226494379045204,0.09331084579881657,0.030437356679288236,0.34052354123542183,0.22981333504555793,0.150409654620104,0.42388565350981244,0.241326842304309,0.20015997044206382,0.3728587780505461,-0.03571953316149554,0.14335264923300622,-0.20170427393731902,0.04092459838782722,0.028610937791678448,-0.2114883513233797,-0.4083613437705609,-0.2929089895578104,-0.1454290446746658,sad
0.22772111130559214,0.11922009587694782,0.135355645269764,0.37273785290478856,0.4631356108690776,0.6364127069141583,0.12808818482866846,0.38118102065622583,0.3723910296998302,-0.09955469685299798,0.10420033587660261,-0.21703911227291248,-0.09924962144241936,0.020937654376029596,-0.5297604107817757,-0.32628097415887813,-0.29207888057182607,-0.03178067352953218,-0.18682212307997922,0.15017894919926478,-0.09181162645208127,0.053969189648744156,0.384135890189376,0.3491966307320077,0.3256384669864719,0.2758933062093186,0.5119891948174945,0.5637958832781608,0.07551444192246994,-0.07488186698427737,-0.21708165996611514,0.4136425488458133,-0.28813040377195465,-0.42644199734371246,-0.04392781583106389,0.15862291409394919,-0.3821918687491934,-0.06159231082989458,-0.33060939833324476,-0.08345964942884221,sad
0.49397548615567566,0.1944915984759703,0.14488179388307637,0.2717423827707183,0.35178727985672353,0.26372062039491706,-0.018680425625758612,-0.04918460939312455,0.6957266265264749,-0.05257626354689601,0.3709703476333819,-0.16730682412566386,0.2801132394774611,0.08936525511843321,-0.15878725295084564,0.3904441332214975,-0.3232578063381564,-0.112858660608775,-0.2164991770851382,-0.1354961812278913,0.03148288613408667,-0.05518536059841886,0.15297064201251634,0.6627664973179634,-0.14391139315977744,-0.026361212169542292,0.026168682991775355,0.10646201843916177,0.4191109738576577,0.28470927152859404,0.1605607375620003,0.033353109916865964,0.5296627599405329,-0.37732216596317214,-0.39632411773181264,-0.10865905634954631,-0.023882546357779783,-0.08944345839871023,-0.18254543415614302,-0.23543045665764492,sad
0.02096631696366541,-0.022846593542437135,0.09022692061947912,-0.014379910260634204,0.6145505255601387,0.40158453434472696,0.7368028648131432,0.11655004868688842,0.21119223379197144,0.07580917284926583,0.078766930564971,-0.0522747609149769,-0.08383700852055867,-0.5731057983017804,-0.17388495498000275,0.06295448260216294,-0.5748364484074843,-0.1410533135783973,0.13894138812104068,0.3720298016896514,0.10075172844447958,0.2959429462959454,0.6694111711906819,0.5925316152895995,0.1762208909409273,0.13555093845985322,0.5159380768274286,0.27766879779040077,0.03351276005438901,0.04850841375495568,0.12043909852915687,-0.06678155803743743,-0.12826065031969935,-0.1559217926516017,-0.48040455764712964,0.3285783864872792,0.22818775466075172,0.3454734217941521,-0.006926154141152996,0.12092746989575434,sad
0.23270042714889436,0.35680224024332596,-0.243854282710629,0.34227897991288814,0.03407930610055657,0.2717344271060553,0.11227756052754748,0.6677021424540069,0.33024132389685185,0.13079930090631478,0.41969067493573176,-0.00621467977566284,-0.2226945016844958,-0.12943805964272856,-0.19679556377712512,-0.09687510117327466,0.11768419774543751,-0.08367493266524617,-0.019292232605282622,0.3091045183255283,0.19348728539951696,0.4181996901797582,0.2674933414284517,-0.05266784468358229,0.010136559765718395,-0.12566055168820928,0.5454395991585623,0.3253932681460171,0.05053576889678098,-0.13960486975868772,0.13154052039868058,-0.049866125356636176,0.014321234639178893,-0.30627385985374345,-0.3848611562546921,0.28710168337042036,-0.3108074063220405,-0.03594454546445297,0.35806807112895755,-0.3645628643805471,sad
0.2634381126627863,0.17031980221044757,0.1744410199090205,0.3214609869568431,-0.01201341102680642,-0.26117784859954996,0.7450284720587588,0.17391167549340658,0.417470342807428,0.41213454202057154,0.1452242392840154,0.12453959175452647,0.1338059467522143,0.30734580038661186,0.015892399035140434,0.20392974183084348,-0.16273413542076873,-0.15892150737620378,0.018104804944001324,0.15717784211714517,0.255051493309027,0.6650715967839222,0.4422543195415459,0.28687654089318837,0.7808405169934874,0.3677534088724934,0.3521873096751583,0.34486018553957687,0.08664125505055646,-0.1633593605701262,0.07535417697702704,-0.09308106748599027,-0.27822610652377744,-0.06688186966321782,-0.15851129447501963,-0.2480271233304848,-0.5136455861970523,-0.07127489927414135,0.46207876916952195,0.31017448340323606,sad
0.3580047562650649,0.14860746602412034,0.4718231174365888,0.08873328398857963,0.1696960522622448,0.4186823896227324,-0.07500314112356338,0.25960796201304326,0.27187652911573856,0.5556725316070149,-0.09833880630724967,0.1163958522059811,-0.2030587846982221,-0.21736444609315372,-0.7723418857858559,-0.3400143366901003,0.19454360032152593,0.07463424881430619,0.0367919608286219,0.6682160261599068,0.25662896476318703,-0.12211745141025246,0.18499509159989885,0.2573376926317097,0.6865397083345096,0.06451041051972961,0.36877137291762263,0.46525288902137707,-0.0307740216956595,0.1289052611066817,-0.4537622882799227,0.00874824987220893,-0.6083973549829824,-0.19124018038933996,0.3165474919483572,0.00025467829877150183,-0.060863874684124936,0.008459865006370554,0.560946577908658,0.22809508870305567,sad
0.348552823734536,0.04674251581780295,0.10427403858578896,-0.0022994298231094057,0.24003660215353032,0.1186075131195099,0.5220931596280604,0.404886989530709,0.169133327290456,0.004930307512036408,-0.6397572135829047,-0.13332520245226442,0.03395822605560665,0.08135974260916862,-0.8670219602223901,-0.700697265086989,-0.05030606170299223,-0.3081147902403728,-0.05538797392235678,-0.05779922186957251,0.2684679437109447,-0.27491452362555713,0.09467318200407862,0.5048479494814837,0.34103992018969576,0.08241856367942427,0.3765846129261926,0.2943460454099024,-0.04991042341764243,0.2780541436054914,0.21020953091692174,-0.04819470020001623,0.16900886099356563,-0.3851521894759935,0.08057605357166986,-0.14834767042396238,-0.3050275786128478,-0.17602893323399824,0.3164435619227127,-0.045812346559424316,sad
0.005547257523648305,-0.007139517578320528,0.015743979401827077,0.49361885100476344,0.8304850373004787,0.6220147490238995,0.4036578705823547,0.43310577659510585,0.11296365099102544,0.01673503003470657,-0.21468964062545157,0.36883687016249445,-0.12483188032664422,-0.25870279489476034,-0.2618908598485089,-0.059919392808732874,-0.2247967533702205,-0.04817865893002046,0.03980538910028183,0.3899901649099099,-0.1828513148179188,0.2577319393559736,0.06414031901237535,0.16637149499473564,0.6903785141083248,0.4422124743967002,0.1692494038984481,0.34571560634126486,0.16529313322474976,0.38227229142732355,-0.07620122673334287,0.10567458181255072,-0.1140717404024418,-0.0923620259139456,-0.14554223064352056,-0.2533468868181654,-0.04628437336047997,0.2140827122180527,-0.12086292299478307,-0.0034629039125745886,sad
0.18306852501967566,-0.030619362266704878,0.4270784128056777,0.4312022043988648,-0.28233134617769984,0.13050310809407792,0.01268702912574865,0.4514177016666643,0.4307275721090904,-0.15554267000196736,-0.09315285159317713,-0.005967193009036198,-0.13146233628078527,0.09662654315832925,0.13798240915378315,0.03976374060060328,0.18095926498350748,0.17915504586548556,-0.01798665138741455,-0.04670142609963779,-0.057486862218136675,0.3875197669906155,0.45642773090572897,0.5238405862675386,0.21051588067186772,0.19237281441287454,0.33135108837674165,0.5342409731265586,0.259227220430445,0.16438165147318995,-0.15841256153686303,0.095347364712787,0.07065119389675706,-0.32803585315321215,0.3260616310602228,-0.325511576634688,0.15747387128883228,-0.07720351977317225,0.06951653624559034,-0.1006466635565487,sad
-0.04576464798395555,0.32923566659813996,0.165498297594735,0.17370246237245313,0.5042016023434835,0.4687000306311242,0.321104081108927,0.3054498709809731,0.6243135579788774,0.09996620722633794,0.1732307675624164,0.12003064355834064,-0.3838606274890577,-0.555684900709985,-0.07106955245752891,0.10863134380652517,-0.03743381926609604,-0.18197461128593292,-0.16066401231483382,0.26159240741231293,0.052398889181266776,-0.20968667318675402,0.4054844324755257,0.33302025490281467,0.3859523957489296,0.5457612016132587,0.5927580326707603,0.36406922244265105,0.12907487415946362,-0.4111809477886784,0.11849189794690049,-0.050059933858508515,0.2632544907892992,0.2207539837658146,0.010800712545375027,0.23851669645227785,-0.08946149065522621,-0.037442183092511294,-0.1780891442934661,0.016955817771487636,sad
0.14549533156312766,0.41718953758923294,0.03281783591807884,0.45514160777467094,0.8614170031305891,-0.037739340699494583,0.21680499194430344,0.25342843609302995,0.44757536927052943,0.630430474857036,0.38088399798660855,0.00592842190137155,-0.2484731963679173,-0.09373009464752191,-0.11218728466111166,-0.04530591154687649,-0.3074395657063437,0.32444483550131564,-0.17760096368031938,0.2288309222239623,0.17794951878167198,-0.08360743328127826,0.25365257376063666,0.27864905975706356,0.24528990268765605,0.48777675161178335,0.1493761204611038,0.8527069153925138,0.44952666324961454,-0.11654368435153414,-0.5686668818382784,0.29538637317120486,-0.0001998358557866453,-0.07412921450046253,-0.3477597955873305,-0.45462728317659373,-0.5315703255900341,0.6055046605358613,0.42492498921600996,-0.043632827472631225,sad
0.5555387390122425,-0.30162441026317666,0.38499584243723906,0.431049991998088,0.07196669287590718,0.17953599106558538,0.021520455076511402,0.2572914557793802,0.5237118096584541,0.38567734028504175,0.17881567054589687,0.28974535407461266,-0.48240746416275093,0.4185577766281283,-0.11688841531202568,-0.4327180620528115,-0.18387460247731155,-0.21361615766771966,0.021798670031369358,0.13680453851542926,-0.45490802077331327,0.49663709085475893,0.6638728090941307,0.015206258966075609,0.6556479570398678,0.5991997502428319,0.5157247715309449,0.6286058159776903,-0.17526423583688414,0.287193394162392,-0.20797781892165149,0.5722857922801581,-0.30516127937838045,-0.4003353569709799,0.17005244681393675,0.05329877910963454,-0.06669012436193675,0.004789948350477677,0.18012670202108827,0.5204967597856502,sad
-0.08639568327959787,0.01476321203240559,0.06726064082311224,0.23709130857415495,0.28586107551529355,-0.02981255923707693,0.3530947376640683,-0.06927253601080288,0.12013856837358795,0.07641027542998965,0.013971478857609396,0.3816546252555614,0.3661309321067867,0.18612843352969546,0.2894062315019008,-0.17936066817684912,0.26101282070640786,-0.06684635923367621,0.054369396994200105,0.12641232968689078,-0.21088156540592148,0.031178145958744366,0.1949255639485212,0.36221925446883196,0.25733646338756355,0.07364119576856179,-0.025425644627179417,0.22533108619331937,-0.1264596700398258,-0.1876591515065191,0.016609121222364298,0.02779191354732423,-0.27187998740899855,-0.5415522172427304,-0.03809179399218396,0.10229013337369763,-0.17642344322019046,-0.12383621807235054,-0.5537227767746087,0.31554401551942546,sad
-0.18353608739127977,0.3331600852475535,0.0629720559602276,0.2191866849655328,0.23527724242072154,-0.15943260069715226,0.9644885686146659,-0.14580347664480778,0.22441257674248707,-0.06521793230091816,0.014828626604360129,0.3557826854419395,-0.5082558239771341,-0.11873615110467078,0.01718643224177814,-0.07838531927432005,0.008537408471564562,-0.24173830776377678,-0.41287604272703393,-0.2698901569294917,0.019792346834110686,0.36849649553373953,0.2544008419344348,0.6716648034842717,0.31371648582012845,0.33435567660900345,0.31328066082885725,-0.210210605611813,0.3124515002776582,-0.1715207300594784,-0.05275347286235463,0.5690176039084032,-0.3739399333714105,-0.06737964037080027,-0.036847853047040996,-0.06982998331424667,-0.0736721119231856,-0.16969072223879347,0.5247220608584806,-0.4115544671657414,sad
-0.16653406027228676,0.5242917578960318,0.34739009818290223,0.06331214796815057,0.05753738959201726,0.22755471813300518,0.9369412074675606,0.3682857922453393,-0.06089529419908554,0.19742628523436367,-0.08265252246213153,0.38619951230891214,0.030862982168499878,0.23190225306241177,-0.06564449011053852,0.40116699057964766,0.012275042492108895,0.015960340606784154,-0.2578111667115798,-0.04743398077586025,0.21961394120663216,0.05882904070147353,0.8561674928815526,0.26790150054907524,0.09817935193606542,0.5328786446005859,0.13083132964162475,0.3243817518436766,0.14508679649860157,-0.0739285994724245,0.3892368999606589,0.006018662664915658,0.20710350653783485,-0.18177536231063138,-0.46655323136286564,-0.4129493363503375,-0.2041903586936111,-0.07606288557291829,0.04048831858308868,0.21830049594102716,sad
-0.2206871953708641,0.21070806408798226,-0.09436622442870438,0.08364575057477275,0.9234289602037925,0.6083109363350709,0.18630904027891548,0.6930417163672004,0.5516449067373697,0.3601729190729598,0.4408075461038061,-0.05034444580544706,-0.07383914148648069,-0.29810239498036706,0.039916759210688296,-0.42198729689436354,-0.21656609240080496,0.06042189338667091,-0.12912039220113863,0.14467647802164563,0.5783280980078821,-0.06328905071210181,0.5851488183524243,0.0999451740120948,0.05499471250166821,0.3423171649739085,0.5203330769354493,0.04419473929491813,-0.013787275392475665,-0.0037722016341384113,-0.13788976181895737,0.030264792064471954,-0.24301043902309213,-0.1606094106031495,-0.021306439901014787,-0.2064521816650801,0.21390388259611529,-0.19932553072991818,-0.16624894577781854,0.5995088078115918,sad
0.4664645027213393,0.1711611748502895,0.4177194614388319,0.3396983957811216,0.15454096185126592,0.45880386529274897,0.35310875022724364,0.5653840948458387,-0.2638502989696965,0.3396056824158227,0.11559775042996459,-0.16015177710954506,-0.14982668293029255,-0.18442073284388308,-0.43660671304596,-0.25199391140381655,0.10497025189510006,-0.4335572025045672,-0.09693015778110411,-0.5333263621501045,-0.021781486906532782,0.28079247655186823,0.22172969420571162,0.28172332798979993,0.008992520876055593,0.4284567583803297,0.03740729888604996,0.4498024455564479,0.2213804984201607,0.0101763789596237,0.41363538870516936,-0.1156098117849462,0.19118528285394606,-0.07073531575315911,-0.10966004626295445,0.14821187379790352,0.03499110541700219,-0.03192702747781473,-0.002847761386761724,0.1431108522134767,sad
0.11154387320361703,0.07186621949107524,-0.04882800332047946,-0.39293719919617975,0.2543321927840379,0.22928933977346272,0.580580021550046,0.35737583027633646,0.4823318947584426,0.5721550192865558,0.047258716156341585,-0.1984857750408375,0.1619060755366723,-0.2319421073739096,-0.16931233855638486,0.2515148066430285,0.04774715994060977,0.2203677039591216,-0.339822593569707,0.06715354251549069,0.40228317219564724,-0.1369504382062576,0.2842728974931926,0.3722124899264355,-0.28733892731794286,0.6856524226578975,0.08546153186314892,0.1886539444931047,0.588737370069456,-0.340705866423741,0.15885292332677683,-0.1280068856694589,-0.053352033459504206,-0.3011512193978745,0.2319171612833665,-0.3815066150538523,0.016603793746078954,0.10598666614971379,0.004398482663389686,0.022369081448630854,sad
0.024458745878148072,0.4098920915037978,0.3239873297036926,0.23491506782840924,0.010108502961265586,0.3304200939746018,0.4111468703440382,0.23772162596361407,0.5570714805817294,-0.3388608910448373,0.6982499915129632,-0.03337976524814085,-0.3267638576397627,-0.5185331562352659,0.1118863321528378,0.035584138302897556,-0.14400650543106838,-0.06552801522466847,0.04034342146182277,-0.04700528042835472,0.41154847868925937,0.34048162756122713,0.20525246504262507,-0.13810044114348832,0.6323704608805899,0.1676780252160004,0.005531734560334539,0.5462805172839006,0.29431183014289264,-0.39644342151679235,-0.3723701768142287,-0.11500265396117984,-0.37798816339170227,-0.1342508149295123,0.5456837599955767,0.6447277810886792,-0.08348996739187942,0.171761012292582,0.25108383583494054,0.061889785720185594,sad
-0.2775626915456665,0.42397986494726025,0.16769161927959567,0.37008925737016185,0.4611668506388352,0.08964397332754756,0.7010813861811027,0.26586271164287323,0.2552649592718026,0.03170811003686448,0.25377987330391694,0.267094358201015,-0.1798905848731712,0.06536270349604126,-0.21247849892957657,-0.41434392795077735,-0.1708903683309624,0.10061598659535476,0.1377419520958624,0.3306099712233188,-0.044256898607969136,0.1095695579173999,0.2549458626414274,0.42861767649109206,0.26185774907587384,0.05062476662168586,-0.12224683753667656,0.5205637062328415,0.43886431116283164,-0.05769703802182988,0.41567053007034693,-0.029884824672292254,0.05195507865505154,0.22232773318110463,-0.22702800238946205,-0.29324361640576657,-0.506635992393507,0.049604679836067325,0.14292743146915265,0.30979779580567335,sad
0.2449799708055738,0.1832057296599508,0.5017386609010006,0.000998458199690827,0.3835387392540799,0.4223204841829775,0.250440152630931,0.6817899261699157,0.31072783707424245,0.47975409656822854,0.30280877339205536,-0.029442029263655467,0.4465256214882872,0.1992161127718267,-0.09732188101600284,-0.13441402184729842,-0.3465222732781852,-0.0880942013344598,-0.05826786463757516,0.1145348152710736,0.02002357219930226,0.33035626933681794,0.21763970592916176,-0.12191859166206351,0.16552523869196428,0.06448999655687726,-0.052501730417790465,0.16318949352786524,0.4019992627370348,-0.17036784383398787,-0.4565657847278597,-0.05320071737869522,0.6895091927712406,-0.24080954307440824,-0.037178234264830606,-0.2009693638985415,0.14553614290172068,0.33625502659632556,-0.00857473649754062,0.39165267992739905,sad
-0.17735081310658027,0.21050220661509078,-0.10372408435725608,0.3065048444707673,0.13312757213189283,0.35491215717125213,0.0007206512318353453,0.3079275539558629,0.23041238353967716,-0.0001615509119761438,-0.12243084178776237,-0.28074851668811407,-0.13677712293248212,0.022920219969313482,-0.13399581867317065,-0.06382775386518288,0.23312676940485547,-0.12960286772865762,0.07647552739706025,0.2716168544636939,0.25708669895186864,0.28575310541082827,0.260091693417134,0.76057669190704,0.2755320682344091,0.19486032063342132,0.4176479569299124,0.6392105623974144,0.5297350880408311,0.12049039064917726,0.25734856337370293,0.11470172065611348,-0.0398446431556336,0.07306398284138005,0.05192758701939082,-0.06042920760665477,0.3644451136061976,-0.11835726011352474,0.38300960804230555,0.6232796467264199,sad
0.6269351468793736,0.22837839603332782,0.17069593151014031,-0.1398241598577514,0.2741967242450952,0.9088256021338401,-0.1096991617119687,-0.13637925192510922,0.41349206091245516,0.29947541717658943,-0.3772575392704206,0.003630918600726493,0.04930010758144911,-0.45688412528076927,0.1415273397971201,-0.4346021094246836,0.19981084325669282,0.0031249437127435914,-0.17139167360508753,-0.3391545496224546,0.04279809323759833,0.16548709897232883,0.20799862666589888,0.1280249512675732,0.24195100543415893,0.5108433466337905,0.04115002614015886,0.17633564754626793,0.28971633785399437,0.10669510793979743,0.2651343936423415,0.3790126886855024,-0.14769335025582028,-0.03693963584748702,-0.840566819805901,-0.1833681415406245,0.09933692095280289,-0.30541720328423183,0.3659221777264441,-0.37682472466507333,sad
0.4342083618674686,0.02925353809305599,-0.040594721454662336,0.1380538819404481,0.22054331253371304,0.04033333040546122,-0.06435061668003311,0.11860380331241521,0.43956601874352885,0.24457709971090388,0.4155581843926276,-0.13667959736917074,-0.12710943926548382,-0.16235523777239644,-0.06536898756416962,0.011747466701101217,0.3545615361185155,0.1265904232375451,0.04267191404405317,0.40232500141905425,-0.06998689405361788,-0.14242821450548074,0.40571608225232636,0.3166231774357555,0.32266171101887176,0.5237241202772733,0.18318094589759396,0.19836186697175162,0.2673702004089723,0.27282112326301045,0.29280361506850794,0.016222312158120214,0.0051889232840645755,-0.7001423221404409,0.20056206293719483,-0.49217058801675817,-0.08232625476067748,0.6088770219174442,-0.05205763163908808,-0.3036530785807974,sad
0.4974973667884409,0.017383598774086143,0.17221944753888577,0.2161531878525014,0.4693737620857086,0.48763084998206696,0.24886822820611446,0.5262998159880421,-0.026507255682835434,0.3097899294350078,-0.079562152789485,0.18939770044762622,-0.2075188175249207,-0.1907554112449493,0.26622839230320994,-0.38756635430957675,-0.3825733971142734,0.09175570047155221,-0.06811934805164924,-0.04764352746176015,0.08849007593347813,0.7164140710648665,-0.023064341531650934,0.2048838681807923,0.3319887399727005,0.052291837391079066,0.256120034203995,0.34570432990824196,-0.05784338094832006,0.3873470422027414,-0.24253171290713668,-0.05157670136023221,0.02066741799426526,0.7008559187455798,-0.5464953126169897,-0.03026342237209341,0.5576883943539334,-0.1782930836727464,0.30044999169256503,0.1447975487810005,sad
-0.26668325507175994,0.2530521030822951,-0.011633634266553047,0.27720029659934475,-0.09223125281166461,0.47350287110530387,-0.32620307690648387,0.20317922334273364,0.5197872836978702,0.2676643885935043,-0.012734704604707728,-0.04628503180912988,-0.1485454973993974,0.5972108028425208,-0.11861583029821518,-0.11153817375786085,-0.2739837902985103,-0.1725451363894602,0.14998286396697919,-0.09411906652497548,-0.07918226739016243,0.045578610706300884,0.1462650840054429,0.3142768615278779,0.1674082065397458,0.23825818253407693,0.07581284420974363,0.5321176815005753,0.1911695250934443,0.02769433166193737,0.11491266774085411,-0.028146201429567988,-0.45665067928429603,-0.1419174812633032,0.30323753629718053,0.0242183775073396,0.21979514780600298,-0.19771390350677845,-0.3448757598062393,-0.0843774156720451,sad
0.4279136731859269,-0.09647911537018497,0.011666122361716477,0.5309376713400998,0.21949083723566223,0.24021752186983628,0.3721904257265336,0.26666876225047487,0.12108707733312007,0.20114430916539416,-0.10473372150845855,0.0009261671392475773,0.12130789882716342,-0.34842257645739927,-0.15929444593579414,-0.3944498923903984,0.09577230799447276,0.09955168118949356,0.2327206835916718,0.3160292656062943,0.378114393177572,0.3622111162318503,0.03978822639156057,0.5045606009462079,0.06041338101662369,0.8690564187732326,0.33537754512124807,0.3709094913171216,-0.13996187774090338,0.37414927172689083,0.3354889101738491,-0.40935865780706326,-0.2042821300232278,-0.21425162360189773,-0.2720779040896666,0.24335711569976642,0.46660559379834043,-0.2966508699238709,0.28882338827534215,0.024277259174858082,sad
0.43251466270484984,-0.45921310978181584,0.10137875698486848,0.5585259983122149,0.09166544079802305,0.5872471554700236,0.14876684872404466,0.5292895587795317,0.34256960573656303,0.03233743578704877,-0.11739472267794385,-0.031235487863088857,0.24678918287388896,-0.08551514063155177,-0.2727422852846909,0.7215611705758284,-0.48589145207559137,-0.11165670150234322,0.13176500204892264,-0.20429770317772364,0.11832037843375459,0.07680742414094473,-0.13707552521269328,0.3837757984917016,0.002820728521676391,0.0965294964818629,0.5708088315335865,-0.058295406893876495,0.31848471925352917,0.4010147138679103,0.2896834961404884,0.09934404980844719,-0.12479580212938554,-0.4492744845428308,-0.07500558490488932,0.007788506380771068,-0.20366342000477963,-0.27853169783017007,0.24232405737932528,-0.17568934700514263,sad
0.19869564149334204,0.030985648051148326,-0.21368544266035425,0.6563926568991212,0.432693652739367,0.4231999673603126,-0.07972180791162059,0.21009727040095116,0.26395297126106276,-0.05204628767223646,0.4835219696476284,-0.49779016575463997,0.1296644339389551,-0.5605783076905392,-0.5027360977785716,-0.4342210243497393,0.04682327451074403,-0.23886417521482148,-0.17739151290852082,-0.1760040975352938,-0.2554196564549245,-0.04954287358353829,-0.020711448314559844,0.18164645553014558,0.184248771325486,-0.32490412116422485,0.09060654339928789,0.5151415987766872,0.03814053321202167,0.07499690237124226,-0.15203137837948685,-0.203035330484416,-0.09851382787279236,-0.4506699985723387,-0.16811940388175936,-0.5360894480283918,-0.008613935673469741,-0.4425981263918577,0.17126180046498848,0.3241485983096106,sad
-0.3361137975647227,0.30201472854866973,0.087241357001131,0.5243612058890234,0.12731636832257962,0.1968430053821553,0.18143390816605565,0.5367196779586979,-0.3107408838503736,0.30598479564396996,0.07337543826469256,-0.13473915958774116,-0.12640217368561607,0.12603891644183277,0.07589178217512951,0.29074622664908034,-0.27606284879438414,-0.5524489871472203,-0.1664182747901005,-0.01580755071505882,-0.012968623836802917,0.463043776182805,0.7787831261305975,0.34016463177516043,-0.18324050045613424,0.5201526155779886,0.07609359142792421,0.20743498839246016,0.3525127649598061,0.17203153107515518,-0.0009876697480285385,0.02868414739442178,0.09853944489069327,0.03370237782413635,0.38181774530763746,-0.8773797064960747,-0.29676380029594285,-0.20301696337670797,0.206314317105586,0.11880668045796965,sad
0.27625920138962257,-0.23014116879013427,0.1286729654881859,0.38918015642512493,0.24243862418381362,0.16314825149138823,0.3184169075968012,0.6301400295814829,-0.35710159739504954,0.5080989630693621,0.11662860610980569,-0.22941504877208072,0.09506344113358098,-0.1000094461378559,0.16927595577998036,-0.336920407375331,0.12415557222912643,-0.3077810724802855,0.04987565440628949,0.2048998754580701,0.07476012580956279,0.3161450429336429,0.05829893433833799,0.5092848278531616,0.13581147020674872,0.08303686179960246,0.20729128694753143,0.18285932039208305,-0.0680065427222866,0.27851424280904247,-0.015553559388513799,0.10768093959113201,-0.4649479486258087,-0.45244365141169884,-0.20306518968121487,-0.37691769593604885,-0.13449136779837778,0.0833015251459904,0.27865212976359166,0.4307081675352271,sad
0.2898299215381484,-0.004870395332688265,0.37514440096222357,0.14956137278749645,0.4287615754000323,0.010680421757587821,0.5624170058716951,0.2603591483611244,0.006010965848149502,-0.339329309691812,0.009119760927983445,-0.22983944480110063,-0.04192251276141479,-0.25744142064161624,-0.16195231469331206,0.20139540426838112,0.4956614071851739,-0.11524948790630618,0.21002784694139204,0.3876476990268182,0.25165725004755735,0.14895831725163614,0.7421921950708995,-0.08365592151587725,0.1365849137141922,-0.1478616508561219,-0.10298947035843461,-0.6755900791806633,0.12402695471546096,-0.11316455621181565,-0.23990533352871346,0.49414528765463056,0.08863034899987639,0.07386916165196433,0.06383324006940355,0.5611272878490564,0.2889475374508221,0.16153326283297975,-0.15798038813391413,-0.13106511134722681,angry
0.18097284776868783,0.1677914264613654,-0.26426135274421725,0.06322977396119372,0.3512398068442266,0.9462268563078565,0.039065973666996906,-0.39773052224528405,0.27011704545934445,-0.1181396924371668,-0.3904902939591869,0.04342359350300258,-0.161917416251598,-0.31941150640136795,-0.3534102528919241,0.016050601326194708,0.14844425273191808,-0.2429047798663983,0.5056526051467558,-0.02658388829754521,0.640873687994124,0.34225679183191116,0.15496638676812813,0.21072671339971483,-0.10135325146358559,-0.04177105770180187,0.3332615211170725,-0.24660533041522037,0.10691649176990817,-0.28452512705746547,-0.0030044449062761186,0.3197067685992154,-0.14227466789091708,0.31136638949922374,-0.26206088972252506,0.007931617400330215,0.17725557193853186,0.4596879751826993,0.3524417817642501,-0.13374799164536794,angry
0.06198174500437952,0.21970682033527422,-0.1519298274060707,0.38767473292463167,0.6323498031810896,0.5864165689042675,0.07967285866548743,0.05613057914567286,-0.15522206266915828,-0.12197369849427539,-0.12253025077133953,0.07320010195256504,-0.08307752057376655,-0.3104371631207331,0.1796171734696228,0.26717665283992587,-0.025659640498308933,0.14008369256201947,0.23392210635498706,-0.12015405942517449,0.32474956092187224,0.4277235941059408,0.6887172606188975,0.17517852505666714,-0.02404738949218163,-0.06192692767088065,0.07483334302416814,0.09582384550077405,-0.31148979541094723,-0.011450110026225674,0.16590857613042498,-0.42264885809371167,0.501722702265945,0.17481545045117852,0.4941699251851184,0.28405856021153575,0.2213767079416436,0.22126029397941138,0.24624788129081604,0.3132710680752838,angry
0.030082232567571976,-0.10555281439375394,0.06573586934060757,0.0391763877282838,0.48621949059851727,0.03755485439721401,0.6092220047582866,0.1925851208200312,0.058586306729424095,0.33034887198171947,-0.14970712630124822,-0.1688601044857071,0.09350897097023844,0.1090057844717198,-0.27208030185481963,0.6641168299164865,0.27173883074095206,-0.10903995650880038,0.21886108355370631,0.5254084368663424,0.3490000570512276,0.47700962207788733,0.7967635434556777,0.3634009205945489,0.5528831043764246,0.14902781843996987,-0.24020878514944283,0.278812337842959,-0.2673216941357338,0.18439803971183122,0.17082607095075414,-0.1269849793183503,-0.011644704456338584,0.19004319084146815,0.3828045208333033,0.6352906408903136,0.308697843148427,0.722907865763342,0.4008651076865234,-0.05563329099502229,angry
-0.049598044884469505,0.2051521362553,0.1201185455807339,0.2708970788223585,0.500589323563877,0.3531550658514857,0.4839829321241371,-0.0009847557043000804,-0.12356435027981835,-0.3342337608428683,-0.49158323483049304,-0.194918719464393,-0.07209521334198898,-0.1134461432943007,-0.008622859212449707,0.5733679204300446,-0.1301590549060085,0.15023070788337103,0.15334894958393905,0.0799381914333821,0.6452975804904215,0.2680206297246477,0.5316409508598945,-0.13804032525981025,0.5331662235653836,0.5583654177859514,-0.2786544020703975,-0.0885791952215984,-0.11175529842059867,0.09766236548640578,-0.3050182917554305,0.21393338089052036,0.35829963934948555,0.0960024811693102,-0.27193558137938234,0.14333785359199203,0.2018950572618193,0.44906429486918165,0.03749636379287569,-0.1735738838846102,angry
0.26833667939528927,0.2852878797835653,0.44192705009788424,0.31296657370294534,0.5784701225094945,0.4233564554199636,-0.19905999087706117,0.22774830210770158,0.29196855293958823,0.031160780586678302,0.3253103192871223,-0.19090490983902786,0.09108225164384665,-0.3653032741021428,-0.004903011952711575,-0.06990001925049208,-0.10278092374110576,-0.1043600245064562,0.33591294553071627,0.41843261830600736,0.15276498636798305,-0.029217164139021534,0.0032338664302627024,0.3376878558891582,-0.2328970330664722,0.2799797885685287,-0.47484190605209375,-0.013005578392516093,0.0903136557996494,0.26622551700610453,-0.08428924212478256,-0.0913184811856283,-0.17632490418048374,0.4760574461576945,0.2646090608200898,0.20122450876339082,0.19844214245781425,0.3239175054714044,0.2028717041042781,0.4113096539465898,angry
-0.42140182244644564,0.40607126428017415,0.1277388016598124,0.2841191862178906,0.23800000701293722,0.27623959323207264,0.43835782156626857,0.2356973681972352,-0.2595950512641497,0.007418712482557918,-0.062119098154192504,0.018031664497189168,-0.07092114602761523,-0.0758059732491988,0.2537996107372345,-0.20235553732817368,0.6947203162255238,0.08376489051075059,0.023601909118142972,0.5098203445339629,0.5826714377812836,0.5954789030950394,0.5898673864713206,0.26982381719769155,0.08670073507860226,0.09267466319570936,-0.055355381942277154,-0.21541461266820272,0.32789801953649744,0.41833230371123614,0.028156639579078102,0.04562405463167586,0.05983307206334143,-0.16886693416981724,0.13065469607983485,0.19022315538822648,0.30161162018539456,0.013570193356022692,-0.2774427001409723,0.2830250793580262,angry
0.5503628706861148,-0.33391482869293676,0.2299494537642426,0.5211141982913899,0.02838180838629603,-0.058140649084060136,0.26137080112508077,0.12541525733591705,-0.05485369281031274,0.4385237590792658,0.340504909414037,0.0927650927217267,-0.09394168945622322,-0.13312760871394286,0.22285725884930435,0.01578500704124773,0.5268045262795478,0.5416910941717038,0.1367676497412094,0.5098742730231346,0.7119224458528889,0.45290661466347826,-0.004606211645617489,0.09040059652515678,-0.007179318672170587,0.036240651980771504,-0.03882097232900264,-0.1597296436688596,0.14988210011373332,0.3113199701315934,-0.10558124170926886,-0.2562306016785225,0.2854345167664232,0.26371697169209096,0.4162236547902243,0.1594320643581628,0.3908673044444431,0.04798533522876594,0.4827768140968234,0.5526029567072301,angry
-0.09993314550953653,-0.4380342430399212,0.1553584015662839,0.1892032959449067,0.3830453547582052,0.3204376303354388,0.3912175898154414,0.8772241136088073,-0.019951393018089236,-0.05052715140522013,0.08950022535622358,-0.5182728030371672,0.134766776458134,-0.19196231250752926,-0.34237645036888315,-0.12209808239449924,0.2953710474088822,0.4550484485758587,0.6145978246516222,0.44384925321145585,0.15398818777251402,0.44263953272463147,0.22630638533036107,0.7563257689687745,-0.42280304907143784,0.42287314416653177,0.1596766511007472,0.044158568384857544,-0.07421814871098906,-0.15421845717158444,-0.19272116657724603,-0.26409582329727177,0.7150279961447542,0.5092980706750941,0.4916047191259203,0.4334400561333669,-0.14932317953875818,0.21798204539331217,0.2525268996256625,0.43357985139298943,angry
-0.10665348673931832,0.2906358041173258,0.22912245455147404,0.3391156844543185,0.14963365684465454,0.4160736886639295,0.29811053560314577,-0.25876082370154463,0.4330222083570794,0.6023421919152749,-0.22838085135480557,0.2417012962040409,-0.2969407467859233,-0.15877439889674783,0.4669695201990074,0.14936953924186488,0.5585966104977949,0.3278646867167231,0.5655506987113772,0.3029214869956674,0.7030802019340393,0.760557308142718,0.4258786494841758,0.040136219980813154,0.009856107769361466,-0.20614670132712515,0.12844103368440088,0.08232367956367942,-0.2158615757620762,0.22552227334599512,-0.08616588665681443,0.5901324331804991,0.4212296472041116,0.6820013966972003,0.15459614542347655,0.10309550042676288,-0.11702589281723155,0.45852015458795153,-0.049749744728720735,0.4889838653990807,angry
0.18944186466907217,0.4228878292651219,-0.02265519062668714,0.19279571712847313,0.3998789987432071,0.5191587233537396,-0.03467754329415626,0.30346457127612514,-0.06817684061128668,0.26434095887991693,-0.05706851694262258,-0.11167483640092762,0.06526203459369534,0.27040781842529804,-0.025464081055623422,0.412793651959803,-0.06195128954266879,0.33253851534162454,0.04034752773561645,0.40410386671497134,0.12335379046730272,0.32811568227243193,0.41688431123697633,-0.053862081066581496,-0.3303906314307908,-0.009135912198550838,0.11141508059417624,0.013668182012239058,-0.26414587626553687,0.20755771238925996,-0.010926772557442371,0.32884688289510144,-0.0027499271486236404,0.3963428465027044,0.6275917641567396,0.1883923622036259,0.2679553650056927,0.45232545506579647,0.3620739103700704,0.24184862738753737,angry
0.12251844882470088,-0.1579271355134506,0.29556106015406924,0.01805897494188613,0.372992294302652,-0.2492345009834484,0.6419825424564874,0.6880946839726522,0.2462236762398509,-0.15205134553244798,-0.0787900325047903,0.17993086316637352,0.11639581129819429,-0.19532306262331067,0.3291808166988912,0.2831437626659421,0.31600529245331527,0.17033731728526919,0.31495140883049255,0.17031726561268168,0.39328939431398435,0.1512228260439359,0.548291253401834,0.19234414624460347,0.15483371256640105,0.11210086996394669,0.056823665336352,-0.40146207479872287,0.2756092629487715,0.01926489873792603,-0.07912283919553809,-0.10637779894103763,0.04419072859686503,0.1307295410944207,0.3335872146388479,0.13618190272048522,0.36377227549355945,0.32982126453740035,0.056419663092601546,0.696863877747666,angry
0.11965141438299863,0.3104591875746522,0.3203129601692913,0.2958441661203925,0.5151095481285959,0.6703254205635945,0.26237951738364407,-0.001717557674900047,0.26666151591443177,-0.47920061446366724,0.030888771280383018,-0.09214142715708495,0.028374564609925795,-0.4010503722643062,-0.08254422757776184,-0.15670023485782875,0.043485015416174555,0.3969713581770648,0.259691630973776,0.19164151388756062,0.6318702622465402,0.3104028067547661,-0.2519680238439531,-0.08435893268120767,0.1947357343522933,0.12846492985235863,0.021516180215463254,0.0054716962176240835,-0.27543217733782355,-0.040055206983442226,-0.2487117585253129,-0.08556434340582059,-0.02517313921283293,0.06122239171023833,0.2316531971927242,0.27853928885544826,0.12336201465669591,0.5441816795886795,0.09895460841657691,0.5115923115186454,angry
0.37895122565201755,-0.08928987298653432,0.49394414581392854,-0.027554783941715677,0.686438002758296,0.39069419973129965,0.016320060294309074,-0.3489283791207381,0.012506663321708966,-0.2998709768051909,0.24105241660108287,-0.37365707956483174,-0.13049643932759553,0.07184674654937992,0.006189407883665329,0.1396715081746387,0.09371908705043999,0.40727487515471006,0.05691961832492384,0.45801748786001556,0.020894542156349144,0.3296139362133713,-0.052680632054858845,0.10295413044304852,0.21736009162069764,0.30481338063209507,-0.49673423067304334,-0.26776897685562867,-0.31262499674891775,0.26327673775391924,-0.18712740921795468,0.2766248440081994,0.0553161234596604,-0.10394338438751075,0.32673345717325536,0.03774784910951595,0.48548024637653664,0.4665929600903435,0.5249238776735651,-0.13193027206884272,angry
0.5059692577398752,0.4345840672162232,-0.1799618545370973,0.8509056820541114,0.7328577154712465,0.04228127587795921,0.3311812144322537,-0.15019597116069422,0.06812177776987233,0.07014299663098353,0.11499627911219926,-0.2781705814496501,-0.08800299245193047,-0.2858377084572896,0.09145859096829413,0.23316728046555854,0.1670635800721561,0.5075760157432475,0.4681611593405375,0.40477406867280497,0.599743520877213,-0.025112123653547758,0.21491089419216902,-0.2885736262824721,0.06462177858379275,-0.11929887932457783,0.14791469217618264,-0.19077467231292528,-0.23325599089265558,-0.0613593510043178,-0.008625575784125733,0.2280721206239566,-0.03553724475153258,-0.12089583787116151,-0.09553381454963583,0.6012471621578995,-0.007760403904026575,0.1466546645537456,-0.07766786324751776,0.33480818035515236,angry
-0.022393741868931616,0.49896401081333,0.0872377722315209,0.37754853806098787,0.5043657882458421,0.5370521176576881,-0.045021048822961346,0.08990698288466716,0.08151152847862003,-0.4276992709041826,0.1386875275875672,0.022058818215268283,0.045214673523170254,-0.3999691263002435,0.043239389111804735,0.17801056821250158,0.4047339355414229,0.09590738711558972,0.4502312122790062,0.7997521323026472,0.20665713120475365,0.18114419426022582,0.14515016835672573,-0.21842509590272996,-0.01919194095039209,0.4002505302297985,-0.2842899665544515,-0.12772994612296099,0.22248032028167467,0.10372410932240031,0.08241899114670928,0.02014304138603859,0.15389691492602414,0.2545030401271635,0.46983884184632674,0.3383628524611325,0.5386964229744321,-0.19757107178476763,0.40043564261596953,-0.011313209763147009,angry
0.12244331436404288,0.09323703749936813,0.42253844686023045,0.2774387518818324,0.47403965408345156,0.1016188557181017,0.29929326724759575,0.48648772099732807,0.3791791869125245,-0.06102470044869385,0.00036049038852228876,-0.16329077698228645,-0.10795477956365113,-0.048792430041700335,0.2991569439420706,0.2163163965134897,0.5125730519436991,0.6065345379342189,-0.027512739134818498,0.39260891658250596,0.20647690061234167,-0.113571718728463,-0.03888580118213614,0.028639928299513145,0.4852285432208533,0.02197287390091343,-0.09832663328870364,-0.0848962731766724,-0.25604741059794744,0.008488290126627496,0.005436897385291642,-0.2968168964802656,0.05346917903118613,1.080719282100202,0.45722337840066635,0.29704706730280567,0.47218085711786517,0.026167924329431186,0.22185974076596904,0.3371093211177653,angry
-0.273523599073693,0.019192515918680153,0.16730332240509543,0.23900531540252562,0.19554424694042852,0.36901465686264157,0.5044412193801233,0.2694778256773657,0.3569864429583124,0.28517921991363165,-0.17965836834781912,-0.0036707744027523054,-0.16874042054024163,0.10985942280016575,-0.08412060408779956,0.028395891528114836,0.5701469578355511,0.18527285602758284,-0.09558479015923099,0.3473023094823944,0.39063563782014515,0.16281841450405662,0.2461820014389928,0.40416502157483036,-0.05246511660077302,-0.043744530517021124,-0.22418717131768318,0.004834535159292802,-0.10030889020831799,-0.2583287800098688,-0.00829570073486055,0.5539739535005457,-0.2310861605444352,-0.08300981739307242,0.38587765724807177,-0.01616185442547413,0.787041407897824,-0.09707633950361658,-0.11750646316398353,-0.0026000071526095098,angry
0.3867849644771252,0.3974842316084091,0.4066156136842234,0.3828116887315134,0.6407259508711426,-0.14022908055491717,0.32350142495821443,0.5358463569738069,-0.15355068882637746,0.1085428619335781,0.2671147043586325,0.23666251566916102,-0.1083383104873605,0.4046603199919703,0.12665015792702708,0.33701478770509674,-0.10588612978722528,0.04608409706352112,0.10261984584419842,0.7503411865963739,-0.2493672079109447,-0.1596468801515431,0.42509278630876873,0.19143101175978555,-0.6459553557287181,-0.09318339389738423,-0.12426680755286759,0.21993498648344592,-0.53474261401795,-0.160532798264516,0.290263018431721,0.2934429689439836,-0.0368447376553423,0.18666155840680348,-0.05494498083003463,0.6559923728696374,0.2065467607648869,0.5780555684603147,0.39733400131739816,-0.09121372485402113,angry
0.08897899519194127,0.3605018686823279,0.3762883349991694,0.6825862205020486,0.5962671408249639,0.3846630240837665,0.42547322637170804,0.015922802224412155,-0.035601270095817095,0.17884976530614904,0.052181152421072144,-0.3354790231853976,-0.09222372469866408,-0.24145008960632075,-0.12910037569800845,0.39177852104033983,-0.07124364417093126,0.07415276112531077,0.4282369545804815,0.34050938584392587,0.3631160646017777,-0.058980082200358885,0.22707679490983523,0.0688417789838005,-0.11714115990580254,-0.12939479695115957,-0.11735525317536566,0.1322558228585832,0.3909019789209527,-0.0005527838016390341,0.3938963584038795,0.13909699130484615,-0.16825392633444808,0.2747317643166838,0.6192051897373501,0.6671110572227587,0.10159415332130017,0.8137638659210885,0.028340537888069173,-0.048354536883121524,angry
0.0020878240703232215,0.5579237070495209,0.37009815071241536,0.5363116749360579,-0.20871858589974235,0.29707485298843317,0.23466177411787356,0.36155400155263506,2.732887085563074e-06,0.3254345105218697,-0.19181962450062007,-0.39982074651677946,-0.46567529983711897,0.2626808503727469,0.1931703383421757,-0.10684613475992497,0.42933126364034363,0.19590483715474294,0.26575254453820585,-0.02719341799498115,0.19378800702277993,0.32167595670282445,0.2870215896710877,0.02705705025398089,0.32346212140891145,0.358957072378352,-0.23778762722260172,0.029683578786657505,-0.4294491850975771,0.07630047636795538,-0.1948760672761397,0.0779409023161099,0.2365969526272645,0.205616928395911,0.5649582339904952,0.14393387874982547,0.20598112923838297,0.354820487756158,0.2022404836372995,0.19344794297112392,angry
0.08133048689934183,0.01588502291419336,0.436772907068676,0.33824409313733395,0.5496547397984971,0.6349399296301653,0.1799961838759695,0.01730561707467669,0.007115467921136542,-0.1169017995378955,-0.5018741897330511,0.3370448302574632,0.03349593911118996,0.5224808212581294,-0.1218937657023274,0.22816629233252653,0.23156186653155716,0.22350417628166003,0.5345153849555858,0.33049820556906806,0.31102321490845286,0.33724635234660094,-0.2977711459894685,-0.007217294924701523,-0.09137164327263136,0.41104734066693766,0.10200661729558907,0.12436863756131131,0.09323397396125221,-0.06718523830001666,0.4390409830602449,0.0680663164835647,-0.14296626383026362,0.41849040506734725,0.5990632779792009,0.3593139515706518,0.4093068145107578,0.5096905521161572,0.581397266902638,0.2751035578236212,angry
0.5395818088485238,0.2830032393207887,0.7837648783915879,-0.009417729709599143,0.5623971430831907,0.38497640867798355,0.29657515571260185,-0.10958011757780861,0.37773516686268416,-0.00465548531590311,-0.25871502595081464,-0.2087881657054218,-0.11901897552112914,-0.013277368310989912,-0.2031682698336833,-0.13441501181387727,0.26739050393806163,0.22508249471825842,0.7731913211540666,0.22979587720256225,0.510340146415081,0.7191026913004922,0.19427432896058572,0.40467336733394316,0.1603435140278323,0.028024339975097,0.3481929351900218,-0.3016909663599181,-0.20197662642747027,-0.4452248848915904,0.013427960150135074,0.3560374847693136,0.1375420616185385,0.4653728315267845,0.1336727806583464,0.6098296506567693,0.2951668044710356,0.1648100103530253,0.6076621408263381,0.13272183722396017,angry
0.27286473272583045,0.24258852346149887,0.44843326683946694,0.3513351581676877,0.04622463545928421,0.3836819698178027,0.38245770147751157,0.2915553432794895,0.0641609322194641,0.4775229254132232,-0.1946816196105874,-0.02756350303350441,-0.012755631753541025,-0.2983073199892067,-0.2710148503938696,0.24654509103827688,0.3291443742087108,0.275467815697204,-0.0855893639701128,0.2612453482433972,0.3884601453571097,0.4485854059955132,0.5269800060485392,0.27620453648863025,0.3182018180010487,0.4132501787059677,-0.5988519717136915,0.17430323986061672,-0.16221369936506708,0.09538918893085763,0.09195360052665129,-0.1265220140614382,-0.01875799722293353,0.3716846709551947,0.271980285660087,0.5096791067953825,0.22892686258489656,0.7932585471651675,0.15150976017441287,0.6314996713041907,angry
-0.047951121052827866,0.34673250498351266,0.5480995107314433,0.006857534202690696,0.10198095604581117,0.4119944442221008,0.5415779343985295,0.5245376956991219,0.25052202159885983,0.2920051719319718,-0.3000554005724311,-0.1599949600436461,0.28110490682243444,-0.17214887731065748,-0.044359524144733126,-0.3307450757465432,0.1200030917781395,-0.14094755120654368,0.3840518478940873,0.6815750178134886,0.4041580464406589,0.33778540402944135,0.1440631528517335,0.29668713443746586,-0.18072949471972205,-0.09783064419951176,0.47673533913839694,-0.37847084883313353,-0.19504403381485913,-0.35684196487928355,0.3340693865034648,0.05937115662282986,-0.10937635225531095,-0.035814013935234174,0.5777676443656438,0.4926278174461872,0.5093369647822312,0.260087932516304,0.42465337957780214,0.445524242230844,angry
0.29025993294212415,-0.17477715539929994,-0.1970465567705038,-0.033477278911616726,0.3936420430215665,-0.048526133081477685,0.002433645139277435,0.20033801389503555,-0.09816226802424682,-0.27148224109339725,0.20298546299745182,0.05337806525467306,0.11749967429729488,0.1744810798495871,0.35222690504104837,0.06880143179109713,0.11309818635357029,-0.18898040096884888,0.23143879178657906,0.1769564155795996,0.5712340768342034,0.4500091968545621,0.5842761558974771,0.4174431983168044,0.3601817904277659,0.13009562025796273,-0.016584256761248306,-0.1671845691117826,-0.07384623901316267,-0.2611083557835816,0.12305467957915962,0.08596670657165026,-0.3022014629916765,-0.39418848011628016,0.127208974707042,0.20873465033731875,0.2355033976340802,0.5754433595754834,0.04809480768579913,-0.18458313639240242,angry
0.21174956044178242,0.43863837161021213,0.658922819420999,0.06370652281198236,0.2589866514428769,0.19818214624849456,0.6141262627014552,0.3501790959440599,0.10888993586418008,0.19991298237398963,-0.12144371494252065,-0.12175326955761925,-0.08791078491953314,-0.17442178163708322,-0.06189803986231873,0.15539122782751785,0.20834889275130927,0.5802515728271993,0.4893550699818835,0.2963893090087247,-0.21114022169489388,-0.07223274040989164,0.10399620580381963,0.0575026879569464,-0.24431897039280193,-0.09327589997167554,-0.029503451571106065,-0.23370732763720226,-0.11002544574685033,-0.06153272039195867,-0.14547765182132577,-0.10708795467320509,0.14780852627375451,0.3115643143270107,0.046778170743426994,-0.17322471183486388,0.07313778905512275,0.3792536536790726,-0.19300187499676302,0.33486977143303215,angry
-0.02620629502325636,0.22204589222937543,0.07299467317877584,0.4390369770601687,0.32482929157282003,0.38192740551122734,-0.21858915776944943,0.34821810586361884,-0.30431687239934424,-0.0599600605114598,0.08088848994346927,-0.12572613693422524,0.03258966501860583,-0.021038498309318754,0.013549338714450049,-0.12859192389213844,0.3832148363866066,0.4860595119574803,0.14888886332975967,0.0948870617359121,0.35627759003617493,0.0966763471713176,0.2513412913603237,0.3378622627446314,0.22143169629024517,0.34247044231121987,0.047962964391539284,-0.3343110289199398,-0.28329667876852427,0.08333931272821812,0.47091113799644335,0.01113415859277958,-0.042350438347619646,0.574526204298529,0.2623846982499909,0.47560918224350424,0.5536648908190107,0.022553706032618692,0.10491798065501039,-0.020391449243394866,angry
0.23629642463195766,0.34397447708210843,0.13798279331154903,0.42991007676260523,-0.11132352558381933,0.3742754918882757,0.32474162567138976,0.1747148005337366,-0.2478500656016055,-0.005906551066992727,-0.29736168214337644,0.2611157598784187,-0.15612363605070534,-0.11146823755700275,-0.03585809375591706,0.18999650492197337,0.16085573629289773,0.3438122942867762,0.056375370422972304,0.5661970220461058,0.1907320202211938,0.45353724016363917,0.2731751122175865,0.3950229938947568,0.04539675432530177,-0.35630743392468506,-0.33326022271768724,-0.14145063141593378,0.24409948884797264,-0.14315284289616104,0.030501800755725117,0.38918293466846604,0.04141147455166093,0.3152139339367315,0.35750052937499954,0.16937986069901342,0.35163852340310875,0.5008219833674179,0.43523224635611013,0.03169887749208003,angry
0.7947342370838849,0.2710411752735894,0.1898824751047096,0.1279856200842617,0.07917044922573147,0.4832879155267906,-0.4340601470211475,0.13793238049999085,-0.22826587102895957,-0.022509238215205896,-0.05244606067085855,-0.38865817237620803,-0.3197433523129608,0.23511900032779812,-0.13937442258254218,0.06109113461779187,0.06851955541131635,0.41216323332143845,0.5614168837747671,0.5218357040655777,0.436145358477361,0.4070089880984137,-0.06130575116397308,0.44968640106198554,-0.06870498667377062,-0.21826646043227332,-0.15107842126538568,-0.27462865769195627,0.01504298011424103,0.12512420544389014,0.3180652664203995,0.07206439146968907,0.03399312054521529,0.17755784989154125,0.016029359852667457,0.13748609591957275,0.7662520602313749,0.07380040670877033,0.0810448383919279,0.2581104450497648,angry
0.17040584023516617,0.3686844974425648,0.05102085767271697,0.04691668067968269,0.6197436282630283,0.1320087678029246,0.22005865792513749,0.2236957169830055,-0.3393947211960405,-0.027635296734497883,-0.19719316963975897,0.041196579090576876,-0.16122310123466965,-0.5907878171182432,0.17507847625988912,-0.537322008914039,0.04597201488681571,0.0544066030924541,0.13127788263483714,0.30322066210473886,0.5295331486571981,0.07015072533927322,0.07344751604603021,0.3166127034588633,0.18135129461965227,0.1582795543400703,0.015221427467122933,-0.14555561390573812,-0.19669095195309672,-0.15602044248423635,0.23010931698524656,0.44527862556975495,0.6389587966704771,-0.0012861964563192496,0.23524319293852908,0.31127883321297256,0.2586988008383696,-0.010282243585193057,0.7013600495166302,0.4654673693850947,angry
0.0719539824220275,0.08217582035525986,0.2528780378451339,0.013266914803353125,0.23073227725877893,0.47321399103682216,0.632870385598644,0.38345964964039775,0.3999523949920345,-0.23059359913624072,-0.806704029825328,0.2432154000816733,-0.04431507825173864,-0.0817440068401594,0.38462159157613707,-0.1639277928819442,-0.0823919959534154,0.042501692001233854,0.6570272080579828,0.5302244685825653,-0.11396497434080458,0.6668011069175558,0.22115587980247725,0.24389582309850918,-0.11952249179793101,0.4350125028221873,0.04121857295543489,0.2238089727861474,-0.3171619471054262,0.12139465412502426,0.03944819757269155,0.04148603895799488,-0.018246734806139753,0.07768368545451795,0.01462831547740362,0.15347311015143758,0.29184976740269375,0.39317991449000134,-0.1806550062465464,-0.1348234852224951,angry
-0.034581238743583376,-0.19934340751767055,0.18644829310449582,0.23486702443152604,0.2651281355602048,0.3890565754703097,0.466949674702134,0.3640749739059167,0.16078165061643462,0.1580381576373449,-0.23316858110937944,-0.30516137105225616,0.06563865420889495,0.07156856114432097,0.5118252214950562,0.009197413726836148,-0.09193098529467139,0.28678465285800514,0.16849029801007973,0.09485938836894428,0.6309338637559933,0.7332520234279188,0.3059093183204539,-0.012574744432805735,0.12364704263571102,-0.022197771740083305,-0.39282623226899027,0.11082215556017402,0.0008887390603818796,0.2546738954056754,-0.11394447968437138,0.09111403277988596,0.14695818665560556,-0.16625883815845122,0.8895423912479311,-0.18650281012411618,0.02587312317775911,0.17117436953012455,-0.18231474496893607,0.21202401181681835,angry
0.0012748317855723196,0.20818972002821917,0.31219443493738547,0.3173236995523351,0.33589230185296476,0.2576190656933603,0.34745745528246913,0.3694826256298696,0.03616065489243912,-0.08606768990790375,-0.13688669267364795,-0.004861674925297155,-0.17251923336978692,-0.15036615379168977,-0.36583549171130836,0.5272947186883238,-0.14790054774678774,0.6232275443310314,0.470278535293697,0.5563386181368193,0.3738100946418574,0.39813250266697253,0.2924412460002046,0.2899505085628139,0.2694680155598978,0.36120024123688554,-0.2938629931748556,0.0357765619866737,0.3124748328663516,0.29714350398416034,-0.22082937937837982,0.17699522497704323,0.24871226746223019,0.31069989878873283,-0.24146103201224656,0.5266426728865807,-0.08031221919826473,0.789731608652545,0.3561225700534797,0.09658200515135283,angry
0.2727983187088931,0.23345188306632536,0.13680568530451426,0.2857284545755424,0.40474619175776627,0.10836703663844907,0.42619940838092,0.4540678084670625,0.3645907345137238,0.3134335389309531,0.28076718971235326,0.10058753654930067,0.24013460737472153,-0.03521692632675244,0.10179123060497404,0.418076814497644,0.6238076069846684,0.14568680356481667,-0.06232427781470279,0.8381181136530099,0.5996062424926365,0.7301834510036486,0.44980593264124386,0.21479766330875186,-0.07720615471356729,-0.22810810401899106,0.30297177513154727,0.16456207259394046,0.009789537840344212,-0.2998712352085748,-0.09488420376558285,-0.04157189879776513,0.11502655873708126,-0.44170637272697677,0.3604939455463234,0.7038756037771662,0.1797635748843942,0.27572810547939536,0.27034593460641365,-0.11742510993628547,angry
0.2295724113475609,0.005978144032819932,0.1625669807562219,0.3735229951226956,0.3114720302624283,0.32916973043447645,0.03404561421728894,0.36548574068113726,-0.1547578826022803,0.23788433462805902,-0.14688889030612395,-0.35559833862816287,-0.09479019630208763,-0.3052344722347593,-0.12404056374273878,0.040672302678766814,0.347897279988151,0.4260616660302688,0.4065402370081236,0.2522432496661994,-0.04999333204938236,0.2353050912122363,0.15396323331830283,0.12573344024708927,-0.05111160169821957,-0.1225419093354384,0.1482163355067908,-0.39847496720898123,-0.06459895070588487,0.27757060381342125,-0.15554606422129136,-0.13141232899122046,0.13392749457681496,0.17421174461426928,0.3699575774553243,0.6554756140554763,0.28135317566563045,0.4056256640842707,0.06199020853454759,0.006013268045204315,angry
0.19674981319679682,0.03993459820969081,0.5622608185077663,0.2132086088908936,0.28533865833219574,0.05135352411242303,0.1513157321920485,-0.05632399542622901,-0.010415325039665468,-0.4019069192851138,-0.03269999332846696,0.3593672357516702,-0.5323599062978773,0.3764364327193036,-0.025091477728353573,0.29342570038318927,-0.09004162758996423,0.7279453195438782,0.02539816379244275,0.3015473083944469,0.7014254953447709,-0.023884875213792678,-0.3411561308167046,0.1384890746414803,-0.11217747607180367,-0.2347533701666673,-0.2736855828325572,-0.4343451922109962,0.2759237808584841,0.26853247284095266,-0.3044039373927515,0.08155840661734023,0.07396868079979078,0.5273779251934183,0.09815942701590993,0.7227661290311312,0.3114406572818761,0.07363601682702128,0.1798155431507153,-0.02059864541586301,angry
0.6799375366184589,0.2381740339836549,0.1484872292792999,0.33363366591636057,0.6870272984448228,0.06614563635342513,-0.16046390233577157,0.5103132976252285,0.25835037289171475,-0.08151298095083132,-0.052006865108848666,0.20432365358055266,-0.7499689487797782,0.2644069854454607,-0.041242469401366194,0.2422033379962672,0.14160211839966397,0.995494702101361,0.1332368314666092,0.5909965585110517,-0.328288380168435,0.2963483034138896,0.4245084534961562,-0.22973688785392543,-0.4303101418021943,0.025622370069450104,0.2003163464861411,0.21785877753866764,-0.24077576043226523,0.05287339954999769,-0.32278333821235883,0.5398603436008456,0.042312221039497264,0.5716234820442445,0.2349671840331875,0.23904372564274023,0.7121758012539623,0.04853331036375527,0.5218688089610839,0.03230007450562217,angry
-0.09790791465277934,-0.009384795526554607,0.5463193140621457,0.2879477781626466,0.23233933089499428,-0.07466967179126532,0.546350776819692,0.4456954704584357,0.18513158150496495,0.22171243942266355,-0.8452763718545102,-0.20438409166328042,-0.03788088128299774,-0.026610500252449654,-0.14181911965180072,0.13159699059989546,-0.03002583248872262,0.06345144254708177,-0.026434513805235482,0.35040661258469064,0.13571660192337456,0.1589746081033104,0.5730860951889283,0.1413273603658107,0.06321681934609026,-0.3838890387702326,-0.18407025359576235,0.16686753024379183,0.06571380639848154,-0.021634559407708115,-0.016965536401357645,0.12044690592865365,0.2827348362161718,0.1713150917718346,-0.3211108033557104,0.8111520904261791,0.5909687068350904,0.22559826794273732,0.5510387389982251,-0.20650724742415422,angry
0.4423219672434362,0.24611046767884048,0.486259982585556,0.22055338565714885,0.3574898958159972,0.44669452844352775,0.5146104801601442,0.3117935570794389,0.21466303662281216,-0.12107430350480516,0.3941543143845594,-0.02013383973108196,-0.13507875352545756,-0.13437781819664246,-0.3009320080868429,-0.11266751673109274,-0.22883364526075983,0.2777047759301081,0.26408963303467825,0.3704787122372931,0.00328507409256254,0.17889534637865756,0.06631346202390843,0.3996784595116341,-0.3009118529920937,-0.380172075160257,0.26756291566364887,0.011450094653170748,-0.4644124926728199,0.3020751786986743,0.39987339561490004,0.389064187281415,-0.3326645046782832,0.2823765051341724,0.08412812524081437,0.25297377609409183,-0.08842210724402841,0.6973846129601426,0.02486372104839346,0.1889137295374505,angry
0.32073632573265465,0.35131851240824885,0.36674297883831963,0.20885267307289568,0.37457672923334323,0.24503002519661352,-0.31627314086035474,0.43286097725317013,-0.053563962672697585,-0.1039380614444734,-0.13863447730246425,-0.4201069992204115,-0.38226780451751796,-0.504826658355402,0.11628530422075731,0.36675885531274777,0.17000063144243455,-0.060311253350905425,0.6104887470914704,0.23525136427438537,-0.08351418218115395,-0.18694136426240288,0.2713562252723005,0.512140333440471,-0.02496263781005631,-0.1599669091858072,-0.12278147388485669,-0.2920393980740501,-0.2099431242630706,0.026977979424426035,-0.15506778259416643,0.33572859069403804,-0.06239205549902349,0.4284475400497517,0.3857630706092502,0.22185559763946264,0.23121320257762967,0.1815052439625699,0.616645658459866,-0.08392996403389705,angry
0.41554952019149327,0.4492110591227313,0.17813059242025597,0.7098921870340448,-0.27641334764447656,0.36046741089231576,0.2832908254456241,0.18675030498694986,0.3116430740573871,-0.07458417167369003,-0.08310640584547413,0.21380899668402337,-0.10915120615211221,-0.3133251690629859,0.14069752063721347,0.04978678197277009,0.009364742689110694,0.36330592018277114,0.09010310650122319,0.06900782275517689,0.24893576642459642,0.23528643068773655,0.23836798453968683,-0.1507361926022175,0.5003781063816461,0.1670414583786749,-0.019266094395278655,-0.022805009988787428,-0.6993505218991235,0.19449555671251817,-0.23041381480906697,0.22803474950143432,-0.1171111002866207,0.4972028791214435,0.1651461981327682,0.26498151233076084,0.6874504072168682,0.5099638782846057,-0.14725467888151245,-0.05632833891077699,angry
0.16678547629982032,0.13822983307409245,0.4644953166080666,0.13413430476925503,-0.1510230443449153,0.07089596125963613,0.20462013447446825,0.3185784959162814,0.28812757760674795,0.33686481353691466,0.022181054718373686,-0.12456933685493823,0.10244734491263272,-0.07990450599930785,-0.11912565739361286,-0.04658716451406855,0.38248295936004617,0.5965591517878645,0.6118898103818559,-0.08551972218679055,0.5874792537404817,0.002684521592407285,0.13977320387008957,0.2969274525093406,-0.26305008506658695,-0.3086252390643576,-0.24251413497379598,0.341845471699876,0.19538254801912056,-0.26122848384887976,0.05994727759749384,0.136145918102548,0.2598798649513719,0.07338085145841186,0.6593528515498129,0.22339974311873587,0.5102826247274521,-0.15836118612692307,0.29478676678360055,0.1546582067689501,angry
0.4579094992373345,-0.4524320243981603,0.40150651058945175,0.5088419578664453,0.2520065761243738,0.628119081934883,0.7769287479854401,0.40209533872633185,0.3049072186365259,0.3630091252302855,0.073602064683404,0.23365728849282408,0.07008884817698777,-0.22565212717407968,-0.26416921243593156,0.36482958437351476,0.3006343202236914,0.05820108426082332,0.29014490613860433,0.6811890522036897,-0.11382068341129173,0.05789714826792164,0.40048275005436196,0.3571173603210367,-0.22189981241367734,-0.2502100273259921,-0.01280711880187732,0.271984099510863,-0.07011512685943108,-0.6168535916639681,0.28356500276042185,0.09752275168310512,0.06758727510552182,-0.038791071275117134,0.5985864661577255,0.38576701083628134,0.4071778487497682,0.3509210639710932,0.3065249827341231,0.3284142181794607,angry
0.5478632953730631,-0.06854281981492408,0.24442461371279633,0.19258539438580818,0.7398500075229292,0.22759463642509253,-0.15154075298218905,0.175489202098985,-0.08049541431458476,-0.15918301499209925,-0.14779062248859492,-0.4003740205869175,-0.5634656275137874,0.4337355267310723,-0.03296008920186971,-0.16315216782474473,0.3068616105055946,0.5595342419420887,-0.15399699927654426,0.20291137551796606,0.38511789414973163,0.07212141106703773,0.33848186204992053,-0.15882686921621947,-0.09585116383785158,-0.03179913560125136,0.05276146640410086,-0.07007623758807685,-0.2439484355286371,-0.12855686230299876,-0.5036900989375583,0.6367961931192254,0.07949166618634912,0.17736323203614507,0.3656361425712791,0.4613581123667595,0.39141149041072865,0.0930546995736421,-0.2181466270554251,0.07474097755117598,angry
-0.08142086328342404,0.05834971304949971,0.2620454433129159,0.36556451740608636,0.6415190057063779,0.2620145990006503,-0.18145757818765507,0.32788991351876395,0.334097370831938,-0.3866522879120077,0.11485107219014584,-0.027297461644094856,-0.21659034808967148,-0.012431754004494922,0.09516290317217203,0.2181977806324694,0.4373047079757535,0.2214985092449327,0.28084366301566654,0.9184970676273813,0.04595681384253772,0.21372732991385712,0.1358753859394678,0.3421838520417868,0.34714907618036756,-0.3332459834009579,0.2529108770716836,-0.37840456366740327,0.5791138577319602,-0.20498858584044155,0.3016350782879216,0.03479515113077192,0.3589424599884104,0.06317233281492152,0.3318734203958255,0.3236010005910776,0.3282527809267569,0.4612775338986828,0.08607734606648486,0.03694524152514077,angry
-0.211376322847176,0.1617099902590109,0.13928461673250989,0.5264718461351019,0.4859218410227658,0.11765543077195406,0.3615910645614435,0.5105677488076642,0.04960980476018753,-0.26839545350533545,0.5796380164201227,0.06481690448983857,0.09593398334175268,0.5721925773772116,-0.2017167970689563,0.1470232449510934,-0.32404855980068104,0.34862307864278386,0.3820291093082701,0.1183290945671032,0.10100545122899204,0.23899545097383842,0.1675780499471632,0.5468493353788546,0.009390117592165459,-0.04143513889612371,-0.09894785796424058,-0.48053308115479665,-0.19572944579520768,-0.37506469000647136,0.0571205914559931,-0.4469870546314091,-0.10002876963121166,0.3145399634397491,-0.22701141416120152,-0.07222474919979732,0.5541116310356067,-0.07106158907497998,0.19412735807886794,0.19494307816917686,angry
-0.14760645108248188,-0.22648586812582672,0.6445141935012692,0.16527657159638415,0.4471163354268567,0.10832921199850351,0.34174100392307427,-0.14750937957259191,-0.24243827749577151,-0.23697503105187961,-0.19433201685654156,-0.2315323999247838,-0.16344119156522202,0.05302420915264047,-0.1366333889864303,0.303893909801795,-0.01614030617287887,0.39051941172765026,0.610698757091285,0.7495422730896638,-0.1838948489782133,0.714321805447962,-0.21713639925790135,0.5051173398055286,0.06678600322202824,0.0857639967942772,-0.29198385572626623,0.153493544350811,0.09764329188822077,-0.17542861613589905,-0.12925112374716946,0.3164972087940557,0.43981126478925975,0.4431637486181019,0.20355041756747339,0.31886670648688475,0.5401404557955163,0.47211515850855246,0.4791400187068444,0.15398414853609857,angry
-0.05772778687682484,0.26917347554289145,0.37598349368316347,0.17228554550886152,0.43051122854747265,0.08951162665992496,0.3154584201201659,0.030479889844364602,0.6319020612097492,0.32354722124132673,0.029199912446056644,-0.40228349629455107,-0.3874880001939479,0.11993457696690046,-0.039462965098165936,0.14768195600101308,-0.2436885558541273,-0.1511255964002478,0.31178333032102806,0.2622737175844806,-0.01900943552412307,0.08285514722079873,0.42152918564943365,0.041716718637797245,0.21435825847096668,0.41149640964746476,0.02956559561461175,-0.04797304440529837,-0.2225694909843835,0.26798489702826406,-0.3358592264322795,-0.17240228428546983,0.17719201404755971,-0.11746750287906507,0.5442940219250412,0.16193215938938105,0.43775029948581756,0.18520844944670645,0.13367732183820033,0.12177182798254789,angry
-0.3725796108028369,-0.07549686505174755,0.144193455748357,0.860598988597171,0.5216620344514775,0.47989557131435157,-0.008640995514694022,0.40479218176009385,0.41354987982602964,0.21343421095078252,0.619555098448209,-0.4108611913293405,-0.34940155229992714,-0.12089823304540442,-0.2459029156982796,0.08321777416339808,0.28035185969938603,0.22173905092710086,0.30793566383919596,0.4153398525245688,0.5076796228064633,0.11754664089006903,0.05750016467459733,0.44822521737026844,-0.014888524043440321,-0.2105026833682801,0.015540590924150777,-0.168794259058058,-0.04460044083716483,-0.053242396478111575,0.18270200150961546,0.3302057834027481,-0.026478539095054154,-0.053631530824653356,0.6972695809986976,0.1459728304371598,-0.08348008339968319,-0.2126792481620866,0.18660365571611376,-0.04383305096258025,angry
-0.3406623859023263,-0.041403643341773766,-0.0035308053395730066,0.5529992634044024,0.37546980011464326,0.29446961368161484,-0.0684077536809323,0.1346913779585437,0.2660336715044636,0.06325521236970054,0.22552177867133352,-0.056302217941485516,0.09083742260195024,0.057308017279116205,-0.14565702922370938,0.40261722398596966,0.23873885141385723,0.42915655476876086,0.014648445252650688,0.04067501540689583,0.26711846809471623,0.07941201659916952,0.37787932467751456,0.2504582275551401,0.37471085139560223,0.14312147077817383,-0.3394740916377204,0.15456343117798768,-0.23848474916175144,-0.22221971963919418,0.038651688640389786,0.09776891049236203,0.4386295646838151,0.9552644024543013,0.4026265441962366,0.6794431854747234,0.25027043728560916,0.344492256982248,0.06518960122998646,0.010400148558378716,angry
0.4517093592011869,0.30766041163879937,0.3717126571927498,0.10302565379231612,0.7428470823234543,0.25242071763355484,0.08624713409703827,0.1746403509176079,0.2683006404103153,0.21025743065636135,0.3283536722711329,-0.34073585688277064,-0.18972909814832645,0.33255417653468355,0.5636832540673088,-0.08836497358723944,0.12444967779652931,-0.1623794395898277,0.07552356921585787,0.09188583968398123,0.28673894545330736,-0.016106181367417538,0.4556806897549585,0.13436644365124525,0.0055786950120487455,0.22642962199252398,-0.12311161989074546,-0.39131293026358205,-0.06852898895992315,0.503372553996491,0.0487610498136703,0.2312907069749086,0.13104201531604234,0.19470630147420614,0.42341757444148453,-0.3430714364239633,-0.005501549059358873,0.11266660366734144,0.128130180136186,0.4793438575643745,angry
0.7287434526780716,0.35252373121333014,0.3604098289937878,0.4740160981213928,0.6924811277719284,0.052220748752283025,0.12677010612010456,0.21890587235902076,0.17503053666186918,-0.4496207873832673,0.06907951691966172,-0.47159242968413906,0.10915985345447463,0.1545490945540511,-0.5672848292013103,0.19424700537521505,0.19772141310950897,0.06947957861825557,0.5184642593858485,0.8119622262294713,0.4363857417883903,0.008628795780952658,-0.13605329559054835,-0.14298583333010562,-0.18508210078543275,0.27627812235770766,0.014900605562185518,-0.0889496978100027,0.14179602809813302,-0.03398021887216643,0.032031208997364016,-0.10951933322081245,0.02436471886068607,0.25648471822889274,0.0055516605148911435,0.7299521320064428,0.33402909900086786,0.12372932566235817,0.4377115057426011,-0.14761080385251674,angry
0.3798831219465209,0.21571673068123173,0.7294263326310361,0.16618598955215136,0.21703540194529655,0.08645586538520358,-0.06217236392438344,0.2418936216713248,-0.16387473676923625,0.10254251422278265,-0.19832173861972147,0.1865148395617679,-0.7185644900959621,0.04642306474258763,0.007409929437629442,0.06811676342431637,-0.009998691662352066,0.6580034981191324,0.17796356485291284,0.41762917454204285,0.24598906645921712,0.19037476522914132,0.24430636780856838,0.3158214656125485,-0.21057596602817508,-0.12197815303709333,-0.40888436554152474,0.0160289163484834,-0.2894880637429187,-0.2253868017492826,0.18442564761498342,0.09604404865465577,0.279265337368924,0.21266391286398034,0.39767765832500174,0.33647933405232955,0.02404312257174676,0.31204779259805726,0.10757810437187057,0.055165255995998336,angry
0.18461070612940284,0.05612635769825511,-0.0049852124197991565,0.59672573392229,0.7733088889298884,0.20970269986149637,0.5335519830161922,0.2742831073450525,-0.0613057672957911,-0.18636896017450733,-0.10998758125289132,-0.18428979222394937,-0.16657885373315673,-0.08925818396951013,-0.28718125444567094,0.2824817085887459,-0.13472324124743346,-0.044740767059084474,0.5097833848769731,0.5004001907114591,0.6735542527180158,0.31340854561761744,0.06125107000760387,0.4325546258955914,0.04325192809084019,-0.0362379000239994,-0.2696785238664765,0.016843302091447937,-0.6672293503879136,0.09117472961484188,-0.47725246302743185,0.31648453516678754,-0.21010075060637817,0.4172422043870322,0.9123911390972097,0.24533927116302778,0.010847385283705074,0.7441008988259035,0.08317006298693176,-0.16304885180991474,angry
0.4281597868637054,-0.5167183134693637,-0.11117282935900347,-0.026580022760723576,0.141243788822695,-0.21003515154717783,0.45304225481278537,0.43371632097206697,0.0847685059314097,-0.08152086433905872,-0.43074439881711324,0.03963137109268847,-0.2588125991669312,0.09537711106845437,0.2495010272654493,0.07851434427713845,-0.3812462073499827,-0.01231538549390096,0.6205856755953071,0.379679361555081,0.6660403948009707,-0.27900228875558897,0.19382376649586158,0.10319191059542934,-0.3389173045578394,-0.16610368141857185,0.1864322257459392,0.05202514676012743,-0.21070477438721202,0.041937399501216166,0.32035476351616754,-0.17063415851437996,0.2518905076436208,0.5089695738914655,0.12388739623348505,0.6408537516067587,0.28000877678773606,0.5372406073909792,0.42493212738417985,0.18177758100174127,angry
0.042805211208529675,0.03023046253896572,0.30254584555584596,0.3555843811777503,0.6668363936934806,0.2751353944843438,0.3369046913650007,0.6008101924499412,0.1809552902710564,0.13751561820443386,0.3635643066696802,-0.053017030258353415,0.01760369155784633,0.13199014941743503,-0.03313697297395651,-0.20991998148481905,-0.21734408740775535,0.17254809886756065,0.56209386159446,0.5612266424634007,0.7196742580391347,0.5074462120283382,0.06105605592123291,-0.21539146464154224,-0.06066829618785369,-0.0701577878705906,-0.2426369370643553,0.14821516048576366,-0.27392955901114246,0.10634397060938403,0.21870137591636019,-0.3349004010551762,0.07377464426130306,0.5627687448699509,0.5077292229215494,0.34643267791898047,0.026269428147947166,0.08477672874856673,0.21629271256092542,0.43130685461968954,angry
0.23921455215400217,0.17272240436767733,0.3186387797370626,0.49749099738935854,-0.12224768928716964,0.04925869756522444,0.2562783410195001,0.4814371557406704,0.36954921640353566,-0.17191146525142553,-0.03302602873526461,-0.2614255977321527,-0.18036951386654126,-0.02147087670969261,-0.09491058665826912,-0.07171197527518897,-0.1433347668222607,-0.17349425402445656,0.23201484525574245,0.3592957461950182,0.4655493019225647,0.07571822514220886,0.04161956954668096,0.46265817151854705,0.17123996976415756,0.21601353171512816,-0.19991629294413021,-0.2618399568724506,-0.36437203473726143,0.20760601623938038,-0.26134295424031756,-0.3329914305231103,-0.00842325586126641,0.5636286999747484,0.30265952905840876,0.3733217829437458,0.3311859934706175,0.24792536573868423,0.15164543159232294,-0.23504389891386934,angry
0.5301169266628357,0.15537770421724972,0.5617872559032389,-0.0878165754042386,0.4498698158350892,0.0012417933539346504,-0.07474142260157327,0.24472273377639653,0.3559384425680485,0.3631663624852028,0.2920259992490968,-0.14489459501183488,0.11217638329022708,-0.2073877095862362,-0.13997896384881608,0.1278657620913578,0.1176262887873525,0.433576773688351,-0.17730233204613333,0.5943460051067835,0.16599579805292866,0.6480218651250544,0.5073297953517482,-0.13989884720304152,0.05489589001610587,0.1641798960188972,-0.2554292521365962,-0.2679828110294391,-0.15266682623415873,0.14623920745686972,0.24880955638629815,-0.00575386157326549,0.3853859796695153,0.615400161984704,0.5256487523073451,0.13314828249982702,0.09334874345497368,0.33121695148591374,0.3989481564437069,0.22284255428781674,angry
0.020276729641690458,-0.03648529144523119,0.5764877151315488,0.26625284111884523,0.7804715122344855,0.01193369544539885,0.16689934594353534,0.020519628084469957,0.5591642855236642,0.33155514150107507,-0.16089686451795898,-0.5543453727991642,0.20529480442410392,-0.023420103490833344,-0.28317956340349876,-0.30384989177971333,0.2491280643706832,0.17338248221045444,0.31810439138245805,0.4118730910489107,0.22170178257377582,0.21459879241672608,0.3887246663859268,0.12262891085620832,0.0011709918037354772,0.15677096525858686,-0.5464616844146463,0.22829292183290403,0.03673391658344259,-0.2266026239177666,-0.01835008767419183,0.40749798013495725,0.31932837905513695,-0.19053710821479342,0.04732832289181005,0.36401796660874053,0.7491738734452985,0.45291031130022397,0.14842781544787056,0.26278211969169374,angry
0.1232648007809552,0.12266186823689176,0.35833351041916867,-0.22411489316893474,0.5702335153825505,0.43349922276266983,0.14310014710932267,-0.029169382185372073,-0.19568938482878873,0.09437107020225871,0.0017212193279346616,-0.028435014077844517,0.34584365226819325,-0.5993108345964393,-0.17902015706459173,-0.1197907581643011,0.387036173280454,0.16452436940845114,0.050786443902463535,0.3674847374649296,0.41668409734760153,0.6843125886968192,0.29002283299047527,0.04308697897779942,-0.05241734331795281,-0.20156340390222827,0.06794968777056119,0.12420609568067068,-0.1281471203103081,-0.06835716461664296,0.369078542468687,0.12901423149547536,0.30700340759337486,-0.01629156711741167,0.15076995096842052,-0.2097830572602355,-0.03182000670560528,0.3556688364804108,0.507640262856661,0.05395376166865053,angry
-0.17578101105326355,0.22159905828867602,0.548155156084396,0.266647875761889,0.5479060915414288,0.2852367038400016,-0.05244970759096032,-0.04129095010042877,0.040626896854684555,0.5929836950083145,0.110293267230957,-0.13092477474649367,-0.006310370550084932,-0.0002062423149463699,-0.10962907371264402,0.04636708825348129,0.0893177455434416,0.4111878068381686,0.6716294348497539,0.6455289470218034,0.23734943950289178,0.4222277411496198,0.04769220936903172,-0.11838459461040876,0.09135581064924155,0.15128772855925954,-0.06826655120045366,0.12720107157703833,0.1337465805763021,0.15334121505704054,-0.010591582860905002,-0.2328536982639049,0.6304159397116169,0.13512352876752293,0.48280160581880394,0.44098571766405603,0.22170350532296035,0.7176865851192035,0.36614727846452155,0.11725021006747992,angry
0.017224932760124018,-0.04076671151727235,-0.04877790582324448,0.44919479700701803,0.21127648225537105,0.1890779572823553,0.37844115171387427,0.09781010790793754,0.26592644133365184,-0.13081463006108407,-0.16292894857336848,0.15578547921503494,-0.2465571452290382,0.09863061339616264,0.12566716590830357,0.07464580809627945,-0.25674660710994635,-0.09662437127909895,0.014369130061187008,-0.001987745445619027,0.5296925436138458,0.06971564793700227,-0.07948682225190462,0.027115533703896993,0.04837426973695798,-0.41231791635559834,0.0965146977998122,0.10030105958863017,-0.21913518466524218,0.1648071011500483,-0.35684773094614874,-0.03237451427862906,0.14295931851003169,0.26996192957029275,0.5841622887012203,0.23839510214157483,0.05759860072864484,0.3171710748979073,0.23660047952820423,0.2302991141869004,angry
0.03754460921895873,0.24080668304108724,0.12335282695654504,0.4456159813709788,0.15654088598365296,0.14765054412618403,0.5398158245392719,-0.004339183358725726,0.10449923740685302,0.16658561955149867,-0.11353771846140248,0.15032413367315678,-0.2218177719060111,0.19776493416525867,-0.38393786758909765,-0.26116296645610704,0.1681148329157653,0.5782825751022118,0.6809015271767715,0.10406976772464313,0.3081791052378391,0.16314530121755388,-0.30061955624595715,0.32974279842367227,-0.020727084402865914,0.33625561058619935,0.014747000749108757,-0.20973669581340926,-0.24266782240460777,-0.08175286180621105,0.13827701486931787,-0.017110090788177323,0.872509670425431,0.30326253139525156,0.02071176250382567,0.3391843711341401,0.5880308158897349,0.3693294407017005,0.11644367131036128,-0.043578382743742594,angry
-0.07471722011476226,-0.09334841548975589,0.13692253787270983,0.3710437211580475,0.180185906683705,0.7002255100956557,0.3448730866225131,0.07376388384205229,0.09532286889771212,0.3871370509654071,-0.4544903255043984,-0.014347184778663397,0.5797108749936892,0.19264607617965998,-0.22313327189421295,0.10230440279078923,0.09364420649463906,0.9108665449276042,0.11880304719105828,0.2483590198781031,0.23411478061481586,-0.06634618415576371,-0.5851240461142679,0.09309636983356148,0.1981817205571067,-0.10720704040558227,0.06785394433616791,0.10607030707633325,0.09902266817182293,-0.45314168046183745,0.3975731630753586,0.3147273088554333,0.38032644161379675,0.25453376166964486,0.29938975713010973,0.1858961807476807,0.40981357551945796,0.4908855487602517,0.0574497370521638,0.3207960665905262,angry
0.004811237778881122,0.3438402360363593,0.22798025957383855,0.5180127627234827,0.7937749342850545,0.3560324932192367,0.1311808391491936,0.07788199894427232,0.256924132300295,-0.095098157498199,0.20569685568279358,0.0008930634648538355,0.14405984050956533,-0.18925574848737742,-0.2357810232691186,-0.11128735587562119,0.24985225195771416,0.03347139985525058,0.45556213433748083,-0.19043136767871516,0.1520305843783206,0.24415359767472938,-0.2231050063560613,0.0017291855710065696,-0.2962886607463405,-0.01732272336427168,-0.11250304250219795,0.1044935623799235,-0.27893582720831367,-0.43572624985377917,-0.10659527176556483,0.13632139300485419,0.2069923511496427,0.2945749407576942,0.6017114810961841,0.23285475149082197,0.2554675302664312,0.05679839202312384,0.05315253283506652,0.37789452851937866,angry
0.20984179295837146,-0.4447432590965301,0.5623150609565113,-0.18235697021093922,0.21968118865198422,0.5411320471618178,0.2859090060064081,0.32201944812534505,0.31908135177699815,0.10184727412921743,-0.3431960105765324,0.020127171401042893,-0.24893117898837225,-0.6472283641126653,-0.07065135899458491,0.20874166990247578,0.18310509368036063,0.2305115509847685,0.7143390645409767,0.38479000050646384,0.5428087967773666,0.3671924313595651,0.6339963041555831,0.06320027314145851,0.36473150645901986,0.45047574086429093,-0.14296795081645675,0.1816880768811127,-0.40353881775995126,0.04555275036803896,0.2110312539776863,-0.09805417120398471,-0.25572058906979367,0.2677269764867666,0.22297442577134208,0.3688437312203774,0.38261163445320323,0.4730436266897052,0.5872326706782388,0.2303211583052902,angry
-0.2530207482149847,0.368334311822746,0.3644845500094687,0.3473698661021417,0.7147175093447391,0.3705802145996958,0.16945977327025008,0.30286710243942705,-0.28490486929157066,0.26818392987507245,-0.014377563942082644,0.3498209757646558,0.09608463350360197,0.04526212722969836,0.0521660493172687,-0.21266910580643827,0.13885686092814029,0.3070258847499351,0.5339875301254026,0.42929135253239026,0.49424120478556727,0.46100758060523045,0.10446887319468086,0.23454208135236398,0.026713628379265913,-0.30063028103841877,-0.41718640574962795,0.13325910796653626,0.2893300173836043,0.3235472570127517,-0.1735638365153906,0.48190171716552616,0.5758568179494278,0.07430899867766147,0.4294803627405494,0.7494013337933209,0.3388403463260411,0.565015269804431,0.055089665503742447,0.046054537547473545,angry
0.34570089131734694,0.16737112606443372,0.30524726079388176,0.33965965493823114,0.07768099278548982,0.6777617434089032,0.22884597856978686,0.11229671564600958,0.003764907281312513,0.052608096870168625,-0.2545182928826312,0.15079452096223486,-0.1527392795286207,0.15125530048158156,-0.20636697641287993,-0.16908250504583022,-0.06518644279476829,0.29271699906198934,-0.03140472725956672,0.5322548387572329,0.24377221697786194,0.5144135574478944,0.14178164453309863,0.36073526933345135,-0.1719132501363061,-0.26210248488283494,0.10132231216432383,-0.20575551683391613,0.19704123925718994,-0.19749761881746342,0.1609770251400991,-0.08971095477526855,-0.23744253683636457,0.6132668757993719,0.2571724181527258,0.5666732105018065,0.35836159153785846,-0.15059497858101734,0.30319015327402205,0.3937738814112302,angry
0.4455987790014789,0.6093832870143406,0.3679093933184045,0.2886923997188046,0.34407261277545687,0.020749144597152325,0.44073634029131464,0.3685679183542273,0.1965791915620274,-0.1569198380340085,0.13037472334890327,-0.20138560850036086,0.23529772967854656,-0.19654943115167206,-0.12387596631612371,-0.0005408801065257679,-0.09603149423396176,0.012028484449718574,0.22073716777388303,-0.2850234816381877,0.8148455707427008,0.38217113864850344,0.30426977445154313,-0.06019531166567402,0.12459057659645584,0.0027572200876134906,-0.024344957124178668,-0.4391017520896009,-0.09642002810861616,-0.4968572767061553,-0.017513760756477897,-0.11103534160436943,0.037320092796597495,0.17641416299030682,0.5122444206806873,0.6253523053593667,0.3181930065612762,0.0017434621950086215,0.5693109855051601,-0.2234927854794893,angry
-0.012924903906563256,0.14868183213471303,0.08501809321393958,0.6397284876467858,0.4224996362387074,0.570033639491424,0.18214744765118396,0.401193826632394,0.0690085893380012,-0.006570211131757542,0.04166527274722717,0.0271894334671009,0.06527884800173606,-0.1037677667947263,-0.36935636499319785,-0.004540855890434792,-0.5097832447995679,0.15758819360228515,0.08479262696993689,0.5204044344823126,-0.3540741652916827,0.7815886214759292,0.1429554342985425,-0.2417556560436917,0.17780286140226495,0.12141721964353232,0.0528735571160478,0.46188290116949005,-0.2772980911932301,0.03843936636202386,0.06461833171631154,-0.06433468672569262,0.2556510794379824,0.5650786607089241,0.09014110220322324,0.4317908580894083,0.5567263195630743,0.4263707945831388,-0.19744024609191846,0.1904529985668067,angry
0.02451598064555771,0.5024376316037285,0.23319664460439876,0.7938457737847672,0.014800800850359425,0.4249168106591833,0.03601977206213569,0.6232698149198351,0.49363347291134796,-0.20161198287381238,0.15225432918609258,-0.08210180369773667,-0.4806959767042128,-0.31153985586923183,0.024745010286731192,0.2003440030942004,0.05955395128770525,0.30021245438203525,0.36259446545416596,0.3875397389288928,0.02279174807809156,0.31911258594726777,0.35914876093812803,-0.21731732489006822,0.4541225525562361,0.36165212595878743,-0.01250516191530665,0.43961243908515457,-0.27078603912709354,-0.2688446936235005,-0.12701956487334287,-0.0730408683552411,0.6413622163271859,0.2651831139580116,0.2871696735797534,0.4107649729778504,0.701904198147236,0.3066014831651451,0.1056333109569469,0.18806113453222148,angry
0.43285087411225615,0.148948281673283,0.6150774031356664,0.3837669828900123,0.2770064278684553,0.42367960462285426,0.7431481924339935,0.1239517991214591,0.446078606280376,0.16799014434179294,0.005271383876518543,-0.05832191457401581,0.12569718701385832,0.10038020590610344,0.09312493137073491,0.23628615756605828,-0.05972999439266227,0.06673674755494458,0.03851073043770786,0.232005408782766,0.26509457126398894,0.19479667001038814,0.3601304933677247,-0.08064575278125732,0.013436610351362649,0.21520120319165076,0.36417189610111816,-0.06400549495622701,0.22571693330062534,0.3050616706365959,-0.22266326387249452,0.1649942759036896,-0.07388931112067232,0.15814005532367223,0.4024918196489596,0.008588396580983093,0.4395244708825845,0.23094856352353382,0.13991541032860658,0.2531337717927413,angry
-0.08165085160421781,-0.21792603538043953,0.27232964276016536,0.1305208531605574,0.2717258724758762,0.030390643426492114,0.022297161925861675,-0.06950342103518631,-0.21103854040553283,-0.17328149273528903,-0.2280360008297193,-0.06561272409455968,0.6998410183447571,-0.2056462123909213,-0.3915266153151885,0.21378003878495622,-0.152088353996562,0.006622754460504476,0.19902265196045965,0.32485393726527345,0.33170891391823804,0.3427506051871518,0.19619219757430834,0.42202560989330884,0.27629862076447853,-0.13574860559607665,-0.1080587260187339,-0.4135324953277214,0.08750456712530802,-0.08822391662482276,0.49177618194890166,-0.0653494355620477,0.5527338422303036,0.024548562618009112,-0.11463452043935246,0.10661494381526501,0.3877625615967709,0.5104291378340766,-0.01927966068399234,0.3537386814172289,angry
-0.011382984607273494,0.06909362391798274,0.18686589066818438,0.7079336631971523,0.3606929631212211,0.37172164233485727,-0.12099124968253686,0.22014897024788882,0.168256659467834,0.4224851377468169,-0.2518945210608774,-0.24893926523511578,-0.3073377157179342,-0.2166798188682204,0.15979591664760123,-0.12717651844168495,0.4598283629777009,0.23040416698259672,0.05667041025148298,0.15176099021116773,-0.024811234852653657,-0.07544230967849302,0.5032837317731351,0.36197440243112733,-0.17365158061956876,-0.11616101307538479,0.3334275660564519,-0.2619172011750538,-0.023900426786258366,0.08306506779419251,-0.028181355935975372,0.05137167279438003,0.0940254429045788,0.2748237603020953,-0.08845677837087956,0.324502633237573,0.34430797311805184,-0.06736109147787225,0.3014800242358826,-0.1154491319444654,angry
-0.5296755818397831,-0.28390530099554767,0.2798511063733125,0.43623566521657603,0.20679221697357197,-0.06356563978498747,0.20426616551198443,0.3990274433303574,0.08373323248855964,-0.3420128188101381,0.0702862282294347,-0.13052150391059003,-0.1304948838033057,-0.04769339968544606,0.12767127623584168,0.03598482375698808,-0.09321374042531458,0.1901206588137761,0.3075286922107584,0.5950242017667464,0.006336293535939869,0.24075674292201016,0.00242740226125622,0.20795160146762864,-0.07142222749882421,-0.7637467187759371,0.16979494854570648,-0.25093741039114,-0.3498164784868787,-0.4142208035183036,-0.24485941134418454,-0.2239166486750992,0.13723869960216828,0.27754556703344413,0.2709557479939166,0.3968400117541423,0.09270883085467,0.40119553374344985,0.16213831320933203,0.21786683534156212,angry
0.25969914153298457,0.09774201822521796,0.5569995041558176,0.4919716631366726,0.20934966949554837,0.7206119858602877,0.6495759910098765,-0.2023668275608474,-0.45577725145232884,-0.13437489745394515,0.06894874955648092,0.14682491678317522,0.07403278550306233,-0.06591320374719947,0.2270569915321026,0.2372533407687004,0.03600105946839677,0.2630337142388246,0.5358430525969764,0.15151767847918668,0.15423218790460655,0.07218841709826612,0.5755179112248887,0.30803701189830707,0.27040575654102256,-0.09871290329881244,-0.06755025450835439,0.21036331880674572,-0.14757227077370583,0.24652554677067984,0.014928596070942934,0.09115535405228747,0.3114223929348759,0.4550570415974864,0.7219305427404716,0.22875919931459626,0.711906918593154,0.07247399842470226,-0.017370055954405023,-0.43119777922109537,angry
0.3189082354011629,0.5531548669218279,-0.03387877397588085,0.2221858189165984,0.25130656143841307,-0.0838959226144178,0.26401794373522774,0.25077716633308594,-0.023651336071862317,-0.22693838835340774,-0.007703768371504688,0.0677683456267277,-0.4284245249961943,-0.08276466586463327,0.1312475165879492,-0.6162733083120516,0.22567251037813996,0.6407267041433375,-0.03340502545873081,0.6297306349898519,0.23930178670907684,0.427346267382146,0.18322222772899563,-0.13120484917093445,-0.35023323909420706,0.5772970455375632,-0.3841945788257376,-0.14913483093880942,0.27156680226451946,0.03492754274696562,0.06548369014256508,-0.3916902198581913,0.028305228605721863,-0.07635518288935425,-0.14126344662642837,0.40448628983664103,0.5059520916919678,0.07224317018427948,0.03575710620716874,0.2213085523477924,angry
0.33115602581803016,-0.06333139733252716,0.5464091761854508,0.5322594074778018,0.31719640136975136,0.02549116478750929,0.38751721918838355,0.3483930286879122,0.530138418367217,-0.12339330304665633,0.34888150570683063,-0.16196691506594413,0.046874510021032406,-0.08427612669081919,0.016831032455923142,0.4278555607233331,-0.01860143855484553,0.4263205152046059,0.21548500223184205,0.30365597460122684,0.13721550134141053,0.330109014239265,-0.26491219595922866,0.08529053902324135,0.31666438104458194,0.2026829373102343,-0.45412483369714896,-0.3564829918488468,-0.17646957154575926,0.4211899113599181,-0.080725534304869,0.09871377539512707,0.12023423298179998,0.32434127971661186,0.07452405644260665,0.38060766290751097,0.42110964280928315,0.5175917515135582,-0.020506326153091947,0.33907483218408524,angry
0.5898389587110417,0.39008203989942103,0.43033578932518646,-0.2954721878100671,0.6467740521042094,0.7698115406642706,0.550866373470896,0.30606328646851405,0.30646062296184473,0.764518924602278,-0.21172330804105977,-0.17299005098509362,0.19123560374241944,0.008442002174853969,-0.5340249784540649,0.12583140525420433,0.23631033899043594,-0.00469825222314596,0.3769039545264057,0.3752873381644241,-0.12980319356141964,0.410512983257512,0.7566904534912313,0.5822505000439834,-0.20892279592131557,-0.3280794043179671,-0.039763268471944474,-0.010426512038719193,-0.4043797008292874,-0.2195457114406263,0.3620134127584193,0.16278916629637427,0.4387905878467251,0.24333594905151712,0.5534077948643439,0.18716095084643855,0.17727301347045565,0.02757952808099748,-0.2783229505305277,0.020136637368407928,angry
-0.21761320899979797,0.08039588489392674,0.29774981278790963,0.3478444139247773,0.41514104023994636,0.20079334625698458,0.23607708479903314,0.4677003834920497,0.06328498579048558,0.03143900613354593,-0.6449869946766179,-0.3485537478058425,0.1904562035269386,-0.2708303038336642,-0.27036255643471074,0.3092833497659263,-0.15565718313545412,0.46959689736514865,0.2564037611163421,0.15658542117735977,-0.19697962290280946,0.6103615737419649,-0.2286901921616294,-0.158068473958974,0.26359281839779675,-0.31321107910994656,0.06852044791629736,-0.09235207471342571,-0.1443761029067846,-0.30289787801245055,-0.14219415361867027,0.16739432702461585,-0.06584822349974512,0.4046729630924819,0.3551817423880383,0.44952832776667784,0.3594555234596183,0.3991524441911428,0.28792753949449423,0.32033602769026515,angry
0.20869707658019465,0.27343534852058454,0.03089867601790114,-0.1275486392965809,0.32722894354500304,0.533937982722739,0.016018416404146557,-0.21725075134927263,-0.037572724057901935,0.11115493790174916,0.17220966875329285,-0.15767781740463638,-0.37689238397787267,-0.07399074872480335,0.1634453555875427,0.053363078875987735,0.3981154857503415,0.09606927695646564,0.4956987480045488,0.7176054015075729,0.06282804097843517,0.06299841678824991,0.3829568436308829,0.922710720161278,0.1927576974574693,-0.012173414332216026,0.26695676794422013,-0.11205881386166877,-0.4797229967471115,-0.27759750952895,0.3572544326188655,-0.3199398945457977,-0.17610789516203373,0.4511806038728894,0.33229746028555,0.6153673881244665,0.03806541801257937,0.07607441134255538,0.10661517298303741,-0.19302871767574986,angry
0.05654333726107437,0.15042447726084165,0.4743524533751977,0.27997322472610753,0.21485106495372497,0.41847203815373235,0.5228933715694329,0.43682026028452875,0.1675661520210679,-0.07290697086647036,-0.1579612238177011,-0.40292685694730956,-0.06695522038915469,-0.06462408178705373,0.4046559032877375,0.12102189875294303,0.3326334131985209,0.5473289149221179,-0.1861479263591797,0.1498245837492865,0.25188918322800585,0.30915525309848907,-0.06097155319768738,0.36054044063224566,0.29222112445388404,0.11968783654956035,0.11106334321905617,-0.3573265238421779,0.20557399711918387,-0.19249779641919784,-0.44818208336476506,0.12947051086006348,0.28338112833587553,0.07702904805459965,-0.11738378297678692,0.027935477601282455,0.26384083438076134,-0.37343694924002646,0.44889217467309395,0.36392624888126135,angry
0.06980540643832694,0.4567569784326082,0.21784169874615447,0.018631311764755965,0.47201025477940817,0.4349732587467606,0.016071300412862893,-0.17363728467787187,-0.1465832229547822,0.3127950975756842,-0.11622827765814953,0.6229227024760321,-0.2479569115427115,0.09203688178367311,0.07451811504506722,0.010843629428931773,0.3548748085483039,0.007669446583656703,0.2651935513335791,0.017741811697817245,-0.23399201794769509,0.29626875209570624,-0.06423333772751694,-0.17820416291526509,0.2116549326417831,-0.04633919895698102,0.037517967593133875,0.3473549146677257,-0.03268849695089776,0.07265922679885596,-0.2755520034760358,0.3074004327053045,0.3906951604804229,-0.01450186944974638,0.45912385579894055,0.3943490273191824,0.24846066787340096,0.2804268600570846,0.7977524694711426,-0.046274764202731106,angry
0.031774562104821436,0.21884677928198035,0.21430163990535578,-0.15334022292320093,0.47670680499467233,0.525874669865045,0.6799581284472964,0.037793177921337864,-0.21564305033000075,0.1859653241293534,-0.2961335544823116,-0.07751630963358247,-0.18415258702473908,-0.01047819128137778,-0.11638621893318768,0.24212202069135838,-0.08229409895642317,0.8174966018082349,0.4749202654648093,0.15512979095340831,0.07040006213276162,0.2333637601364763,0.10519392178922918,-0.05874378943506947,0.41655143753407475,0.2383761253987064,-0.3281077889419404,0.057118243806417834,-0.07261011830058217,0.15354604121080243,-0.1420854728633989,0.6324153270101665,0.1988915022891628,0.747528380986679,0.17882209995608858,0.6533653457503182,0.2765510370216085,0.6773367024898846,0.14966562471449465,-0.14979653322640013,angry
-0.15189632805802195,0.0364496097095279,0.4122581138236254,0.3977280919762757,0.3465783799196444,0.563207517615469,0.6592920481073082,-0.07052669049928095,0.35249037879322886,0.602867985949207,-0.19190209645514555,-0.21604828035131968,0.02025800301676564,0.0019286212791481544,-0.13672242419646152,0.05233025103999647,0.5523180312973276,0.45369201757320443,0.08077977916241777,-0.11289075139180726,0.03758467616829628,0.32777276282139006,0.028809056311121475,-0.060018271630173675,0.25064977627558754,-0.07276900202606712,-0.15033976693979711,-0.02648318188629295,0.28890440340199963,0.040301788966186164,0.19808741377759598,0.12292764679259338,0.569223330031717,-0.05539748226441557,0.018964348084307414,0.1914465303209533,0.8122843100267697,0.6489280107145204,-0.07744401350668864,0.004329079308933392,angry
0.25636777073839684,0.21475468686617522,0.48502370019598295,0.1833058056572865,-0.09488233992822262,0.45432913941485364,0.5644908388304808,-0.20115989088416691,-0.365816149848597,-0.08668105235346762,-0.5021934136021101,0.03475753310627225,-0.36848700696112296,0.13165979838864428,-0.08625955283552017,0.10499891764341931,0.3171582763176606,0.17582300465111853,0.030915324759037743,0.5444522984391902,-0.05167589641869744,0.6362190476014599,0.07460579957180287,0.020159382452967695,0.17083489816398129,0.10414674999261712,0.07333266342159558,-0.44536191422322946,-0.2922595146516086,0.050670266319655294,0.12002521656580724,0.08086370274678356,0.506891024124658,0.20862863044572433,0.5359981492693836,0.5912469674580478,0.3941408281680011,0.21636920200245263,0.3836178402260785,0.23238710523139883,angry
0.2753748830241071,-0.01717017130393053,0.381515857547105,0.7058098211814811,0.25007184240207675,0.3362536952788842,0.19411430523965617,0.4044404194944439,-0.4093443616193859,0.4268970877351934,0.09418264143106148,-0.12710716921313747,-0.008660874581909395,0.22952067519005245,0.0941223120981447,0.24131921115906518,0.45382425696493467,0.27141301158128495,0.47177033382241146,0.6859262342637272,0.4586928266299638,0.13276848675603597,0.4221090821480057,0.6626541522049699,-0.004111565270383866,0.11599104870098009,0.05677001003081371,0.1449132013345519,-0.17073691147206693,-0.03634401114722183,0.516913539245835,0.27986483715175275,0.03331349617790842,0.45264274249496,0.3202272744405218,0.70604163781574,-0.08949145028277952,0.29314035615764855,0.44635160569901366,-0.1909351748971923,angry
-0.061096782482403134,0.3207528327860253,0.27776675829451875,0.23617924817290376,0.40034009262190295,-0.039766734025807104,0.04877002012347359,0.617188304995959,-0.051825483878371104,0.13981361329167932,-0.04358086066574435,0.14553269825350879,0.0075485624774474375,0.05150743093439458,0.29313282112732686,0.15681084363279457,-0.2648432746264248,0.06781232415865762,0.6425253057164474,0.5835088282830329,0.2632456957070324,-0.1044789456143847,0.05481104911840666,0.6721049492704247,0.3734548740340018,0.3069387751382462,-0.4476231431287593,-0.40963478763775074,-0.21358280685454234,-0.36585438023157907,0.05923426137485429,-0.16194738148116627,0.304935544333385,0.2018497855454688,0.16637535232784906,0.48542507479752584,0.42202673462803547,0.3006730042321083,0.11231814626715914,0.11176179670605102,angry
-0.352234996848037,-0.2819258351210514,0.10092091692979996,0.3450227403720487,0.7591339073934416,0.4025472281156479,0.012241070436014578,0.06701213048102206,-0.20460527695489517,0.019846505919177485,-0.05367398353869207,-0.07791737711528704,-0.008276249386899193,0.2069920881502422,0.17205333131761383,-0.20953786938962204,0.3636398948822781,-0.01973416020405666,0.3823126899295543,0.3429505984669704,0.7340044328943288,0.26323137702917543,0.20681822718298234,0.08805042698210125,0.28802442165030767,0.08022791592490656,-0.11491874760904819,0.13101004100882574,0.450991777571782,0.3702368323566524,0.40121765927114317,-0.023379030643033594,0.16529687191607165,0.29738237367011605,-0.11402401869687534,0.7487600890630565,-0.04205689925444997,0.3681130135051329,-0.10047272981939384,0.15622070691872658,angry
0.32892594160513217,0.3324037837506504,0.058181697441615804,0.15261830318687,0.5540544002771526,0.29057922799638897,0.28709353136000226,0.41978240982495413,-0.5087697135049735,0.09584045755137602,0.2815988175578048,0.37272185561090593,0.0962096570736159,-0.22740535213800694,0.24390587915256898,0.5391892648346606,0.001527784590416137,0.055977567787497184,0.2541866291959142,0.22131419109012904,-0.17901900482789024,-0.2903156081823228,-0.08851637034332943,0.003291635242029134,0.18522626399842684,-0.12350539419299594,-0.0033793661521477475,0.2637335960433772,0.6698289709978913,0.18650652398615225,-0.20673297710990918,0.3544500035565014,0.18871897713001284,0.3428878389654445,0.5435090997694817,0.5161428682306234,-0.009516911251187116,-0.010013474186855414,0.2698144491880488,0.2988136983650438,angry
0.6431441992167758,0.3516594593486787,0.18010604699421065,0.1930331258744728,0.1505156289434974,-0.012689734774906036,-0.06266671644223795,0.052429454350063506,0.13252720346796001,-0.15687625419397244,-0.026828631292778293,-0.13639882041545415,-0.13011906205725127,-0.15553317433750147,0.0751544538247107,0.08073174661215601,-0.49346731209841765,0.296236615015462,0.3147539349696248,0.17048156486899477,0.3617397688655079,0.11834308619395717,0.2608857716989357,-0.05847708405781735,0.24326732602271578,0.08917823698729573,-0.4048821733349446,-0.24618790432024118,0.10391739134198932,0.06843411065636104,0.06494066099687495,-0.17025643336287605,0.020197490557280776,0.2961987139010269,0.3767348209948243,0.31950595553031014,0.10681995927083476,0.21150204036246611,0.08042535050522022,-0.16150636857514972,angry
-0.1460827726743265,0.003158804339318255,-0.10066241542581378,0.42485194622885963,0.5108352814126602,0.5203272115753221,0.06458940032184451,0.0016493049611989025,0.1670715353472293,-0.08517901290553559,-0.10922992962874734,-0.14657782691641913,-0.47027487532898105,0.2588096984457179,-0.34945414665617086,-0.31122047505285866,0.3503780653301669,-0.039643004175305196,0.5476531047760875,0.4006757337061031,0.40404043617832497,0.19262618539817838,-0.11756487876089144,-0.13677436426174105,0.09792731162251202,-0.025794432548563895,-0.3473004481291444,-0.35643745832996465,-0.2831565968181571,-0.049640045692767504,0.13447824790828383,0.32446345339319865,0.0930978660749507,0.6023530028479219,0.47611473203226834,0.6800963164798602,0.0939523702239145,0.405686620200983,0.46359993053893034,-0.3109433111083721,angry
0.34493982226119857,0.2992661339510978,0.48816441306754527,0.3492135124723462,0.5989225542223778,0.1983597054690569,0.12638922274611886,0.35842486823201836,0.2799710796893033,-0.2993276186040276,0.25741421605402626,0.2137642218575025,0.17155558305871854,-0.22960417852542003,0.3064864745262798,0.1980986862595686,0.37749414199776127,0.21467920349433073,0.18070632126012492,0.14538354218121988,0.16782753533198475,0.5027134964793223,0.040130310806910444,0.0031604058559422943,0.15227307450565689,-0.0635174166376819,-0.5499653402549756,-0.23729315585477656,-0.15940040275680534,0.35560578097269585,0.1888224863658236,-0.13776109938086728,-0.08321380722205884,0.14250754058614007,0.3558315605142527,0.1312206576775157,0.41270144717347523,-0.07589049466508249,0.2783372962459117,0.4085743452319054,angry
-0.5235693509513735,0.19154929243389923,0.325790223019799,0.41600414175464906,0.3442500039270995,0.28484986260909556,0.32129759216013454,0.21000102816638855,0.12594137262572902,0.40852559379895614,0.2133177191762894,0.15161536607887147,-0.23147473520901374,-0.17067641667540073,0.2557412364744799,-0.18146941009941175,0.3987815464816174,-0.09882521942755113,0.7989318745615558,0.6161373227661449,0.18342759910934733,0.17306252957957804,-0.26680450376119524,0.14016217979476112,0.36001022966202934,0.14739161716524712,-0.11601515698790327,0.4166947294827287,0.0617571804321603,0.06487388419668295,-0.044665669760446225,0.24485294135857544,0.8167406470904586,0.36157362295521905,-0.10219696270019551,0.37268935086294624,0.7696129942097883,0.5522035424576865,0.07386059042594484,0.2045105662019865,angry
-0.23639021173343028,0.3530912119409796,0.052161443143902864,0.17860046204601043,0.182662160726989,0.12772868498829665,0.6625242008455413,0.5405208379845814,0.03449174087794342,0.050334444850944904,0.37242809257938136,-0.14148528966444796,-0.1862729936884172,-0.2581727259178478,0.3769377099481031,0.11180861193835397,0.15427094192154323,0.1247627793722181,0.06429974528910065,0.5463477124309298,0.12865920213277274,0.15823003649209658,-0.17995175466382063,-0.11442040678277396,-0.05311881810765906,-0.11935628872640347,-0.420365364553995,-0.22825212423423802,-0.10673792860003911,-0.6703337080790458,0.16616054538495756,0.03535572566830045,-0.14363857427512788,0.18426319222741133,0.4052456807506505,0.3160363249424193,0.3145748895326828,0.264378116526955,0.3528815637181394,-0.2116097271477732,angry
-0.02528702681344791,0.2880412076251557,0.26767571190811856,0.04691935180597778,0.24818036435238267,0.12849907675036515,0.2541885191321628,-0.2211607623235402,-0.2921012195597573,-0.32562378201613895,-0.07133697411798082,0.5215237089041544,0.154826304663425,0.23850970426000004,-0.0018469601433342003,0.4528490306836809,0.23377126346268906,0.23878576858529954,0.5426310319210003,0.017637584964624364,-0.21832629515295277,-0.008076393797035897,0.5624765902948046,0.36462078417918964,0.11288647552036288,-0.06237853585833572,-0.09954342101392422,0.010646102273666122,-0.285811077229148,0.14691961272892293,-0.2132917768067738,0.42442274017870035,0.09665651456078828,0.023874930348785794,0.22593561370131668,0.08991349656663056,0.26927238898663747,-0.17852710163758978,0.07363752577147692,0.13268092733990564,angry
0.20749386143098564,0.09832969102491172,0.5519415358343865,-0.10884461436042342,0.2609772868554437,0.17701697560697477,0.24459147658573743,0.1134635530309162,0.43322259972938815,0.019923383481131818,-0.2660556928093917,0.5258724457599347,-0.07540073732425265,-0.09860039136404947,0.20844048246261185,-0.07910686260005251,0.09092610134025314,0.4300170539519713,-0.009559195101473184,0.1993923770360087,0.5380324798632498,0.7147742726834515,0.20090838325926735,0.11999486062157311,0.33007581953653026,-0.3655764763384151,-0.22868321091340293,-0.2781183638681347,-0.5785949636765615,-0.7465628314682615,-0.07860760937876063,0.31826447926424845,0.3386652113220285,0.5535114512665861,-0.3703297127906512,0.27742779306164206,0.6248563402084162,0.04626185428707147,-0.12520978526451162,0.1979294616733387,angry
0.11651730945664879,0.3469184744705577,0.2562466568206995,0.6029769152569241,0.4823539580315257,0.3567944397113268,0.15468022236247858,0.3491883739802156,-0.06381400218873565,0.2545351556930209,0.23938219527298285,0.1525156354016314,-0.39541837638540556,0.0486122714208158,0.0846325965437566,0.2792791104009225,-0.23275895049412731,0.07522137053289132,0.26042724762507463,0.6508002619826759,0.16519210797667772,0.4975587788120349,0.25779617097496343,0.6186764550655873,0.14677753635262408,-0.398198533911141,-0.1257887805716414,-0.02074400526583986,0.23295301681859656,0.12236803703794438,-0.046294139055706285,-0.2096463369016789,0.1869547226993895,0.21857443336815208,0.6215608117434527,0.5424384265077272,-0.039859452690868186,-0.3068484535326649,0.09315302740959808,0.1819917632431387,angry
-0.12143756979954154,0.06779310399920854,0.5507502509954532,0.4832641256614519,-0.10615593759364214,0.38177805400108544,0.28772080181758136,0.1300030274898062,0.23836111265691137,0.16665215667336078,0.5700146882087336,-0.019397747203476312,-0.2608942342468261,-0.17881189638041217,0.17234779432427244,0.5420258322272383,0.2975513454874091,0.35531139362659253,0.3470957948538324,0.2038695331622271,0.3314488728152777,-0.014976918414139673,0.4069318212061636,0.26543957751642916,0.11429020669763004,-0.21294077619815172,-0.11992041317621199,-0.22130773440477536,8.486223467638054e-05,-0.10746350401813284,0.11345207813936668,0.32980272409378547,0.4918880249421251,-0.00018269468070489236,0.2167758408601685,0.049881623342028114,0.6109105218183978,0.054348960225809595,0.5270200666984356,-0.0046286772357898714,angry
0.3999604556162948,0.10862383601736324,0.2582495293322495,0.3774862776380606,0.35757561705926266,0.24535834718341648,0.3600459396718847,0.3940262517603882,0.227149073129032,-0.15608158133113995,-0.5032261566314594,0.011903951540127411,-0.6388034867609792,0.3138905374001999,0.3941064196372489,0.01599166399146293,0.4902452177776745,0.17414463105596711,0.5917699311114946,0.009597713668750535,-0.10273382226705921,-0.14369645460447436,0.02072477475041387,-0.30342592135817337,0.5367816498228077,-0.034688057542666545,0.5782039995704594,0.17245193439078715,0.23638069146941176,0.17424580100060078,0.15030070625890468,0.38929839083257833,0.4906123497381921,0.12785211115148487,-0.20164620432245947,0.014517085969406096,-0.2425932915170094,-0.6711839214067834,0.08715825616692138,-0.2780221848740497,fearful
-0.005455705462620419,0.2553965020059514,0.21579896738533688,0.28371369350671716,0.7152773236399553,0.5161232401202079,0.5684365268614386,0.15375018839975213,0.07232302191998165,0.39488775966364675,-0.20211812853262293,0.06627451025548356,0.08919105706080138,0.22120193816155387,0.38850978554844473,0.34338609484069904,0.5461529563207319,0.12963100279276127,0.4033451939908548,-0.05765784410055222,0.36459379412136783,0.25598175002518675,-0.08900043581137604,-0.17422578166446132,-0.022864384617181016,0.19021493708014253,-0.22095087684406142,-0.004218942969559991,0.5413901817204712,0.2936626700955072,0.020977281281091886,-0.2623438630578807,0.08669801930505158,-0.3289098666450828,0.044540253523095596,-0.060909918921587675,0.39509714515185757,-0.3240491155768065,0.20716491568085774,-0.14682611923272818,fearful
-0.10679744712461856,0.18677315023083707,0.1027395829807429,0.785922783672126,0.317588675564099,0.09309911492600034,0.7538946348447714,-0.09837543294782561,-0.08084321110234957,-0.09563669030777835,-0.24543873382231432,0.12419843392314003,0.33882919999213157,-0.17207596094950076,0.11582708225325201,0.21359152751678395,-0.0010815710810907764,0.006861800156172104,0.18211479999840718,-0.03168243941312007,0.167120471459681,0.2051527468079177,-0.0032120687611969234,0.009354893276940113,-0.24951760924182767,-0.10075781647528406,0.23234463013262166,0.3694919096318781,0.28086028880015435,0.46795677772644306,0.2637814288111463,-0.012398885271439924,0.26013020901563055,-0.013367439997391345,-0.4076652122014742,0.15330029104629653,0.03106318280629175,0.14831530887576863,-0.07024196733394253,0.4954681966560017,fearful
0.25264867008029435,0.46588851052489966,0.14365987004840364,0.26006739210764857,0.6336475112741089,0.26315266920747515,0.1905783942516934,0.4487738235530767,0.2834522788166597,0.005523253892792734,0.3987713120159696,-0.38587152736246155,0.028809354564524728,0.004636911783567926,0.5856730704615332,0.682543656440154,0.22107934441211274,0.3602760193364821,0.4969262104898122,0.31200847431638146,0.1548509672408406,0.2460898443007248,0.41986008139813336,-0.03004517657861608,-0.29035923547329057,0.020768242558973415,0.1308211324004341,0.1421426656022232,0.47256758623696127,0.5145660811245544,0.5446740925043914,0.3876020072212366,0.2510962334590919,-0.15251984061097798,-0.07397211240599724,-0.2524703289721306,0.019124275460965262,-0.05213309522876017,0.03836491603457687,0.2665802808956555,fearful
0.07062669753265333,0.48884642124105404,0.5556071043082116,0.11409960921839288,0.640722201719532,0.19296651090227007,0.015782907573869576,0.01789938093895846,-0.29456130452025897,0.03490923730563322,0.22979686790534057,-0.38517396179270746,0.14950212920486866,0.2797836122584932,0.3908646512101648,0.4589248580800932,0.4431531177141491,0.21691852373521964,0.48598123661245873,0.2681321845086047,0.28286688880050304,0.08249141419333011,-0.10812879691532087,-0.06850612220442762,0.12121205566071744,0.2954802111970487,-0.3139481763355709,-0.07052052640826703,-0.0830495896864116,0.21290359183104052,0.16836398994568638,0.32045664083439296,0.11602145202537884,0.4094253821590449,-0.13880785746405336,-0.2156792170333399,-0.2539556568075073,-0.0957628959776127,0.08569676140420938,0.02486251758416619,fearful
-0.0800375423388888,-0.09182020306219249,0.347842535753749,0.20757666095589863,0.09245502665483349,0.20765201883220352,0.2660301411386091,0.5783467139095365,0.3930980332960827,-0.25950051521876505,-0.16649946150516423,-0.4906606280289848,-0.4207691137091615,-0.30072531986338324,0.4479894062426667,0.2666846073133624,-0.012600020660208017,0.16510757558986228,0.15084298844860033,0.028196345426172942,0.438537724866943,-0.45409168187618254,-0.15754824622680338,-0.002722962218907665,0.08704720924588191,-0.47332131992074145,0.18149846270751074,-0.06943916990765167,0.16437474974379326,-0.04233465079905807,0.5077251763630405,1.0107958042483505,0.426225775786366,0.018685773175687287,-0.41261957267391547,0.1580149351776115,0.22430386520843992,-0.2887150969308696,0.2691716435695227,-0.2889245571703699,fearful
-0.16593857825752786,0.2655708347413455,-0.029017851574347803,0.5168133934422577,0.6655199032875568,0.28637880537709726,0.3042544356204726,0.47277356965593786,0.13057113615459115,0.26478515829898563,0.2838120138450162,-0.2729294685049284,0.5702748332631328,0.42432846703819527,0.27275692601930185,0.5048233821059512,0.4186946795791636,0.3867911524225713,0.040254252354008646,0.0975690837927686,0.01860938649490887,0.2722045789226294,0.07328687209050738,0.044992928388460654,-0.04497194452062567,0.3543912608790365,-0.43561691609900577,0.02356645008576605,0.5381047458580176,0.2475132973214941,0.4873794785348825,0.657402989705027,0.38605269614300597,-0.25059942202436136,-0.038915667936762516,-0.3132033610615508,0.06173102249116552,0.22984127085374684,-0.0020882384619433925,0.2696661318917767,fearful
0.10024211976548458,0.6979909091937052,0.34416421967042865,0.4016101552013378,0.4697801111682335,0.5322126794885236,0.36163406883517624,0.09414291652055529,0.029359114613034296,0.08296776569321183,0.09083554404804184,-0.10459274513091024,-0.0809759685041137,0.09331255575175484,0.35236602905761916,0.20787544325959617,0.09132779969256025,0.2571670075336985,0.16561739966726247,0.3415958504643702,-0.020298748506334258,-0.07982261719750008,0.4078923711549187,0.05752783058974677,-0.2342423203144002,0.3424818087047744,0.06331157895415933,0.05044419842855036,0.4685586602668186,0.013672228969999423,0.3217287784089761,0.41632615906101467,0.3754099233978355,-0.022493755499906315,-0.1007133815500926,-0.05656247579526494,0.23952273615939823,-0.43969498291965503,0.25218165657550484,0.2217350858425809,fearful
0.4751769608204286,-0.02209749858906826,0.5888259546410234,0.14373759136207093,0.40910530683270974,0.19052299920560045,-0.38362449154327116,0.08940325216337268,0.11161458765916145,0.1688091204674784,-0.1967231460172311,-0.290084748008826,0.22625669865609735,0.0667218592565297,0.492560254163247,0.6541777180475462,0.29499075361944704,0.2982554614910685,0.11310765541806012,-0.2814077174796892,0.10253467011508897,0.19194896602159403,0.2168463905875491,-0.05134399956123864,0.42670437226183955,-0.06498857111585893,0.146829905710853,0.11637161352045725,0.21236869478897713,0.28537798570501755,0.17617290259419,0.18560085117650266,0.26770214319650076,0.13127614096012738,-0.22780153628540026,0.08645894880712197,-0.2395182226521189,0.0968483358684355,0.07745429309684566,-0.30281154013769984,fearful
-0.09279031236938945,0.4719144847160206,0.1651783170927395,0.19604242722902587,0.2372446051416132,0.3129983410538124,0.33820066253488135,0.03575584595538053,0.42232490657499855,-0.16879740893771825,-0.15531441571366275,-0.05449737315412684,0.10070209697245765,0.5015119756744205,0.8054415812512421,0.23768154560392923,0.3124332669021893,0.4918666914329215,0.25804250384171223,0.40697106626400215,-0.14655657634488253,0.22468641977679177,-0.5527340122614116,0.08084204596842817,0.14896309106338765,0.653797032961344,-0.06314497052622628,0.412635361099953,0.4733635099459754,0.12746125439060232,0.40222560663159324,0.08454127123229083,-0.07669805929505483,-0.2550125915828656,-0.031679225063939886,-0.28541590812721995,-0.5416554691318294,0.05670849468246962,-0.3503287038383459,0.3184530763193982,fearful
0.21043169997387473,0.047381961301454736,-0.06328195489107172,0.13231042363776596,0.014947254471484539,0.19299294624292163,0.11099901460202485,0.6968566750901269,-0.4844149696979495,-0.17811124406515336,0.08647390716774106,0.23368016352804272,0.3807119310924094,-0.08555495968721433,0.43739771957834594,-0.37900833167111514,0.2950578338497146,0.5437026511131791,0.4546447406266564,-0.1419891062305473,-0.0979432754410797,-0.5034947752114014,-0.21692448384395882,-0.3818012057892901,0.05131314928949483,-0.12670054099770398,0.2945607229648437,0.21545383055647738,0.23302877382777737,0.7753425382641267,0.6193201428400066,-0.03855439442239464,0.5325560086387868,0.2863137580334286,0.3386347250683301,0.07181242511587836,-0.48525247563388785,-0.1065616740694347,-0.5340543787452745,-0.19077495079525583,fearful
-0.020223220438923023,0.5506493628242098,0.32364182869077435,0.4003636397224051,0.5155419424705114,0.06145725177057626,0.46543728116934024,0.1547613662145295,-0.21760530789615698,-0.17783574534793903,-0.10905957272486175,0.13183955043034623,0.4022052169418907,0.07354559460390235,0.18709121324371758,0.751677807663674,1.1254732468385589,0.7749350502781539,0.32807986339904094,0.10884550577084781,0.26712664879594766,0.08998971488950566,-0.23170512627288944,0.28140790541008576,0.6029412468848186,-0.1499877995623046,-0.04413849702851064,0.11750410364696387,0.0044482366310270305,0.545579053877232,-0.016021546862465763,0.44398019070839234,0.2931768325649835,0.2833117506975133,-0.34658523443153766,-0.0026756878864021283,0.01706709498563433,0.20055476705031478,0.1476163264910561,0.006128961596772536,fearful
0.42821244112326995,0.5809348453984982,0.6445055338681043,0.16467935423597005,0.4650859976184588,0.05747325435281678,0.15474153270925797,0.2857730772929263,-0.3355598699398469,0.6436670336641469,0.2509708419387109,-0.20420286423732584,-0.08381382283861746,0.1304682804924124,0.20708932337816438,0.01599148347463583,0.31444657179036006,-0.044122256282617345,0.12951100024119766,0.6370999534402387,0.08520024368920998,-0.07918751463459359,0.34849249768102863,0.02863001437602611,0.1382112472858267,-0.08468729558606333,0.4188635470276083,0.16065089825719334,0.5291808779882882,0.5057255784526461,0.7618044370574084,0.5267963433387196,0.19255605957315164,-0.16004108345030146,-0.057924956124199095,-0.20842862918850444,0.32802631991225306,-0.12550005782123727,-0.5096618080992957,0.2433804999461326,fearful
0.3499793254589863,0.015442599788118988,0.49038829732060096,0.02089651919441865,0.3962081079500823,0.24182856082620827,0.2740380805198789,0.20544179835175758,-0.1502933461412372,0.16128102911255285,-0.1735840816023567,0.013579949189236745,0.40720758096181076,-0.07928837941580938,0.2601132157389579,0.7093636577161373,0.6591064495765836,0.16721565753655443,0.12787548000233998,0.3325048490001965,-0.06130775193118512,0.034291573750756296,-0.3768881556097311,0.10746278657661196,-0.41410177658417735,0.08878402386220965,0.3224265074053366,0.075538997575822,-0.07657004164023315,0.031608744646512976,-0.13994067867184248,0.7256613887716132,-0.28193295883704517,-0.21947525292734318,0.09726911561789553,-0.026187336611632722,0.20551814820023567,0.3109910701054043,0.1673163196510095,0.13247370398232228,fearful
0.008274898662924524,0.19579708374605792,0.5484654234789113,0.4991669813286468,0.49117525221457636,-0.13655751942343766,0.005732307500348199,-0.07059102709269183,-0.11943821737018298,-0.30244524206620615,0.1196982892945277,0.24804857207344913,0.5087701358292623,0.01765231038128226,0.21641889311093165,0.33654884181095185,0.34524542479715964,0.12652950474791605,0.48046698611072103,-0.3076977865204521,-0.019211025718976732,-0.4590602204276003,0.11841694864731131,-0.39728377806997195,-0.3045090207744371,0.0523392177737413,-0.1114832148987284,0.3039407044889125,0.21643606374445995,0.8370445647058213,0.03117511393085226,0.07724855727775004,0.339233303830348,0.13059789520971696,0.12788048895457005,-0.11080323561462549,0.18752146501001504,0.0712117534941445,0.38648858193595365,-0.18982755308787794,fearful
0.21254711806833088,0.18630426989655324,0.4137919500295374,0.11246587508427136,0.5389461141449549,-0.05153225122600863,0.41908044523667465,0.23849752102858576,-0.43388237058686463,0.06199315519175881,-0.5342956985701742,0.12619207213078495,-0.3448223921573007,0.13185450162932377,0.17492085619432746,-0.09279994290439478,-0.11619196688378255,0.4618778837800066,0.16140093257749227,0.4697427384418309,0.08994544689338473,0.7069185473227542,0.006950718085371371,0.3936516703105777,0.07346338519042146,0.0788240073695976,0.2862456389678903,0.054402713517561097,0.15390468367990892,0.7644047926001929,0.29067169649715147,-0.0039202811442051455,0.32808375548270574,-0.10545625680204854,0.03978054250059625,0.25075463296710754,0.27899391637982124,0.44577795989900293,0.35505398443923103,0.31919783978189264,fearful
0.2922939557546782,0.3230546421976724,0.3110267102805526,0.9248626834752988,0.3245517866089155,0.7094688447686582,0.175717324934962,0.41414539118341154,-0.6877910165196824,0.009868727839577401,-0.1963769800942841,0.3895030076511501,0.44380125470501575,0.003188265709285154,0.2344385377983742,0.5583750400074962,0.43655896965646923,0.374269973523782,0.5409605469899412,-0.11667162168940357,0.5210825796310217,0.14544518057703215,-0.7441930599897159,-0.26119472349362727,-0.01755204388683687,0.644503518642611,0.1661618992741196,-0.11574933385950523,0.67641561699919,0.46890069865496053,0.356609011348313,0.5674066017188396,0.12288721593777399,0.09664614461264297,0.29245292239121556,0.09807308621591423,0.22013689667266306,-0.08141746192799082,0.5052309041206444,-0.180170595004117,fearful
-0.16799114291417364,0.3962247483612561,0.2647605172496781,0.4270000718589402,0.37487386951058455,0.2724624993289455,-0.03943738584439202,0.20811623046067906,0.3752730482345168,-0.2174912016606179,0.45538082108196876,0.40873540269275754,-0.12406191739854591,0.38263971448918915,-0.0007359172360699995,0.31448793378032813,0.10561565346952728,0.23416376335086983,-0.1508526585227206,0.18998343187227001,-0.12887304844906824,-0.17510591523494337,-0.4994155049972041,-0.007338044697410534,0.4930904135239168,-0.0028526066903196423,0.14332322253931853,-0.010745974160356914,0.22795739963440026,0.1654290548287963,-0.02265914581404943,0.0901509101536151,0.09905557844294954,0.2104196517141851,-0.03748806278082728,0.0626127847274331,0.3045780531702684,0.24577121367807744,-0.01919855030293724,-0.26418391368805605,fearful
0.1308045856144717,0.2911804967650894,0.591317218234981,0.4107813831282575,1.0609516797582692,0.22838961967094318,0.38938286166463393,-0.10027684932406647,-0.2079410567917476,-0.0858615229769226,0.027712994400160396,0.18304845009266593,-0.7060867491853847,0.45609602468767674,0.6420115343613747,0.6774423738183907,0.585330926139934,0.3298460779221999,0.44598043269596244,0.5439836073997917,-0.11783773528545863,0.20820135233726153,0.11235865503747541,-0.06057465801425729,0.4566555155564499,-0.09479785889902334,-0.07326731330796954,0.25321632593268273,0.1788909885908299,0.7049458113367104,-0.05771793208222675,-0.024497009398171926,0.29630338417871926,0.30916350510298385,-0.25927442487529584,0.3081131433754903,-0.5088750051567492,0.2621879309602382,-0.1464837293568977,0.05003851222863409,fearful
0.6182218610480401,0.24527518994062658,0.17095443652983158,0.4259756181515182,0.8262704698431705,0.3164042459123043,0.021656576091076796,0.17048907948168288,-0.2762979312894813,-0.19290862738078332,-0.1749103146080864,0.16243860949059763,-0.049662673939601,0.2852505986495323,0.5454823475555196,0.7236600295119794,-0.05905129500638914,0.33792904899783094,0.009092111532663621,0.37207169932131423,0.1786584765239867,0.028737363574459593,-0.15579739753108748,-0.27603672671680335,-0.4235746762658562,0.3118187596766926,0.11356662893605791,0.26422886677396373,0.4078623478350787,0.5593508157301279,0.8209803709192686,0.25125610497442946,0.3742147138632928,-0.2927809856330035,-0.0676235679006719,-0.2008316901486489,-0.1920931940342229,0.28719063132846834,0.09702425651865398,0.1793457724167901,fearful
0.18249081072354045,0.20012087118835098,0.2726777119200849,0.20043108853742939,0.21631763682543764,0.18872222457493976,0.16533322274198098,-0.351554801616616,0.04682531403084508,-0.033555112449329766,0.06767072945425458,-0.2797186618231512,-0.16277686267381722,0.3614476913408306,0.07615779310033254,0.44589289801022614,0.19306878850100592,0.050947920954044934,-0.06744955446052944,0.058345675751816484,-0.003071695294066673,-0.2749865035428387,0.3273268570893958,-0.031358585117853305,-0.2229831073593301,0.43959863407807764,0.36669856894289493,0.06688838965518115,0.07222438023674788,0.3145609084401375,0.5294802870653301,-0.05297361211205273,0.4954217624258789,0.01919389195766652,0.23675429394320963,-0.059101626339839564,0.0847299292904832,0.15710642525927515,0.38993448764934946,-0.013205854887206436,fearful
0.6321641574356016,-0.05903474802774525,0.4055912269755574,0.5299197264450343,0.3572116571959447,0.5160710819757126,-0.18792260040601164,0.10530926977463126,0.2785632014212828,-0.019510469856047347,-0.3070381377207714,0.039406040934932704,0.11878153107107976,-0.07953355160907127,0.5851750041883979,0.197199147896798,0.10992139242449442,0.3789085959562429,0.13693658628400512,0.1660471215205061,0.17570836125236994,-0.06965964071759653,0.124704831985153,0.040016643217684944,0.301026005745343,-0.17330063617330052,0.1823269117396685,0.32250511502015045,0.4014228467008295,-0.1535544431180174,0.09055765874976418,0.37953986736740464,0.3556224293063765,0.12666694804562048,0.07922032146537682,0.2815962046820843,-0.1186135716279543,-0.18593681059277103,0.44277226100785405,0.3180106432415469,fearful
0.1265677571138018,0.08404662783864193,0.727699053676762,0.29799538603259146,0.1543015301916202,0.6129445923266725,-0.14729246855004033,0.08261564210179785,0.1894681777680247,-0.08955702929914841,-0.15823402821739677,0.11056187021753153,-0.22467984887246775,0.11459418863076652,0.43789268588410046,0.06231254358541036,0.7074851213923683,0.30290484256620054,0.2815518586755661,0.09833802992232621,0.261758904032005,-0.08199555210760809,0.03641895944040835,0.27876275611728807,0.3111879662045718,-0.29930929912849025,0.499269955596757,0.13936614381118534,0.4065542659416489,0.3914874008465983,0.42331145107758694,0.15209669685539182,0.35916200759468697,0.3688473798171629,-0.10743892657931511,-0.023782384630750775,0.16880980484378522,0.26714745980081533,0.1564050551767701,0.23343704640898297,fearful
0.2861614536699621,0.17704427671801876,0.41409808903732415,0.29750997100064214,0.26938535869713254,-0.2788633869030249,-0.2272640911499311,0.20966519071221915,0.21645406991944274,0.08913222960670977,-0.0071583088142244955,-0.07307815494981848,0.21153908415416833,0.06697972067464172,0.25709050478478457,0.6984167262724607,0.022412001556747857,0.20469008226514973,0.23731163463063318,-0.2591255837866817,-0.17573069906430053,0.2925215295558955,0.1035818978688462,-0.06869121417292234,0.3205820433721962,-0.17181171639755707,0.6341831501327017,0.24021670009630688,0.17960536212584702,0.6290524958415294,0.47877306684295706,0.34496732652703976,0.1813912455666541,-0.33086828193759776,-0.48194272659494164,-0.02518205098542567,0.1998434653240789,-0.19828678831203936,0.09066321877137964,-0.2238589493180573,fearful
-0.20702242491114045,0.239554025134476,0.4967200379822395,0.5413833143983526,0.6430111438016862,0.09686524316159559,0.16680432997057784,0.30491287018610697,-0.22480091073422806,-0.10299149995427584,-0.03982576049955691,-0.010166817085307533,0.2821537020460221,0.2634235597728061,0.14315535192543083,-0.24866231437075667,0.5520259089628091,0.5904841765871106,0.41652927653115845,0.2937586232724171,0.21962869553457917,0.3235297413582484,-0.15476227637860104,-0.057126800074085465,-0.25201123991833385,0.010685114690568459,-0.04491569977204263,0.04832384636727499,-0.16708521454048417,0.3315410579486546,0.5925750584508787,-0.45093685044502274,0.5170896007301651,0.09856590815562338,-0.14493301825496333,0.04316745858032059,-0.10523904009075127,-0.029212399366588565,0.41098194261569354,0.19576220035339711,fearful
0.2437845165367414,0.18112646322663195,0.27523998491648416,0.1280582508824009,0.31033744546193903,0.09415473210931366,0.48217380142946376,0.04825159978321819,0.2015207521129201,0.28378212067463904,0.20503051279753473,-0.17992057146683146,0.4710252218880717,-0.31412371581588416,0.5962336302531055,-0.3043261189422791,0.12794764188089847,0.32062646382632753,0.10917704591696162,-0.3202754038513863,-0.26433017830465044,0.08091531557425298,-0.45708626913287154,0.10868066755178676,0.2692032545112577,0.38988569401664974,0.21271042437747945,0.23240245831614897,0.2170075472166028,1.0262369855997044,0.6345270476226464,0.439468199098763,0.28156219283902784,0.37174575530724346,-0.45303438779026906,0.17571730164681018,-0.18886939161916175,-0.5830342654313119,0.3295876952517522,-0.03708863786157243,fearful
0.25852455463776175,0.061896132066533646,0.21690000964934958,0.7460466747797667,0.4197047111515211,0.38042483872312616,-0.18780519393204334,0.3256510960290251,-0.14056763755070426,0.0796700245247471,-0.2981889805055299,0.07685787241480678,0.19337291860041106,-0.2088890749651693,0.3223565910387387,0.09624140642174994,0.6571526287379036,0.429160868044429,0.29705251195982174,0.9495700903261254,0.30955741817597626,-0.07463950396085595,0.1804092230453491,0.023527843294288114,0.32069023361299775,-0.18730948757791818,0.6361037304605387,0.12015769880560993,0.223926783006525,0.17040760977408517,0.2654184359200081,0.7573679337440148,0.24579806037187157,-0.15913170923185985,-0.017321650455647042,0.027043366372272545,0.19074765899765767,-0.09095643623301514,0.10782905677880805,0.8786156638625465,fearful
0.12026271505428084,0.2747931259009171,0.02291614709460757,0.5870787748464762,0.22578195660179382,0.7418360391254224,0.4998394304514817,0.30506193346901267,-0.10334122206632426,-0.11711506828503557,-0.13936353070124677,0.010118660902779242,-0.025594992990144394,0.020615588376839022,0.27112930615568026,0.31204820245331377,0.2588606023978647,0.5657737251939023,0.5440648067825561,0.06399295020860252,0.6354241800257049,0.1151798892916005,0.269640085766667,0.41929777586888506,-0.36112456755960276,0.18549845742492538,0.3804224737365731,0.5439647184633425,0.5142415118304222,0.6021274973038491,-0.030700250918360206,0.050898814828058914,0.3439708017138078,-0.39735433629400463,-0.11388147692597542,-0.0788408635700528,0.048415532395162095,0.2127352345226921,0.12104576313075215,-0.050963064028809624,fearful
-0.08276107304242,0.3488362651378658,0.463395750628778,0.446138891052143,0.3762124638896397,0.3142948311305837,-0.14211341485536624,0.09990130532400378,0.21002475070421578,-0.3114679835875307,0.062000379106810194,0.1619483720149044,0.639138242593065,0.1387596621956277,0.18606226012081456,0.020398541411437182,0.08298384304654086,-0.05916876867513171,-0.15554900279655795,0.3758443561632755,0.10460140674960063,0.09765844122991899,-0.4260247838930983,-0.545241848932862,-0.448766961296708,0.4619009141789645,0.43349961117596125,-0.0844451201494936,0.3443135532271985,0.39522346771790073,0.0988388384737951,0.1283097195531056,0.43856465546668844,0.28402093400228556,0.24561522828702623,0.04940422362511476,-0.01305328307698092,0.11575162795904004,0.025194218700700377,0.5755828236748389,fearful
0.2129397430300239,0.3838003005358287,0.30108106839235177,0.1909522043607218,0.33260304895349446,0.20945461673996557,0.007911429354437921,0.31147060092316436,0.5197551001083117,0.04271261760190956,-0.06551179160367676,-0.1831530891969281,-0.2968949265090227,0.3101358488423839,0.3942223100820731,0.12739433695185767,0.37844642034644616,0.1361837798274342,0.643325760220302,0.23674897949645549,0.22182824776043158,0.4497603600229668,-0.5768895511634382,0.06376133922384493,0.06256490469326305,-0.0032937699351721916,0.16681783950844434,0.5628073196986828,0.16424921524488587,0.20102723806620162,0.7767388774605753,0.5479794910958008,0.33176525468424317,0.3159704764122694,0.05422460965847846,-0.09465315679774919,-0.06929669112840503,0.07867175797764307,-0.041265054251297534,-0.22715879286300036,fearful
0.12600380290940547,0.32889431033501126,0.2982511778552779,0.5310207643463489,0.42609976061872956,0.5375377053592921,0.24630639632608137,0.07725774302980878,0.17663462827121013,0.19836360458060345,-0.13945584112005946,-0.2079120882743443,0.4041072169823877,0.0388582796095442,0.3525940019253261,0.21730892527953363,0.42057228772209165,0.6973768298622205,0.7147026819115059,-0.10574794533658402,-0.23502334266132804,-0.788674518903129,0.12621906206601127,0.3523956159127759,0.06705219411109832,0.002773485242759416,0.3703573307400936,0.03052212706071228,0.4938155586943408,0.6972735018942368,0.6583468322339038,0.4739699506943764,0.09116154227065368,0.03884319340842993,-0.18976104687427744,0.4367604024638809,0.2744502429471047,-0.012346826852650539,0.056970585980732596,0.22531902113695784,fearful
0.0048485902069109466,0.3868652602824416,0.4534680163146966,0.4713033638229439,0.3659063457674838,-0.31678830547389625,0.16633856903675584,-0.2273670668745714,-0.3796658253568459,0.5288071170229874,-0.15507789712626005,-0.046609303855669665,-0.0029650463092223134,-0.044816349165179126,0.6537669631776598,-0.12475439704261052,0.4794702416442419,0.20577025727506879,0.6073008013861763,0.41831540203065765,0.1342661472132412,-0.33805728736992513,0.16791750426236052,0.20307273359559005,0.1591253017494201,-0.002960158979340516,0.31681895876655286,0.0641775638393039,0.3866498414925613,0.4501926908044843,0.2910391722357676,0.05040993424083004,0.15364411234145237,-0.10310929712235536,-0.26583846941478106,0.2312266889440514,-0.0762034460261593,-0.1315222958490481,-0.06029691674093213,0.2660808755971943,fearful
0.08009405384531333,0.07859443114833083,0.39046773248174826,0.39274655840607076,0.12431351211327601,0.027603341277439297,0.526834975432171,0.0424607178604246,0.3226556592422678,0.11879432982702032,-0.05738018790737773,-0.06496770063973603,0.46652894351191654,0.0002999065285876068,0.15550620073100718,0.12005231077872117,0.31868348235668753,0.11444251139520939,0.31957807373539937,-0.10304152565068228,0.23849474637342838,0.10861846926076095,0.02327319947537923,-0.18881997765921135,0.30894615968970685,0.5589677668693752,0.12554588110751788,0.06082316396172613,0.480531512312267,0.30419453966256826,0.37987583847352835,0.44916248895222066,-0.1292010735539438,0.28813921792266484,-0.23282909928432396,-0.3371468395125391,-0.1366988034153999,0.35194613438171707,-0.09150804334860191,0.27144631704283806,fearful
-0.07239963745673239,0.40372539495940685,0.40009424718773523,0.6397796033268396,0.3878448859408781,0.2908906711866035,-0.25632291417082864,0.1864743145085565,0.21862573113506395,0.018581564530306488,0.0027612791056345065,0.13036154368500114,0.2775674049023155,-0.064574572173804,0.23126764607383676,0.4268523231734882,0.4176820637506877,0.10743110266494221,-0.19978117393445752,0.2827488824932518,0.28541631679296164,0.43598415857016115,0.07291065546788192,-0.2568757882695146,0.10066703209059454,0.03459517449987992,-0.011515010191139985,-0.1052384927932811,-0.12874321116301482,0.1820432454054986,0.2393410811460334,0.30313033259848843,0.20749215591666947,0.16360522203357097,0.4933996361910319,-0.047639411759021116,0.29447457473665734,-0.2015532928922251,-0.11647135764372255,0.025521505041947348,fearful
-0.2880935251329707,0.6560564016100212,0.3818082650388551,0.5311601759016957,0.7678428680661543,0.39859649496840366,0.6043803417071654,-0.47575630771439925,0.3359758793266837,0.04206593327208781,-0.18049443331760537,0.2575511697867179,0.06868326366067597,-0.018468751142196593,-0.23272518334112333,0.7589528034595588,-0.2927906598559511,0.35891621515549427,0.6815100501848156,0.3637401909238708,-0.04856494435577133,-0.0447573677433587,-0.18459832177565152,0.017118978944961588,-0.029453381143427354,-0.25830488843497124,-0.2105606051789848,0.5291803449516952,0.002010512812290338,0.0707080048451385,0.9163444441831156,0.07742279289775314,-0.12750439480334866,-0.13739371696392724,0.20889828526390467,-0.2213923802743045,-0.0824863820359337,-0.5879307333891566,-0.09643340621436583,0.15826068091635964,fearful
0.16138424630194054,0.6068241274135175,0.4392725047220216,-0.3713215806071024,-0.0697089549227386,0.059025452917854465,0.12151454556623954,0.11166692805133789,0.17023172585553661,-0.4605575748339975,-0.6076222626590263,0.17827846045782905,-0.1973714061164312,-0.44223337740224655,-0.00046868723522600075,0.19781397136928225,0.04022284948346658,0.03730954613277049,0.5285490153388606,-0.08481552384571925,0.17099146397703952,0.06385946216432464,-0.13365454916375633,0.5332372410655813,-0.3593240200285782,0.6944287504908531,-0.09630840484849179,0.1684823399085585,0.3832051617143364,0.6183550776700283,0.5047842666004172,0.18833877721171785,0.10392829130640713,0.3894549616134397,0.39439217948452476,-0.17651861316607745,0.251573384872115,0.12130201472123009,0.11546210046796912,-0.1304632859168751,fearful
-0.16997243645324325,0.3460576293722547,-0.3840629910725627,0.21952270171871568,0.439043356961922,-0.13867494690735852,0.6010569365404128,0.5133985552292967,-0.2519813581875583,-0.06871924959712594,-0.0837743844543824,-0.1541678508474902,-0.06860965251929468,0.26748042807966754,0.6561273560779385,0.3328683408450631,0.37239179648763066,0.3679099552136871,0.10788271975730468,0.35187198228201066,-0.023666690193854395,-0.23065921898911804,0.12409719077882672,-0.5165934599683244,-0.14273469162172922,-0.04325335470965272,0.11470613416034528,-0.14350877128684217,0.07610445710076358,0.3105219098288525,0.48591549954389957,0.25257806641810165,0.14458903161862324,-0.10814305049798181,0.02111972599065859,-0.7338546038420467,0.11119803452312474,0.22511509488524667,0.0513643109115829,-0.09351520883965961,fearful
0.4814463043837899,0.07274420167473532,0.6487954462065093,0.2801171710153474,0.14624752401940747,0.22830500325240316,0.02652401936253343,0.059569505163389075,0.14037819183073752,-0.10213555137546296,-0.16317047796388626,-0.02024417998975986,0.15375623008779737,0.15005991934121246,0.3774702745802706,0.45873566882876327,0.41995988472992707,0.5146118030712614,0.28588118198958656,0.4805197016620456,0.2025739102213106,0.22518029828743402,-0.08497059386977776,-0.40025487218041267,-0.12513550328875508,0.06698725922148059,0.24134941496077522,0.23443642010561197,0.6787924660047452,0.027339584974056697,-0.10006980054261219,0.2378762089905599,0.029786994574587028,0.10992584650842474,0.18017941371813723,0.6325199261774372,-0.37275508953449743,-0.2789506443055356,0.04323901183680148,-0.21359798996862148,fearful
-0.03708223655005555,0.5597168193392243,0.3001218169349078,0.34194198334897974,0.6097983091656635,-0.13839495862763998,0.2280879702447539,0.09038073675171948,0.08357453181453695,-0.28178359747951665,-0.15430516589929058,-0.03948743442709876,0.23786610468054933,-0.028306642886747724,0.39411064952901576,-0.20705662814854206,0.4530003826664466,0.5274302506438122,0.05971438035116691,0.12622333621064688,0.10152532163953518,0.08843463056809513,0.2573075939358783,-0.0018369776403808769,-0.0698048789657735,0.009133887673939772,0.2166837479765803,0.433829511736444,0.3773101063953864,0.2145797241321261,0.254779999112396,0.08977202344996502,-0.014577798773119627,-0.016713868697321083,-0.12273920908018829,0.15019920818849672,-0.3390820560576391,0.002863956413104801,-0.22874712097534713,0.3432718864646065,fearful
0.22392501218835337,0.5504970658905206,0.44761120452308556,0.09947646524556245,0.3463376799966338,0.1299647348256948,0.07113888913700456,-0.14618152714689994,-0.057232115794667165,-0.014491839436034104,0.0031380266451044025,0.5881910722470703,0.017842897593892626,0.17129988676286828,0.2211305863347443,0.2532894347442355,0.2757508000192531,0.35074593442401225,0.23515389251524785,0.3757978312095715,0.2059781050377888,-0.1953706199864972,-0.035987862041857166,0.026350308310827283,-0.08031799745738336,0.0019091914765394513,0.12767074866671432,0.390931488814261,0.35780793053783705,0.21897287014127614,0.3260976525833188,0.5808291012662727,-0.031503193082803055,0.26064798136352857,-0.041329098460064384,0.856958875652809,0.10350661822806106,-0.0010439214580606482,0.03171379282643376,-0.21449051174442582,fearful
0.027683061725691266,0.725976375325545,0.40187054951006695,0.28031176380955747,0.3357559784827713,0.29430133961161087,-0.02916928254081541,0.12870077864819646,0.14049047423343972,-0.3900685012716213,-0.10481525698978802,-0.6686222423439924,-0.345622117380043,0.3508362416625095,0.5380770747195185,0.7606142395965992,0.040454087972093905,0.3178275933670915,0.20346761173468692,0.4538675503090569,0.18059381578350492,0.03825615685938159,0.10820433712944255,-0.15577288648851387,0.2192896003660669,-0.022479742233296907,0.41449672852577313,0.2886445258747315,0.37146062553944603,0.07876000648425519,-0.029119255509999498,-0.0901448868012564,0.3164046264730265,-0.4086765935633925,0.34453955994092844,-0.1129401561872341,-0.36743560852312973,0.06936717070750843,-0.23715349467974658,0.16071255925058908,fearful
0.08772863821143118,0.5297339572190457,0.5301390951567512,0.5732339783400358,0.22834891386691006,0.581144052757665,0.18228006961121693,0.13118956331171336,0.12389247150939962,0.029245692138282486,-0.36528374349269255,0.14017310475233613,-0.3193551593441575,0.262776201632809,0.22742614560128777,0.33359676859036697,0.08961551226184791,0.5751856032072388,0.24817233013332365,0.40047821073551904,-0.07076335076439369,-0.1520376601216731,-0.01965773362867415,0.19674919363001694,-0.3272463519607036,-0.07966155348989626,0.031278179168153286,0.17957224635169244,0.20686599574798703,0.605213784109625,0.5063658408406341,0.28907570481305883,0.39933810212913684,0.34794930560906834,-0.1282455452017934,-0.20884571493833506,0.11714383323286603,0.49123010145363943,-0.505440498137401,0.0031859195150718833,fearful
0.3370764066173674,0.05254000755767556,0.5222140220684233,0.4032208204958817,0.04006582539172132,0.17346907626742086,0.28761143402992617,-0.10976801376952175,0.1583376427181358,0.038134310657909454,-0.11989402211309033,0.07948553284738366,-0.02756110179816934,0.20322711343699326,0.0068069859169606894,0.6520936977437198,0.28659553357513334,0.6143586190312481,0.793773510287341,0.5748265610932244,0.09912679471303373,0.05588159901251803,-0.04611541085816881,0.02674341241220804,-0.21013199314763967,-0.37307245644785914,0.22776572693105795,0.25542940959542126,0.6814994855512275,0.7810073406636144,0.012305268517426915,0.06250808436458075,0.3837596075215368,0.38436742317531986,0.04883159045037047,-0.021461910222191127,-0.4872649165323777,0.5324775120453912,-0.10821895358723224,0.28594576399851723,fearful
0.23319394157763093,0.030542618492162096,0.5201690567385361,0.6984039924479875,0.32703144009879365,0.3186521887264002,0.35663150783801784,0.3379495724933436,0.2253141962393329,-0.24763180720867736,-0.2699320170081675,-0.14492348398739488,-0.5850028580498837,-0.16422196266403308,0.19794281179877632,0.1568319854870827,0.14899481687646274,0.5493508063714072,0.3641695442472638,0.3955096591189426,0.06323120649358885,-0.08076114457732186,-0.24226745377315675,0.01137390227808796,-0.4449875319017961,-0.14988479649089384,0.29134759340129734,0.4470961909158643,0.30045507611090505,0.07468946121110825,0.47426000783344924,0.10803233922647701,0.16924926213719124,-0.12791933624130977,0.4529148284671535,0.32019841136377064,-0.24927278581437776,-0.2921836356756027,0.045498817577785206,0.3004414723216039,fearful
0.4499085592928792,0.2299132005696256,0.019457528907835725,0.4197453004104439,0.4010859917680982,-0.09632856270226914,0.13627736443662952,0.03173322204916468,-0.21581666032093086,0.01678830499340167,0.20350089049363781,0.2273435766567475,-0.1552241377723498,0.010440617445847622,0.40856944531681905,0.23578669160903773,0.2655411291658172,0.8634712769825591,-0.32888371738328326,0.042260326756932504,-0.09746343565149693,0.005297867958244523,0.37109052678875476,-0.08262545332026286,-0.08215329572190347,0.0951912792638818,0.07762461599522293,0.3337586955773403,0.9217450630647956,0.18448774711842114,0.28828915059467075,0.26547990050969916,-0.3039220637524077,0.24669868044116766,0.002686953046708851,-0.5051583389977308,-0.11273640026309026,0.024884772681073947,-0.1562490738959599,0.40981719202048317,fearful
0.008149213544723255,-0.11331814754719496,0.5062403187054059,0.31601983400501865,0.37031690639893977,-0.1021277470127823,-0.13203435134553335,-0.13931737291086801,-0.01951562799196155,-0.069591081519951,0.280700568825205,0.3526145083518738,0.08844941005199172,0.12709726310800987,0.6959910531501559,0.3284919520080337,0.5898873767404795,0.22078770087591196,0.2581607697731738,0.13167633092501574,-0.06337964050702219,0.10662073566190115,-0.2342574416757263,-0.07476685566357483,0.0837135413753557,0.5604287040951235,-0.304621365545259,0.2607665981375903,0.4711551629029944,0.2659399084168535,0.5446869801212938,0.409144986412046,0.31427731182031715,0.0019956207637687184,-0.034017414539187274,-0.09123609599601129,-0.28457829528910716,0.02846336540242883,-0.19521101469993854,-0.07230764577927201,fearful
-0.18104654155244107,0.5055494480712065,0.17989918320173587,0.13700653708223262,0.5261153036845653,0.18269150938540193,0.2775348453831721,0.05933457908947082,0.10320226976588441,0.008044761227963299,-0.5647095649592345,0.3354356746556666,0.2960318932926108,-0.19780550834407742,0.45506975804675587,0.26029873888859617,0.37582234009894344,0.6426802093063341,0.519457447043495,0.43037039262945964,0.5803763279917838,0.2767507010867193,-0.1805313612537002,-0.3535294718141261,0.1845958796441511,-0.35066834987802875,0.06623760204422181,0.15697966923532095,0.14687990792040387,0.670945996962249,0.41329818755543013,0.22895254437041537,0.4109943019496979,0.00446060934684081,0.3031571584192416,0.4496109741778148,-0.079635826668177,-0.05388606200330345,0.3312207770139236,-0.31677090734739966,fearful
-0.148699487217773,-0.001635106622938226,-0.07038090787729803,0.34728485830997946,0.407173847483165,0.27558436966486954,0.1907806255175566,0.3195316713335168,0.27234402944016317,0.2583577311326172,-0.08289440303248041,-0.010814042876421404,0.4070371294453229,0.24725821887324317,0.5563547180714822,0.2011560627957475,0.3373090251133173,0.18390125696722456,0.2769993236884074,0.29866878331636487,-0.005009910265020817,0.48344927639874813,-0.39090002649747346,0.15673739394951308,-0.27394063113149036,0.1269906683970915,-0.033898832442449595,0.25948272489976454,0.3310652871369911,0.15762998725347804,0.04613938487581687,0.11234265797403067,0.20193307315773437,0.294277347382085,0.3987349130494078,-0.4472689922102391,0.05904305821634789,-0.12725968573071714,0.058763387530606545,0.22485773134600245,fearful
0.33740490443500515,0.3382586453245584,0.30786113990082364,0.7185828452873415,0.4025844687307738,0.2802690616570728,0.46713561626254274,-0.1705873794867914,-0.2072003802046717,0.3070486556725145,-0.09714664218654845,-0.4399300551744566,0.2451106711685386,0.4344637662814911,0.05714242546519853,0.0024777421760745766,0.3341446084636557,0.4197391092072891,0.13855922042332228,-0.02160832406866503,0.2239615016234463,0.14084379534049246,-0.41607980260894384,-0.3161888740370259,-0.09446164773039015,-0.09511703232971905,0.19736870584024496,0.3610833074915534,0.7507077218627575,0.430295025218672,0.5518107691827909,-0.09015280888441304,0.030279838765664785,0.34865626377943937,-0.3310097868527857,0.27608917968639707,0.07721705404518292,0.012998540163357247,0.024520933041810855,-0.12988213101596233,fearful
-0.1100840768981374,0.11332141676119338,0.20819300364904653,0.6350280227012629,0.09097144756824518,0.12978497524324772,-0.21889521317666852,0.13586753938007534,0.011700476832695345,0.2168207607681608,0.40039217251051196,0.10723948921733009,-0.15045134353114656,0.19818447488168722,0.3049314701026254,0.29547171270169936,0.08760302764992309,0.4132711949646489,-0.00904174481396916,0.17253866209351046,0.025177928239998093,-0.599287508089459,0.10159964166916235,0.4495191382356458,-0.10643646343763316,-0.09473215757764716,0.36442986962453716,-0.07243853525571395,0.3139218004510579,0.4002229842085334,0.19880256952428202,0.25988037430086053,-0.007871768704987042,-0.04024104290556227,0.1690001198922645,-0.24889777485503353,-0.18924387908774712,-0.18491480891100284,0.17191870961318553,0.05603339474822523,fearful
-0.05686876463545068,0.3157961423577238,-0.1659095804043985,-0.10658669161274806,0.399825984274916,0.7172070523770734,0.07644028532192829,0.17659926255362038,-0.316410452629845,-0.01346998843074887,-0.0075907106231882515,0.11567996029263913,-0.12402488207869547,0.6018987745854422,0.010910784200350493,0.6684202781711724,0.08904626955511366,0.5187800840040717,0.5947610320339675,0.7064062829922495,0.06990673152656203,-0.3773046299432855,0.15817830919505257,-0.2209613172797543,-0.2732960979909308,-0.08636384329445554,-0.06947700141017293,0.41949595498925696,0.355165110686499,0.5065491261591383,0.5367969975719512,0.1872454090583126,0.3610500125372469,0.3860051730533888,0.45380230217104267,-0.00021163436477544817,-0.11361239036498175,-0.23806725200995824,-0.039203493021685715,0.14935153426235298,fearful
0.20675563533267366,-0.0783343897236827,0.2162136636685592,0.29828725993996846,0.19403969440943428,0.13532854008595155,0.2776044453315186,-0.1310898558841551,0.12645135774828492,-0.2944386007865316,-5.227784397404678e-06,-0.2802484305992402,0.3338820995117765,0.3228863542630434,0.5581466869171255,0.11360462735296847,0.03402688293931186,0.022211061899805595,0.2270080890723443,0.44717529961076563,0.2673556777195806,0.17445087892717598,-0.3311847829783211,0.20583195963919174,0.15647857773010898,-0.07473105551860612,-0.45611606851385134,0.051987718344480294,0.28074368385115467,0.7198029827276884,0.3858039539144562,0.26483893275104897,0.572278347838017,0.4686649717663509,0.1047954857131804,0.10812363633577304,0.24636349340318714,-0.187750163990241,0.15099003871609837,0.047060134632770464,fearful
-0.08166495302067883,0.3591275851326634,0.5751924207305025,0.7911991029159466,0.5195331287362187,0.5516284214315152,0.1540237046469401,-0.2567686396445684,-0.13504409207283755,0.056986708420751486,-0.1903827163113241,0.44071879698977046,0.3463488335296224,0.10248585776279004,0.6553960972397328,0.4688359525844664,0.7397088364637362,0.29432715984550617,0.4697482574966042,0.1432054737052601,0.10564549965341347,0.2915712428712517,0.41945191939967685,-0.01792130834113942,0.05716778041866913,-0.15228548470095424,0.10049771741030625,0.36224590826953385,0.017283601639075413,0.2462950907871695,0.07173490888035805,0.331207135754447,0.41181218233106054,0.18439239881364727,-0.048087562702236714,-0.27657004269726737,-0.43252222607270796,-0.008952645328200698,0.4211107839066943,0.0875933938910555,fearful
0.13549255665324444,0.13829487349804256,0.046962808238400794,0.6043270207407478,0.5077123549523631,-0.06814859791073274,-0.09680775899432997,0.42439035366215405,-0.19116543143077827,-0.04638772886325154,-0.2927282565469733,0.06376881356054608,-0.1288294232939399,0.007565179971654679,-0.021036821919017817,0.7697453190799826,0.9710158736082916,0.3919527117838512,0.44444025817345345,0.33603963976860846,0.10553154568357728,-0.001874662595142046,-0.12115694903254884,0.14150996433533153,-0.30574663695069004,-0.14073300555481535,0.3208097201141328,-0.09086528640769917,0.703843685427962,0.2851816950268029,0.384020981091757,0.6027678599160092,0.18881546373588443,0.13582680567711494,-0.12122056560752711,0.08855230060686303,0.11972862218888333,-0.2232187182441602,0.21670423459981025,0.3852636159765409,fearful
0.2651436921988599,0.06538906039259586,0.5405090105992234,0.6785586296697459,0.22216985273392797,-0.1531597300313541,0.031202294148234277,0.10893889922855843,0.33159741969488576,0.2521124761437157,0.11840231374256635,-0.1662283012457866,0.24214929130583918,0.15058683687988603,-0.00027273245823569714,-0.1124000851531822,0.5910920744188355,-0.05123495138274936,0.585202732232513,0.7415654426792446,0.11283734133515544,-0.18261320004610895,-0.18795982048072105,-0.209081482627636,0.07955366304438091,0.2999672735166494,-0.02921631092172955,0.1654320917476847,0.16093082785352916,0.6262671003241166,0.5744549736486363,0.08091304278552996,0.12643209761710505,0.14427449949744392,-0.4106229719524055,-0.16411697388829452,-0.012976302553501934,-0.34889990487918277,0.11026178554204935,0.16340946951985896,fearful
0.018613595539978434,0.4938407051149878,0.0915098512710148,0.4524664036331596,0.27792481973076033,0.5480957908685948,0.011739304359765279,0.2483457823734347,0.1675622550138098,0.23799693683117948,0.3407025593199703,-0.377625190694873,0.04124023113701089,-0.10770772097768147,0.47941907666007855,0.6444698112775364,0.27851420425048623,0.3970850610339087,0.5996868273655321,0.24881708196464808,0.07258489822254043,-0.3760261287318546,-0.20589584982172884,0.193510935595312,-0.36401849905655514,0.12833020613633428,0.20436196342218382,0.24182473860802342,0.5080461455252022,0.170236298914107,0.6725845341179746,0.17921594426941384,0.4441640372929372,-0.03615607807448476,0.08218738887418751,-0.11499426611762179,0.3580048104026163,-0.2633296645307004,-0.09350018462673365,0.5036810336400146,fearful
0.3467672051963292,0.2357820765089339,0.2541530889749963,0.04082477803715806,0.273303933704152,0.3702430807079399,0.48991553496889173,0.329108249175009,0.36900406527982815,0.057519601049588004,-0.21791392734160434,-0.09648127643650276,0.4284400088592222,0.17810642717439093,0.5853944160371228,-0.06555428220271495,0.23263420274802232,0.14629494577694413,0.347477963109289,0.010005773966833803,-0.21592094987930974,0.0008256352046634996,-0.587828906744228,-0.18935596989662676,0.09013858481319274,-0.21849510188632956,0.13917797422642234,0.0317977789616522,0.23307067825635858,0.40857048244897076,0.4519615986005415,0.38956196201892423,0.01754093847844318,0.4735154115359741,0.0987461663666242,-0.19175209909833882,0.2782966868721477,-0.10832570089303936,0.5346368131776872,0.35822387561511154,fearful
0.12733669521188615,0.12971603077312022,0.1157719527715591,0.16198285420450642,0.27348943451602925,0.6147629065574678,0.2460435336065223,0.08690909131472674,0.12528726453513112,-0.1085037174805061,-0.34909868617304196,-0.37093136544633565,0.4087460321260855,0.08740698444364518,0.6393853558459883,0.7834072239297795,0.4230821438152661,0.5312126928967731,0.20122252732701423,0.17284697802387408,0.12898979186785736,0.022623809122384347,0.3376499523484542,-0.06500515254331204,0.21244530204817683,0.09397915344766536,0.31041974129760175,0.6999740584956157,-0.05768279096603199,0.6419499374648383,0.19153602583439075,0.3389238711392474,0.12134433927506336,-0.0070185050504572855,-0.30849067843370115,-0.6852260326182489,0.4846496081268723,0.2064532351649128,0.005820693993528164,-0.3001025504875464,fearful
0.32323431915477635,0.6393948393274334,0.42946917680028174,-0.06613941087977987,0.21600613421163276,0.35556049826413205,0.187555011447339,0.3839861380243609,-0.21439262230933867,-0.18812605998357032,-0.6565254857136459,0.2724716190157108,0.2218711235208271,0.048853549906067745,-0.19596097390559372,0.5360063940108527,0.0031378617310639234,0.02588066917439752,-0.19123022201215886,-0.15116018290330166,-0.12854438967805185,-0.24977778994673763,0.24001022473904957,0.13245892976134113,0.007493532466026714,-0.08214942367285069,0.14134927652808316,-0.08483419156766533,0.41609735937141046,0.1169089109547119,0.21136944915213576,0.3687990493008384,-0.01952715501650268,-0.24406487096157617,0.27416218050476765,-0.4677971877011091,-0.3681034791548813,-0.30686428540749233,-0.1238276820191199,0.11537220710087862,fearful
-0.6559653135748923,0.11764965276824084,0.6669884956253479,0.6475750546313045,0.558395867069331,0.2619717860342736,0.25258585932084715,-0.03724298134516765,-0.40250901112602977,0.05296711200641002,0.22215082206430123,0.060490081602283446,0.04998720889883479,0.36796386695047245,0.32291619691204754,0.5969723897103708,0.2418897215870842,-0.1151235308516271,0.4056354397856653,0.4213302985986943,-0.09390274600850548,0.07679019806280452,0.14507321182349883,-0.7366830556610823,0.6037513953038477,0.2533299625507213,0.09961998063761132,-0.049777226878427255,-0.08441627424192003,1.1921608994656843,0.25425465992402874,0.45909752134474346,0.03067259591932278,0.01976739285963694,0.18319187168089712,-0.27561821570393075,-0.06871732049527277,-0.06628688542792008,0.17827077385937184,0.36712807729861774,fearful
0.10425910545890334,0.5970936802739965,0.1933411775929632,0.2499356505079598,0.358192670497785,0.2171056523721528,0.3950424264135427,-0.6217600141504478,-0.4322183700565899,-0.5892386281196327,0.30814278512027504,0.19409515632163502,-0.11976069604842479,0.24847500320325627,-0.20596186391535967,0.23629086983999925,0.7244795483869148,0.5017317575158702,0.8257308490011641,0.07275761805621114,0.3954143186146084,0.04507372512043066,0.04465893167700853,0.017678805466046943,0.18233134642766566,0.39559546456023353,0.16743098121723773,0.3409625930190332,0.2906849346837168,0.42357638958885946,0.13351621474770883,0.5396463623448715,0.37947634703817146,0.18781243645146217,0.016906008327181477,-0.20294717164820678,-0.2858534256708867,-0.29440341253897917,-0.14075431468809882,0.38709220977147574,fearful
0.2624905023175448,-0.11612525104492263,0.07199151969591142,0.6931016544524918,0.7661649485866454,0.5026142680495476,0.7409155204844805,-0.06691811307017173,0.1355282962688601,-0.19208200760961677,0.5239581767398351,0.10410908632456863,0.17376675039705966,0.2544586290778959,0.07917882661536906,0.3110654111197827,-0.22026994226876698,0.23569143558916245,0.03949242976824377,0.4109607251996278,0.45568499176002253,0.10038527889209456,-0.2835955999986902,-0.312921067497941,0.18899242919623832,0.004400795690010895,0.09914096669086161,-0.015490277632363464,0.3930296747156905,0.41657289358483174,0.5579762586400058,0.06178257614271787,0.20702303833002966,-0.2405601107403624,0.0926111747922795,-0.01738692189050739,-0.12457822604666671,0.23202600297799766,-0.2481226857439112,0.5644109576194937,fearful
0.2729559521415964,0.4088018328184799,0.40452360761658845,0.18971867850273644,0.21412520973654478,0.5451437975330247,0.2138451203335684,0.20313176698445465,-0.05057620505296953,0.1980123293612298,0.13791865030137385,-0.323010877979064,0.5752634295809271,0.43601785880249755,0.4752609421459324,0.4192700929273523,0.3560668506778658,0.5764282113756919,0.9606540369553196,0.19665115596482685,-0.15480888977626814,0.031158707035836314,0.0031742507715295243,0.21609243884749943,-0.30493679764563475,-0.03346730857503685,0.09057821586241692,0.5114309155859337,0.6169026116234453,0.4199701920373895,0.6287531124094843,0.33006675788530604,0.2435194015851485,-0.45753436069061293,-0.19117709559303878,-0.3037109027381978,0.08364944367890487,0.021873373571025118,-0.20002474744354262,0.17644011868824333,fearful
0.13302370512036163,0.3557580345384824,0.18845876668312317,0.1805078848016708,0.658633631114717,0.2285748896652468,0.46740725220606316,-0.10918088060764561,-0.028068708049856145,-0.10738906618195151,-0.2827522041051437,0.17703290176023048,-0.27212122322688925,0.22021474894249976,-0.28606797111951743,0.4990044656213609,0.3686470496473346,0.63124808918517,0.8007786842579957,0.03494217715693029,0.11415354197681019,-0.2981460234489448,-0.14368728233669562,-0.0245333179841124,0.003187297461210825,0.2635038066681957,0.283720509702217,0.4973682786679625,0.15107350779877007,0.39293490942388426,0.08315456980384861,0.2470310846083093,-0.482275125092436,0.08257495022465479,0.03681145144492805,-0.14683135362981473,-0.14398468748696244,-0.4372054956798922,-0.10060145595059197,0.005522773421023697,fearful
0.21064303860219027,0.362699158345677,0.20860038112425988,0.3178752312289719,0.4309101296394158,0.06362347979130958,0.4568026074741368,0.6177697385982414,0.1172823397935106,-0.15307867091479213,0.010995994995586511,0.2823963398343613,0.37981359378952095,-0.18173286212356468,0.3287645019834934,0.13702253235350928,0.24253247529565278,0.4093900729209109,0.42093312350398904,0.13223159689192118,-0.10597893036083814,-0.028237411032979276,-0.2905588591191819,0.39116941984713893,-0.40003230633648323,0.21063014137978686,0.18155162522198198,0.2488953276092345,0.05717039471968985,0.22957643565224345,0.2558817727515226,0.1511997050787899,0.1400924686368002,0.13228893538919817,-0.09105343284145354,0.07511500852329728,0.13564387398281835,-0.14672529586120867,0.24200855937928178,0.1660350214712169,fearful
0.011919547012593679,0.36118878643543917,0.593372338325423,0.27000309872295286,-0.11714013695532913,0.4769970768114121,0.44701682009754096,-0.17444228044982865,-0.015678760590219387,0.07824643887088552,-0.6389869451290061,0.17938491748743823,0.23669056774998956,0.35167499367985905,0.614103268337484,0.051217802458155964,0.5831682245662398,0.9021882666310849,-0.28168599281800266,0.10276315890553626,0.27478636285306945,-0.1651997004471887,-0.49658733575490765,0.026337684896695857,0.02405063074137495,-0.1279988207320049,0.206697088123126,0.4671319808268438,0.5608499043988102,0.4488314752807865,0.023006131496865756,0.2003590591178493,-0.37688511536220193,-0.16968428158361962,0.05214570817415373,0.0934561472767512,-0.06138650389592534,-0.02481070144586814,-0.43940307726522154,-0.17807095427371403,fearful
-0.14557681711543588,0.08672823889729896,0.1570913490025085,0.8856998152492733,0.5801220777379733,0.017263131897240103,0.021442771014334866,-0.044401518459664974,-0.13895424793810993,-0.17761735292188383,-0.5697000731448737,0.26763458398698026,0.21647611763720298,0.29954613277473185,0.2584689414535668,0.4197468213908512,0.24721630209896225,-0.16882980107109138,0.30206265078329453,0.19299220046816545,-0.23950626558025603,-0.5562553343267307,0.23605256011481582,-0.3163688107141047,-0.07831736715851506,-0.12974746081038133,0.5593361224364438,-0.14314771520571531,0.5659481908674984,-0.2985305231141141,0.5550527957274528,0.1453135701208084,-0.38019850965757107,0.10326709215957153,-0.014499676276295698,-0.4552977903649853,0.026718580838610353,-0.035995551303767886,0.16352768901959536,-0.21525062298206007,fearful
-0.05276628212292436,-0.014229506307033596,0.33075599911957243,0.2011925604339107,0.07070596409545465,0.6143758561632631,0.04994258571100871,0.3626120270934091,0.21244408376554674,-0.23205395368645157,-0.5247621509764075,0.021651773003597524,0.21307634709254772,0.430336478982835,0.32676019139348733,0.40978925923466525,0.1757649156536063,0.14107985162755704,1.0769497783756468,0.47118707747255584,-0.24582831780768324,0.0800568464955681,0.06488769039951883,-0.5118603936937042,-0.09993892619906738,0.1860635699135525,0.5552022134445277,0.6378580273273338,0.21315328382122148,0.2559489461773133,0.20810009844402375,0.3277584749373602,0.4021183627291518,-0.17146677203531493,-0.03892171689217591,-0.1966651470830472,-0.2548984694025005,-0.15529634891673696,0.5066347055449215,0.5780012177607327,fearful
0.5086357801696817,-0.18676048294794004,0.38107295840716765,0.9425102389813914,0.43123378690240033,0.09257201964757103,0.3375865122048447,0.026426345669740003,-0.09457051173828304,0.017046270248178508,0.06121082009754078,-0.06840094359011326,0.04172455518693187,-0.11851929737455977,0.22119267721337948,0.48432953688141767,0.36172419790704324,0.28262380148063465,-0.09192468996420863,0.47230676086490253,-0.20143308859811007,0.178545925285756,-0.13842930421269065,0.14422946652218188,0.2386989625823022,-0.032378717088312164,-0.6262515909698582,-0.28334634478015763,0.058282244284541956,0.10554333060343168,0.40090831115521164,0.7730609828937981,0.3561803984265003,0.0581655920730646,0.3492110483518272,-0.09421583585579288,0.1591130551669154,0.07021261999122158,-0.4400161278037553,0.38574662007858684,fearful
0.5860285262610065,0.14741943350302694,0.5000305040093288,0.47057149342712745,0.2614466464236369,0.1800177063850304,0.4417842664727877,-0.06752929328702284,-0.1263996240911164,0.169167298849653,0.17824176288901905,0.37221680381291045,-0.09747724035198316,-0.19392088267626054,0.5106819350699765,-0.07994341582031747,0.2378116146826007,0.2750495426337911,0.7094909389628933,0.19850180545435014,-0.2091722346461055,0.0041461943717572,0.29199986125496047,-0.5102540992684251,-0.35287401722264533,0.30942078809721596,0.17441499024580934,-0.019348284450444037,0.2562780899538133,0.36033627043663985,0.04082224664160622,0.13229714640720597,0.5577057743311173,0.17644432419144473,0.2931155241884402,-0.05202955198953796,-0.1959883678060618,0.05662113943767638,-0.17968320668893215,0.23612843608983738,fearful
0.06662431149441263,0.1627961978484182,0.2405800187200064,0.10317201314236998,0.6752308365264406,-0.10329366146209065,0.24749599305599768,-0.22251466188196087,0.23892766738100715,-0.09893622437753138,-0.008076126186732924,0.09784630162101918,0.14139793724517974,0.1907142975661082,0.3291660221556132,0.3959667261516844,0.2270486501563,0.2567748234186351,0.21612010404715193,0.011942301040461317,-0.03970721533898594,0.3431755235874506,-0.4038610690593406,0.36999382856705,-0.1524397126973188,0.20751687585963657,0.145049397907749,0.19181908500804287,0.44907463080504395,0.7696250666642126,0.3020854480263759,0.26887265316986786,0.057236703040623366,0.6054977963364362,0.30605800854117987,0.23897615676031297,-0.04558103312900588,-0.494326252459094,0.17215933129141708,-0.30213982600831735,fearful
-0.0122910861448359,0.48011837340963315,0.16359674876631053,0.17184990243201734,-0.20113889143733013,0.45680024919459183,0.29647851901753663,-0.025292866163608152,0.10292195654685286,-0.4459054740302154,-0.287516104637797,0.028497075778991396,0.2719335574609946,0.1365479880334109,-0.07091748198164413,0.18597890094521086,0.6216165192888715,0.18166611884604286,0.3399576704309297,0.30024006652679247,-0.04126448250978079,0.017400310782197725,-0.4917336813884542,-0.19934100026532267,-0.012299299698153243,0.2093893267206629,0.4690869051038614,0.11711349004640184,0.4261837477220144,0.31042074699533806,0.13389484262032608,0.0812219040274351,0.1763431883002579,0.09704691895746864,-0.17703202731674986,0.6420227050213776,-0.06237211050198008,0.1439255626104477,-0.016778278191646206,0.840054022431874,fearful
-0.4150288354144669,0.14710762734240837,0.35371752346323315,0.6387550141144896,0.3160646631842215,0.027376729634622343,0.5823220465575899,0.25972391003832207,-0.05509278385241506,-0.10783005933096537,-0.11950096622534259,0.01668903315495726,-0.3784205815708618,0.1752901146924703,0.08272020200145914,0.4272965434354129,0.4222754769550505,0.06592836525917661,0.6104153541632028,0.37775971526842833,-0.13180312301658295,-0.2540610424447536,-0.21700297605858812,0.028460844880034045,0.2909920155629583,-0.17695962693989217,-0.05273708731157717,0.362630687212993,0.2924443946157952,0.3256611081249915,0.2972913903552139,0.19244977664689103,0.6233515885656546,0.33562661220726764,-0.0746104470951289,0.26555392938205274,0.4115796349824222,0.09311840746833991,0.12361309808684214,0.018139563822996058,fearful
0.17063225825760714,0.2879562751529259,0.629402031384205,0.10329222673188593,-0.07798212098769347,0.14727697931114786,0.27937789263001067,-0.4071267065663262,-0.043233503475824525,-0.24881614028443425,-0.33850377378895746,0.00843012148915892,0.3354422874909405,-0.19899134555701745,0.28861385440510956,0.26178001083160335,0.49875866627063814,0.32736592998346165,0.11443126743093823,0.4071211073338499,0.19742241451096373,-0.2496052076618446,-0.546274909753595,-0.23727743986210229,0.022935435186375974,0.23665575183395643,-0.004723943907522343,0.13410317158983717,-0.14851388309806643,0.2215972188172912,0.35183698209085457,0.12323005420353314,0.15868755326332457,-0.15509889925005957,-0.22099365909329574,0.01701595798783717,-0.4486984521528161,-0.025290437471765403,0.33764225332537773,-0.006158174678708994,fearful
0.012111634932118698,0.020827419153352983,-0.023772712363944265,0.18827904512860516,0.004657309905755802,0.2099116610985084,0.04376674081198964,-0.19655847487821945,0.006713096423148879,0.1919122264597489,0.12847777670429206,-0.10342319880038206,0.030797300742287412,-0.12994452574307755,0.1609272155382768,0.45631420736493544,0.5149956905894613,0.6488305456626474,-0.11367820012688115,0.5625915644346152,0.17392382177915683,0.3788112983184423,-0.05864739773056629,0.23281313381307786,-0.04377574470213469,-0.22867123072325748,0.2051810735739249,0.09439160369983413,0.2811952635283772,0.45399637989070085,0.505008642702756,0.4197044931938321,0.412951101345189,-0.30598349976944816,0.28015646900316704,-0.2670858474130251,-0.05009742545663659,-0.1399542819196298,-0.2532153555063533,0.34468901120714557,fearful
-0.12621112959137146,0.08130794118372593,0.6512603660707023,-0.23381068997831803,-0.1045735961936998,0.49440252301997567,0.0712731057992331,0.2724586255407508,-0.009819287855500236,-0.18085929215098032,0.10036135126040976,-0.21287816971797827,-0.10367822505460214,0.1834840980863002,-0.05307430346125727,-0.06571466884382529,-0.08571423883039589,0.5446115947490009,0.7361785798821484,0.4671240876637818,-0.07974379059455791,-0.1345622039402071,-0.30646643352184133,-0.07267931624379978,0.21947307024940324,0.01550817670118626,0.12143440141666076,-0.5821965506809199,0.3673806683449089,0.027616043771620025,0.2516395765664907,0.3496625441844633,0.20535905706149193,0.2642260244081793,0.3768783106628872,-0.6246360102642683,-0.4558985789137989,0.3754854271882966,0.15730506347466036,-0.04846795621144964,fearful
0.06453773202647234,0.22600454749413093,0.5576914856439863,0.2494579165416403,0.31762307143900903,-0.06825760992875224,0.5457654825878268,0.19764547833896035,-0.11709172009241911,-0.3877558398506643,-0.07072180517416743,0.1881585757962899,0.6157780251293243,0.6121211793898302,0.1342507373673646,0.1954870057980004,0.09057048958395345,0.43805004642013534,0.07988580982033855,0.3284591492618411,0.16998907100114752,0.10894635824496049,-0.2928016064110893,0.22693552154668592,-0.07626497257745116,-0.25806444153467434,0.12900148423948232,0.2756442786769625,0.3185383954021556,0.5737673689416164,0.6273242061941744,0.842073955813219,0.164229889521796,0.39631050336037654,-0.640253076895563,0.4238681264252461,-0.06341310822977678,0.294381209754355,-0.010496334351433906,0.2771032746260741,fearful
0.2984994374099363,0.08206943842932872,0.1631456750529035,-0.3837236580200377,0.4686514589940425,0.23550356006472883,0.13354841506718812,0.40080115344348244,0.09727836110425135,0.014042863227815255,-0.5302498642884333,0.017172275136614595,-0.023632816143143276,0.3888059432725617,0.11112233979290166,0.00039397557103845737,0.2834324757197505,0.7928850315678928,0.0570810813453031,0.5130646970087198,0.05245482709331367,-0.4983983975575875,0.111743275780459,0.5356781515976698,0.09249787811181923,-0.21788641237906956,0.08842900214060948,0.014394113798204933,1.028004974160406,0.4811560003377203,-0.26479987197647403,0.4830798702881719,0.3043785422270793,-0.16178209711499894,-0.14287450086175793,-0.061825765863993354,0.37798585899311243,-0.15383168432293384,-0.14015574283424095,0.3841162942343597,fearful
-0.016499444152652032,-0.0258953585572729,0.2732801743604246,0.5487632585802505,0.36731513613980005,0.18196729610790363,0.5524266510636993,0.4451610402345404,-0.3920045002377929,-0.3347840347124056,-0.2871343250415084,-0.07616214584791231,0.09255871559099793,0.12354187539295405,0.25450677444840186,0.4209317156259742,0.018983121810777187,-0.21831868100462162,0.35020432825182013,0.5042921878818895,0.1444453744380107,-0.09279833228764789,0.09744210398910477,-0.1360076460030649,-0.3475658365390919,-0.04459931790990601,0.3360480448331132,0.3188511829426637,0.4806601383486554,0.21810014754882745,0.471368698796081,0.6358788597070973,0.11056442091509264,-0.026383307053059052,0.32165671281911845,-0.015974206749678505,-0.346002788284657,-0.12298566632358068,0.38226085319265524,0.23732709075330136,fearful
0.6138061233734396,0.39935010591044373,0.37630821338919906,0.609941321456805,0.18147827547971493,0.547617261278558,0.17387595020481753,0.03717126469789897,0.11457374323921841,-0.15553456700480509,-0.33219297582925633,-0.24077960214096608,0.18537634744803455,0.22332425206757572,0.2622896887977692,0.49368424326437155,0.12463213613111015,0.23357553631298528,0.688874254631281,-0.04059303647004653,0.42128168539922695,-0.050035856944622786,0.0939616221209261,0.010370611141751612,-0.07834306218029463,0.08498097132230968,0.38922634202679846,0.068741407671985,0.07764013822565788,0.563617734496502,0.2383022710382092,0.24039416786111062,0.15166513304491996,-0.0034047955435029253,-0.4318037270893731,-0.06072512674245634,-0.1635564620840894,-0.3506070343133446,-0.08261847277635986,0.20922281740121146,fearful
0.581542941921925,0.10830887237509122,0.6487528307581363,0.23575125100938918,0.45311705584806383,0.21978645400600916,0.38478720354504115,0.13759155435304313,-0.07910619620753714,-0.4201318482712,0.19838951190729015,-0.3874739980016565,-0.09315047369512516,0.5911993130136862,0.30385405154456446,0.3369300482388483,0.38135777764517,0.3994816752662984,0.19906896047123113,0.2843914696014225,0.06342282992150416,-0.06356514531194385,0.08151114309571672,0.11073730133022017,0.07490368169316845,0.2952575278590742,0.616617979410777,0.6725573116636031,0.34270608313231454,0.07982993659577503,0.6245875139701161,0.31455700091090677,0.39345341745213835,0.01804513935664101,0.2339084819600074,-0.3085532059218943,-0.0015216717065681395,-0.3434388328054626,0.5629964757082164,0.0921093020657293,fearful
-0.36287080524890736,0.5654747371927191,0.5621833442786067,0.6954903136460939,0.06540054405840456,0.38367828319665187,0.5318965638000005,0.06542595523857953,0.12221984738820933,-0.08136439730330697,-0.11557434620646442,0.33494214282352297,-0.12481713810433073,0.1686649472236469,0.3953406873381724,0.3351730533423891,0.5666799860365715,-0.14209545203386878,0.5747697566949195,-0.0839305557813069,0.05970290846587491,-0.05681313928007484,0.0896381195753359,-0.08367980561365271,-0.10895195867228555,0.23755353032967258,0.6690806794916433,0.1035509682064942,0.16202984961526543,0.2151268997796844,0.04640187792495326,-0.007218433112683914,0.09102500166879496,0.2873847089111357,-0.0982560395547207,-0.23062698618604663,-0.06608740534297616,-0.20131174143687772,0.732216880739598,0.5377142855084406,fearful
0.16611124953862969,-0.16450439104124467,0.18468971964983874,0.13211119365984586,0.12785490418851872,-0.2448818404829494,0.07651562737512475,-0.03731528339597687,-0.1416317944412722,-0.3472520213088557,0.04702796408672262,-0.21955153526595958,-0.49209923845685044,-0.09786586875844092,0.4448591267805023,0.6132407942320236,0.07425999821876336,0.29986924911981416,0.42274680591408165,0.4265619086417225,-0.008813407971015735,0.09176106981178546,-0.14065732725574656,-0.48938880732337997,0.21276710223112613,0.042587345623964754,0.2548640837906494,0.19374360311112848,0.10115222566254853,0.22997896674819962,0.4211507513381848,-0.02758739721219025,0.577300015330349,0.6625615233804869,-0.5392239159012163,0.18972978659273396,-0.1539025397065151,0.13678769143956485,0.10466115855223743,0.10654105130520408,fearful
0.3727778105987857,0.2681593651554092,0.6807303639741659,0.4310010064738671,-0.013351789046074591,0.2454098130419449,0.20184607358587064,-0.03463335529747599,-0.2792704866841005,0.44738052432559405,-0.06227791240092248,-0.01832732325145145,-0.3369585520961377,0.2908381099786365,0.21878863772418117,0.5873364675320142,0.7678083286571562,0.1839618738786991,0.11032986027484648,0.48703132913008007,0.3715381761704408,0.09971350689607493,0.14667873244117363,-0.11951911228358417,-0.014681665926875698,0.062390959294898504,-0.3663390510391893,0.429601078080175,0.5114462198062589,0.1288445067156929,0.20955312509184656,0.3618711657051922,0.3801716289602213,0.11161242892054837,-0.08860220563171836,0.07190460669511403,-0.012215379336745213,-0.2516220550409717,-0.01561317754503419,0.06561265406650307,fearful
0.31844860045039886,-0.0716228474533391,0.12351893926674043,0.2592996854389578,0.34937063834709436,0.867633305328902,0.1608275078376346,0.36517892368403415,0.21293803845635442,0.28389535655447773,0.3797217134128471,0.1315797630875762,-0.17284561917905697,0.06937898308711882,0.614852951323131,0.8457647962977596,0.6666690184012505,0.9290737142921177,0.4570460975776023,0.0006327319099165007,0.1326892029211158,0.09564564676823163,0.19517152839645377,0.16763189055904015,-0.22278752420224227,0.3516396850494208,0.018912262377065003,0.31740584055520704,0.48057192299367846,0.5262614819525607,0.4701721532317904,0.15614128395064603,0.17174888158163934,0.33713621493685314,-0.08877927108170006,-0.3179735952680446,-0.665204077412496,-0.004856091823917719,-0.15804589078406325,0.15578875260546393,fearful
-0.10630060891720963,0.1402799482282794,0.2283784686202861,0.5854124919886041,0.1261149503872173,-0.004985341672493093,0.22909213809733225,0.3079521745078553,-0.20236245231980335,0.09160657619254242,-0.0419086182420354,0.11138415225723142,-0.3958009693148413,0.17621128455917198,0.18343620086760443,0.36841113890517224,0.18448191738983344,0.31063443690557496,-0.25073358623993713,0.19559489154751028,0.43886977387400583,0.06747171562335069,-0.017541650982875273,0.03803987522784166,0.33428110285362334,-0.10758082836269692,-0.20949540441903228,-0.028175654761747132,0.1508037461982098,0.37314687828595283,0.5408313039003118,0.10313767426636886,-0.05058426600529403,0.3226588903545059,0.28225397305818123,-0.22584464790099892,0.13932401855497528,-0.0590382238234938,-0.06276564993259526,0.11865008412970124,fearful
-0.06113169275175079,-0.17673584037625753,-0.03496789539064912,0.16151994073114764,0.4096481977888695,0.378871643206085,0.4084920011918981,-0.09425566558109019,0.008602296916483343,-0.3949920249850799,-0.29338445897182774,0.23700430678619308,0.02152506902497789,0.6132073361362013,0.40906594034820776,0.19553546729662002,0.17391673012524383,-0.17766840739948633,0.6044448951403849,0.4410636026283892,0.9894301294141975,0.5282112320629007,0.043221837510774616,-0.3091387425807036,-0.45458741230627164,-0.040321984914118036,0.14056156999789476,-0.12382722176078345,0.48506879479248477,0.5874409322474733,0.09119080017778047,0.21744457746433513,-0.15390615586898956,0.3511859054489892,-0.2071302729225726,-0.3216220072410164,-0.5401652200998536,-0.2723088366427784,-0.3771941319874801,0.4106734201735186,fearful
0.30440314233163124,-0.06645176561385172,0.0891724975651566,0.32596070251663256,0.36067555494746983,0.014555949239161925,0.5303490086612163,0.2567959839254763,0.5171677032782175,-0.7336281928212405,-0.44749583379829094,0.16136665329361294,0.10872974956651216,0.07546454307927232,-0.04943934254648455,0.4369228541380059,0.21590990442309624,0.6733068261588173,0.5559151679943415,0.424184501272876,-0.36293153309724924,0.09455986130827597,0.40022004536034417,0.4096218429824372,0.2950173842897442,0.34038516474797265,-0.04443451286072028,0.6087022877835686,0.7841059522001853,0.45354189576702697,0.46441623890641837,0.24454644814810486,0.2438208219359924,0.023757400741496154,0.13561298022305257,-0.08190609199317037,-0.43179219618965825,-0.1715859776542176,0.1582207225208549,0.20086500207721733,fearful
0.5142520148097004,0.4831779640774869,0.63844624710847,0.33476465723982984,0.6045979536557871,0.10344111681511833,0.027463357625498314,0.3251719144666508,0.07655107053020693,-0.23738722699581935,0.18958426017203683,0.3500353966826072,0.2487501590032378,0.47870419161436206,0.47483542972429504,0.5454018588118167,0.1450907614714256,-0.13354623145261826,0.195118640927957,-0.6186774837955507,-0.039659492630453846,-0.2656155543906876,-0.010590673707540271,-0.23050923566984452,-0.017418546871389995,-0.1709185690618005,0.08265983903863802,0.6153733398183264,0.05209693234508331,-0.09318096947077198,0.688657121751618,0.4734296863876055,0.18539556946194588,-0.0032703178029952484,0.09090116066293118,-0.13295581697436928,0.19094221196211372,-0.09399049608574109,-0.10483548969437786,0.2851278894030729,fearful
-0.055915213297126315,0.3783746679819896,0.013782007484697129,0.20820446319003216,0.3787887358879535,0.1023209238406966,0.44140323522311664,0.0755302145993305,0.06618900785782947,-0.535339435469783,0.08870461618115788,0.002869931901798267,-0.4455989457106967,0.2085700111377743,0.32236937478447303,0.1312266592802089,0.06948381771516335,-0.021924418249079813,0.2843962496509563,0.20120723275961172,0.04385556204340607,0.520300349270923,-0.04767733900855034,-0.013792451317012344,-0.4183300720747233,0.1288203720859509,0.3783085615262153,0.013864120209285319,0.8356676342101647,0.20176575767656862,0.3680108915700897,0.1838883976411513,0.09453391416011703,-0.6253323621356465,0.2276297137304677,-0.5933668290897061,0.2581548893565225,-0.29905255615938586,-0.08135080737147735,0.7746353877307643,fearful
-0.09958831499207577,0.18130925701957396,-0.005694691607470576,0.2952758931088898,0.4338268162161605,0.6702007172653509,-0.4659167557886693,0.07749861845946204,0.16108230083037073,0.18180537604055072,-0.24881136303400234,0.00038719314135957084,0.5206126772619123,0.2373829526996652,0.7688618880209594,0.005779903365632361,0.16422580566274447,0.33996365129956163,0.01963636643468522,0.35525779131047563,-0.1846536438060898,0.09722302629364182,-0.42021002606599833,-0.2679176001449467,0.04389655545889681,0.20187107523674885,-0.09710812873394789,-0.1415982215663468,0.4492485814128072,0.09127634964098486,0.43195506116237437,0.6041366284235754,0.35552661406907127,-0.2847972464595617,0.32414523751683155,0.23937307399259977,-0.20219112602823394,-0.12586592161123464,0.411566920076444,0.2261830714439973,fearful
0.25395193382191794,0.5142270411575585,0.44719629492379054,1.0545594961283458,0.684007140344133,0.32011168757999353,0.2274981682391494,0.027054939155206875,0.32281402767288775,-0.3366868837855864,0.17510818435719988,-0.1627384931217946,-0.4065378073777476,0.3979773887840196,0.35231037215346506,0.38759233125685344,0.27149464939547546,0.3328761955909977,0.12461025579188584,0.5367669402050295,0.44887885307250175,0.008277208233087002,-0.03121856554715599,0.026967105237273498,0.2166795466991967,0.11801723851632073,0.03913701143160564,0.1883521894026599,0.38966771598375216,0.3168003574764116,0.24403881770168412,0.5975457569903023,0.30878858869383097,0.33782235299933744,-0.19951126003408107,0.17911955884568523,-0.03571648908191785,-0.07205038701042402,-0.1078133580600876,-0.0037272912288324467,fearful
0.03845943970371288,0.2792653482534926,0.3007034130197146,0.8603934014534045,0.46515798332683866,0.35146910184755376,0.18272284729786878,-0.09039436754991073,-0.17847597552146113,0.06038410784532848,-0.4231072479463234,0.4011322711259212,0.45918900103805094,-0.21409641451106784,0.5557192318689522,0.6005304147300582,0.6412631780600015,0.5160446764617206,0.7045523062750668,0.004145234547682869,-0.003931882965698047,0.17935011309055912,-0.01466877527280544,-0.3988454346819682,0.2006826651565844,0.3243723745477193,0.1057589619105206,0.3481387177709697,0.564511705254565,-0.17154182206373317,0.20659036620942486,0.07316630691495252,0.17064508020036792,-0.19967101172115723,-0.2927084320135548,0.027208314919694096,0.419901383078901,-0.31543596301176147,0.47032486721900524,0.4007177034625111,fearful
0.41213243413690226,0.5837763337110812,0.2187845203692385,0.6414667206159773,-0.031910508639037105,0.09260265496525594,0.2912880862001147,0.3064195068670645,-0.31777440989041905,-0.5041380345368912,0.06539776312315446,0.0695123806788146,0.24240413663079619,0.1417025813716026,-0.07463101174643696,0.6092628883241535,0.5543462830028936,0.39067472725000685,0.8403842176360743,0.2687167023719799,0.49302544463753617,-0.005691518383462879,-0.7561302186903347,-0.32878006854807706,-0.6937715641230059,0.009267474620028388,0.45663446584880885,-0.17469943354150044,0.507534774124352,0.2900078548586428,0.5764253810901303,0.38832896318284427,-0.04111298186109433,0.2591389106700335,0.019938723652053264,0.20057442749197266,0.45147547457276294,-0.05183628661168102,0.48121888228812937,0.1381963109870342,fearful
0.31589691626145394,0.30323686879927764,0.15884442785430364,0.3942190330119918,0.23783272137792827,0.4381297344680988,-0.054476162925524985,-0.1267089800401515,0.2495550455943008,0.11152204210701833,0.10772288278182435,0.14163898703136038,0.3331003915614915,0.2836012190639129,0.4883303849714251,0.13403193945634,0.4923936069734328,0.16600657743518324,-0.01372455100868561,0.15579043495525946,0.27960745962514566,0.037299910131731576,0.4258518678490987,0.13691933325226693,0.1077234017963281,0.10092802060830461,-0.17199914852615747,0.2716400547247199,0.33629289684813174,0.8028311931532002,0.15435966062026074,0.26687828552778636,0.032045975954241857,0.15544069757358403,-0.40099717822669323,0.05323603547804935,-0.02936842826345923,0.046776915767339444,0.7333592976067678,0.14490909630398727,fearful
0.28743034609658347,0.2538247952074568,0.6034744585074913,0.9270968230008457,0.7790120559188536,0.3823045525712372,-0.10590390027687205,0.22681970881475738,-0.38292835069012643,-0.2425122447815746,-0.1816817760912476,-0.27854432810543206,0.0725361540138815,0.07364094690017092,0.0716376051695257,0.4237208592067455,0.178682917483637,0.6753395824061218,0.4570767954316839,0.10312051896112383,0.22745199631773505,-0.1399269318953684,-0.181176565357532,0.22349313182127592,-0.4032557830958826,0.18730595053475296,0.6479017851899417,-0.3037866055494425,0.9333410897692919,-0.12468505218699269,-0.2168247231453229,-0.23798639471110591,-0.08421453055051611,-0.03618915960354252,-0.4530950489230623,-0.0767362620688134,0.16786737629160475,-0.20076869645995812,0.09764224108052802,0.31648257610162683,fearful
0.5991713547454312,0.2306202632277463,0.5068048263063841,0.4886685796942586,0.36026048443605335,0.20590660696382318,0.2996264719199434,0.2877688708790678,-0.30784453748592877,-0.12214961029376362,0.0471853629036532,0.07075472287436423,0.15083323434940354,0.5752716099216922,0.5194454512405261,0.004590891387182799,0.7606336417921159,0.16703232826522352,0.0805524342916816,0.48184213640255014,0.027326324939356203,-0.4041765626078687,0.12965959986229603,0.07438483754802722,0.1310020813506769,-0.2932821415368825,0.36305412378255264,0.09318337188140621,0.5523195743408095,0.03903149364069003,0.09940109744112174,-0.21171573078616715,0.006702514623926625,0.3809938797431946,0.08462593691879201,-0.17484818009070072,0.30815853147724204,0.045403364599219814,0.26050089161762047,0.2431052158068607,fearful
0.1307448890849474,0.28465061470487935,0.4326720727462072,0.6442178639665033,0.49754787939280354,0.5149228706054736,-0.07983339049604016,-0.37187315827775025,0.1042760279201379,0.008495462905195927,0.06953662549320525,-0.26571049165970206,0.09889769030291734,-0.11599885938115442,0.2699555137710668,0.30074703222798144,0.30885627295369067,0.42119260911037204,0.16000691533961503,0.1971163047782033,0.285297328152611,0.4080216935801374,0.07173651943828004,0.16491137992730048,0.13910013067702448,0.4876239307457033,0.6899538232752632,0.08487298456820908,0.4961824422819979,0.43042825420783826,0.7464305694632805,-0.3371321567967509,0.03803334368311992,-0.3360714920609046,0.3744570167374302,0.03932056335042691,0.12654032006388066,0.09573687128622312,0.13429933166907448,0.2603786233093973,fearful
0.04909165513769462,-0.27315357931327333,0.40328783482494335,0.33834733243429116,0.19764042833136108,0.13299361913856408,0.5370252043446465,-0.0819796180327606,-0.24763119498155853,0.13708458912059207,0.33061170817819996,-0.34032521741131483,-0.19121578637817563,-0.11392994679201188,0.345151924981376,0.4617199495127967,0.7131238612358852,0.32711181584456356,0.22330546269536286,0.04837009500645989,0.39421920447314374,-0.13124400031306835,-0.24493912192736747,-0.10344446064756427,-0.01817127054355827,0.16216080887619694,-0.007208724395702915,0.6923139731945146,0.807249488346496,0.06471489124510249,0.3765572658196672,0.028379493095461422,0.12946568401872588,-0.20966612057321063,-0.052133657264622685,0.03466869436531553,-0.0025677133524570628,-0.3546704623439234,-0.4520861680593463,-0.31983123746241937,fearful
0.46375914552317876,0.19950213977775255,0.3354133731574934,0.721890624794282,0.08380902091129672,0.3913264795474125,0.028022661469456506,0.15257118721987153,-0.4607389159681643,-0.13761843445978386,-0.06485045315683782,0.015212688464107227,-0.3073269416517105,0.08872093009813484,0.4708224294450386,0.29292790900191,0.5689694509535546,0.5076299938089518,0.34661331007886365,0.10546756886606228,0.12321006387270943,-0.21922917762061114,0.13457879657235575,0.035944688796823346,0.2906801343201497,0.6345064532744348,0.3682361742737381,0.3896690573587994,0.3653697199110437,0.5679587508844479,0.6916752387788004,0.2127319006501288,-0.12397152676575843,-0.24398779588740319,0.2740232695052669,0.0842832521281193,0.0905668310499109,-0.4421219803437808,-0.08497259952752606,-0.24612763954181013,fearful
-0.1106492269571609,0.14318271476583755,0.18728607947316342,0.7853332270358404,0.011838655804928988,0.08623213265870673,-0.05826910636059621,0.05594085344768679,0.17246586291339333,-0.21083209845306633,-0.3654345306650873,0.055857016557492645,0.37620710790490425,0.07642751846778173,0.6297496435665544,0.08518642494321488,0.0945806312616189,0.03362007178961213,0.5380430153301121,0.1892633391901585,0.07963300647942935,-0.21029376255461257,-0.13665930619949734,0.08042105080651565,0.7552879868916023,0.714574817320305,0.3915510463736289,0.0934071769913854,-0.2860707612783919,-0.055687764834183306,0.1273078766023405,0.12752652627082917,0.13688403906230917,-0.04696405379131954,0.3750127482706208,0.29506524514125565,0.6041741035127823,0.4266846501543419,0.48548584938848005,0.2661885274988838,disgust
0.06023104076591021,0.5892444814174351,0.09632443878286456,0.5509723099090312,0.22316923085867774,0.15085947420523432,0.20304698892117876,-0.09604843394288148,-0.27535772377349094,-0.24239946002207735,-0.22638367013906663,0.1721057205681276,0.3548504132328161,0.33297931972617667,-0.015451977287638002,0.380103409576533,0.5011261755820878,-0.14130995917260597,-0.18085586130431686,0.22262969766725477,-0.053591809830119436,0.32417748813336156,0.06378962241865836,-0.10560614240295191,0.33595690507788595,0.3676858459745217,0.42985819627517813,0.05825286403869151,0.04807693870232527,0.5798638659122195,-0.14712480163795988,0.389158220233591,-0.24905394400952624,0.19223047027387366,0.33971985692638806,0.5585386931718521,0.3791854873351755,0.19755146405346252,0.3155051435888661,-0.19503631924051468,disgust
-0.4530948878360304,-0.10427369990726243,0.7618861169763489,0.5928671558829397,0.8063652500031937,0.3705789334517163,-0.23886485436580762,-0.21462240579363961,0.06514584626802378,-0.2170895290832751,-0.17976542187740346,-0.10982554307778791,0.0809102598308273,-0.12961643512175547,0.4887719584689285,0.16303181699657318,0.5805439841649191,0.5696223117884953,0.0314025238951354,0.25469742076183277,0.26836948555825224,0.10176020696384439,0.10421620046503968,0.5846067674774675,0.5136774258067713,0.3353517536220404,0.22744401175410922,0.27531931984540287,0.4027744681275538,0.23572696937344634,-0.15523453171660312,-0.05279345282949505,0.07915901538783009,0.02980600437137476,0.222882067768606,0.08941421525421892,0.17588688122281226,0.4350180030279333,0.3487533000832378,0.10473641351156622,disgust
0.729208493305816,0.2459307716157212,0.5392573126318022,0.4509158481216404,0.21769219590530706,0.418113863191133,0.4113632126479074,0.04125321934978568,0.11278047446752579,0.7111114109471557,-0.1601946926467795,0.11533354121244457,0.41986563352188994,0.3566975870668862,0.17771185338812145,0.2261139893542477,0.20346072252139974,0.08287981595551107,0.06421600233462012,0.3905954203257678,0.04844172405834973,-0.04333081282914414,0.3255912379602391,0.42465483671183735,0.08043747909099913,0.23106041538708835,0.08266800885015255,0.36080621418684344,0.38413138956523746,0.008656334839817204,0.3074008983599049,-0.15505584323296834,-0.03973519068165959,0.11971098734498445,0.29401411935236665,0.7555743353463062,0.10492958031064958,0.5065202416075596,0.311468755668877,0.48049239147456135,disgust
-0.14927575880735078,0.001966643326272055,0.7928703889858237,0.6989213158975944,0.6103555531092362,0.2180350060447378,0.40326061390252294,0.044017037857614544,-0.28254885761593657,-0.035893033135762614,-0.0012262818505097972,-0.0905630516926515,0.13469015150828345,0.18454282465471755,0.5154838657081358,0.5931700942292218,0.5426875371000155,0.42733373522220686,-0.2144492608402721,0.136318749778803,0.19630738631721045,0.15566576591568537,-0.08277252114796496,-0.4647831101146615,0.38879057074099976,0.17707718192725277,0.5822465211944299,-0.09103496286221713,0.3050591325620563,-0.044121436814406195,-0.3345987713782937,-0.12440779510798539,0.0021307861845342724,0.3443057088190862,0.447374943891307,0.6486797100603914,0.571678003938499,0.2503876013801536,0.18118558952300678,0.22385260331377477,disgust
0.09719918793159604,-0.12231882134671834,-0.15100632929230934,0.5722299888054675,0.3671866247698775,0.7403876322659659,0.008027027729560737,0.2994818298000742,0.024323785874903803,0.11812840401346167,0.08043671889911888,0.44359780058261983,0.4050287749237457,0.23829314812036037,0.35697088979805625,0.29007390279247175,0.28168315436046587,0.20770195937196567,-0.056727665152057793,-0.15350762784585992,-0.011226760025667304,-0.3935744274039165,0.2523840692091381,0.35458773960630463,-0.4293207974050249,0.10881038009923755,0.3505511603644248,-0.28755806383806815,0.2759146917996723,0.30897944934622745,0.11363089643621523,0.222527549596122,0.01190851744375268,0.34815382081734725,0.42068732495023825,0.30529865339198065,0.40241684747778145,-0.05383777201966192,-0.049477599159595875,0.4344150430952666,disgust
0.44155124536495505,0.08361002783501646,-0.020994489758259294,-0.11625310842932995,0.6255586911484343,0.330499787749281,0.6118899324803115,0.3551227472647086,0.4939304759247289,0.2025032307004309,-0.07952929075453563,0.07990661798822726,0.5524568780334822,-0.0032082144571969895,0.5233616944477029,0.24172035924627971,0.5817476925661369,0.008964504409564866,-0.13600997200962944,0.2282885200705624,-0.8188781645187395,0.31470352190521667,0.22171736608919182,0.10838676542878609,0.5111972110664824,0.2585489465165034,0.5101106598007805,0.2957803070674822,0.35369957727913626,-0.17944498352857302,-0.1761935518652401,0.4465040674048044,0.11300570824336394,0.08631511566353786,0.015765214590794163,0.20371750771289393,0.43689982607618294,0.056325352125241174,0.2751766510733457,0.11436586311327687,disgust
-0.31242283481397953,0.2883108571334121,0.6664230261574793,0.2683649698840321,0.28025167371813575,0.3071085444243805,-0.020210535978817196,-0.4028779641877392,-0.009618106961485712,-0.12020060110567121,-0.10365409928965214,0.5105629186995093,0.29926747133104037,0.1648256638722819,0.20620037277065006,0.7424829026433106,0.4601707133045753,-0.29949498142563963,0.19775171469348055,-0.13822663764143567,-0.15992946280514264,0.3275979190755032,0.3262592191203104,0.044260171132077364,0.33872171825528447,0.5384143192956663,0.3221429385070949,0.3756547990946722,-0.012407709124154398,0.3828278958795306,0.3562312523461162,-0.18272068075904407,-0.32173793466588746,0.012477105630164853,0.45958029283952456,0.38576870809474745,0.3636758916342354,0.40510909563665054,-0.08525704571260845,0.16785874751109667,disgust
0.1530096347637266,0.12705758824967084,0.558178464746601,0.21286240490788833,0.17326321778768816,0.41794095846470153,0.2899967681645502,0.05294755307536245,0.0411278751692748,0.09021188459389926,0.14359981925092113,-0.08293134116858158,0.4817178699789972,0.8580206098187417,0.475930277980967,0.27782892248425206,0.5526381615642756,0.3051286169347508,-0.14122697803274192,-0.036606254094333046,-0.1567704106480931,0.3045296497744321,-0.18179319573645442,0.5728888041845199,0.17418917514543866,0.4543622445018322,0.2435652526846411,0.3688825021846252,0.4550585230859267,0.2172958304802097,-0.3124160337017407,-0.08096388329551435,0.06951211744345234,0.6043364241162307,0.11452436216240229,0.2341644417661406,0.18403473982215054,0.3473716083057683,0.45265017875471897,-0.0689014166232789,disgust
0.5323946366158299,0.6036869312790447,0.5628375112704362,0.5353209549587465,0.9489599395262396,-0.022705422300203115,-0.006070312578800308,0.5765860168464296,-0.3240892418737557,0.07194153635308095,0.016690564413283093,-0.07123559210427632,0.03466928506641109,0.29926120903596576,0.4478632635126136,0.46829305245414493,0.407418746499842,0.16538439959456305,0.05534327971375051,0.1414518666595644,-0.17185656379284747,-0.2867397387800776,0.35847852814876385,-0.2645660761404067,0.48497248909633706,0.7006825670034988,0.03888928115437254,-0.28834768882979933,-0.05113910821218176,0.13670299473464814,-0.2508937983739205,0.24326083386284159,0.19709830801981099,-0.1172475663464333,0.43588942768127203,-0.0280410299836841,0.26379725479789046,0.41736338808726303,0.620059969919554,0.3784076218731576,disgust
0.5568061495976475,-0.07893090084727478,1.168907318255862,0.15564278076015714,0.4040096819586909,0.6369209154879742,0.2612792322385749,0.3393585389306031,-0.32615398010324376,-0.2915170137015204,-0.05266613475286025,0.020488929174153098,0.30025564079318756,0.2701652165362781,0.08474620685664572,0.39974289375957234,-0.09747628525518393,-0.028787443926436618,0.12651103321785434,-0.2400178472876277,-0.01812878488943437,0.2111364644496026,0.5217986110203048,0.5610705975084048,0.5670558154654894,0.5039714816901506,0.03419507408678649,0.05536346997354716,-0.05819316738476499,-0.0792674392089941,-0.04329946408651775,-0.25897135674508975,-0.0765534685212203,0.4120066203037496,0.12992943231390264,-0.1569479961900348,0.3045410713098042,0.3210447889196292,0.1932922855326606,0.7180898822687458,disgust
0.41211191715766576,0.7127051391332779,0.20258822906081445,0.5673021050110236,0.39461654271359814,0.21827058790600554,-0.08246812740044823,0.08671635684556438,-0.5091396819129654,0.23126232384430348,0.7591116112829381,0.535715176076137,-0.26040258129012883,0.3975573655884967,0.18543853720640338,0.1847627302075744,0.1854853803808958,0.43947677691648707,0.2265220521472089,-0.22916562657023415,0.12421090664358461,0.08120011384130456,0.6562956040984278,-0.11731503262479498,0.3093778280973297,0.13520184591299103,0.3394582687947771,-0.24321070219089924,-0.07638421646787241,0.025686463036513923,-0.16419479886338167,-0.2454987973682356,-0.0026534287504873244,-0.0170962888253105,0.002413869775744426,0.26582665453004073,0.37720086235938965,0.4356610896648653,-0.1577494117465778,0.06927409952166873,disgust
0.46815842538200514,-0.08376454077499301,0.3850446367510016,0.24694334984383115,0.5993903870085442,0.542857408136656,0.19056054308122022,-0.0984984802695878,-0.4216030858547816,-0.1482927402353142,-0.15989938105580664,0.16517664157977174,0.653024407910976,0.8222192215382855,0.44854286959535117,0.3680464171269715,0.21771942378191445,0.215167830840363,-0.01093359016486617,0.4198750740587506,-0.20702035790545398,0.0695945750947476,-0.01278802587257477,0.4880650389573677,0.7891989366399086,0.5394836698719392,0.3963825039532291,0.2807476644372825,0.30280823390894324,-0.06152773492760416,0.4007661972684422,0.4204881462446202,0.283920074215381,0.33268689588070977,0.14037290576641664,0.7881025622037781,0.032263636705625875,0.17873603939526847,0.8142904821042249,0.07648849995770372,disgust
-0.022869732027886946,-0.12455373067249403,0.6189006190648059,0.6754445205574957,0.3885585816527898,-0.1602155493129322,0.11236014722689597,-0.15722396038815983,0.21134261326667303,0.3603002084946297,0.1727850227984019,0.2733098074814702,0.660757494536067,0.7796091445602038,0.08868858284291412,0.4612673009690754,-0.028248260118129642,-0.03679725873555775,0.3366228129471538,-0.28255637711708953,-0.04706209626709226,0.3628391209080948,0.2684180656606383,-0.1417350694934154,0.3270621142932993,0.33096542780758975,0.13731617086001208,0.7876363202598187,0.18697263405343895,0.08201106665349531,0.2580567570961224,0.0345681279539323,-0.281109259421383,0.14416040790432155,0.35990760538019845,0.3867194884294417,0.652924029049152,0.5893802773187415,0.42776885249504193,0.15315280964506137,disgust
0.20409622904981373,0.7800754025732604,-0.03243661404074344,0.6724131024450049,0.46105781457024014,0.08778613721211877,0.1455226687442736,0.20217351065486971,-0.3458869277330628,0.05074302045204118,0.21974326873268274,-0.03931662519965823,0.3230769567406939,0.7162051689431288,0.44621329475905025,0.1503313055354585,-0.11650114313436005,-0.2702264519949151,0.30814702013445794,-0.04299698154178755,-0.01829410747615884,0.013012696431621562,-0.015358524100545362,0.7092975107634827,0.5342079674598793,0.7646363346466749,0.0752945634597603,0.439578454464609,0.3442487209505141,-0.20145814090806546,-0.20347359224123085,-0.19969431386720465,0.30550913425612797,0.20595173152285617,0.08636904275691125,0.5252832689875788,0.23443732919512886,0.41031912555853844,0.2872412293185468,-0.012008937755189825,disgust
0.4324499973728244,0.31846488213417656,-0.18363979942521563,0.3509906007620575,0.7225511392865882,-0.2894783964258324,0.3744267268893594,0.11078363371845386,-0.2989083566808513,0.006509883978410513,-0.20134354563971307,-0.1944535785780926,0.3863110324190947,0.440554361263785,-0.04526119418517252,0.23048269851534353,0.2834875760505922,-0.22187079627989564,0.3315410172420118,-0.17638400531283577,0.1033060905502562,0.2240904697192016,-0.06586795287081348,0.3609664170869248,0.39113528811617787,0.4968620852071568,0.26369839432520353,0.5293419102937273,0.35742686736435664,0.4560540688648688,0.27343774469687954,-0.33131301524136364,-0.08544325573513045,0.2558949745345152,0.5068982158657754,0.1812529894301313,0.3995870731020975,0.4545277016197633,0.2784834845170179,0.4449936379612558,disgust
-0.04561557829971319,0.4296309560878236,0.1838424489310083,0.5016490305190103,0.12556705283754183,0.19161111388856208,0.37782198483381335,-0.18157923891886468,0.020111048458632153,0.16802862128161802,0.05029807834532904,0.11533693025267361,0.29293981473395014,0.15331176086760265,0.5832166125894462,0.540041982984524,0.7020979620993366,0.23487357045830454,0.332650837710345,-0.11646433682723234,0.12388434707537885,-0.15938845578318,0.22541004419619243,0.1987496701092475,0.5972366080780701,-0.09955413171512911,0.3301973635806116,0.21759478011477862,0.3444058377366799,-0.09704170249762711,-0.09274961502189683,0.3100954526102578,-0.09942149272339001,0.05534246332015065,0.5399887324007878,-0.16066728168460204,0.49533222818509176,0.46227831555399923,0.3685243337382088,-0.23722090213488722,disgust
-0.14854517919004417,0.10256986954400306,0.16960625913579003,0.5597725968635678,0.24488469372880134,0.6078308318866767,0.14384684645749102,0.20331382102518272,-0.15986278132740434,-0.13442740918449098,0.18328639122978957,0.39549249103025996,0.13023786481081007,0.6846477620270928,0.33946636859787077,0.744143408540848,-0.023410056979020433,0.08129184573271497,0.22386888983598582,-0.011166315641879948,-0.13421880258939106,0.22336858008376997,0.39690679309232435,0.1788545913980928,0.5497045269529541,0.29342648317496356,0.17882571892591376,0.6044771826289412,0.044929313233918466,-0.040880634380975334,0.19728762910609768,-0.23620948219485627,-0.1753774993164463,0.08699214220494768,0.2835861203989547,0.580009996709854,0.3509000571153943,0.2203009211430544,-0.0076781598866506595,0.119586833303675,disgust
0.08511674781126925,0.5737802133345243,-0.013469248594046357,-0.03662200627468923,-0.10212665516100194,0.20213711233764037,0.25484188627674126,0.44583998863002366,-0.39411733248848974,0.04698373865352937,-0.0748584589772105,0.574182727124378,0.37260409988899446,0.739555839213492,0.38902903485593177,0.6206802128344078,0.36114725507055373,0.007615493294961029,0.2918938819747331,-0.07221933057143148,-0.5463932721892018,0.03648340550325771,-0.13695580432359516,0.4019016317879009,0.7342463567568911,0.46738397576940627,0.503398366068366,-0.013389485125934686,-0.015103700839938616,-0.0696770487485292,0.4864781934682065,-0.10441340246477271,0.11723322886426693,-0.3026421485806611,0.13373118737835074,0.37899572038086826,0.3583264207611453,0.30285740062978284,0.4065552631545386,0.31234166301219307,disgust
-0.10241966645655648,-0.027039451193585085,0.5097631220849852,0.589130890574802,0.014181217462255813,0.42142125251326557,-0.19783905743257857,0.007076870667991786,0.3087837167654747,-0.3952577796932925,0.07030590531113533,0.12223850645050333,0.005982194807176711,0.5515784847163436,0.16064092484174872,0.19173765373574808,-0.0017237626330890432,0.2654231909900078,0.19491062837099463,0.33243264390351907,-0.06186150824757772,-0.1464105454524992,0.5245136462927096,0.11605414285671015,0.5212172179269363,0.7867161233897197,0.5573486864179642,-0.16619685551888197,-0.08477122620243704,-0.12503695424441724,0.20752339428692815,-0.1998860213273248,0.2329169596053976,0.19330357165941608,0.29066268523203853,0.336825081791693,0.19965426852236548,0.7045130613412389,0.3239300211975962,0.5576777848094252,disgust
-0.038548045971967954,-0.12536585860026672,0.7117567331770442,0.09516917029964231,0.367520322124394,0.15492083138443838,0.09762255442991773,-0.04262623149620273,-0.28387384831083917,-0.3005686067090914,0.11439114420088804,-0.010230821197717371,0.699974773322037,0.3741286981203542,0.7267279551937837,0.22797207807581274,0.4564974458301064,0.000989950803661488,-0.18519150411265256,-0.07195881979134405,-0.061618197599464575,0.6892110998214851,-0.18208520722296379,0.09566653558599661,0.5197788526292118,0.33811227480984063,0.3873957819147548,0.4630978518190471,0.12783318046964803,-0.11918242855691613,-0.3453696146175776,-0.03507417748022587,0.1681734078545347,0.1813577609093055,0.5308049593284394,0.22939733015781077,0.4449212166466207,0.15069103047232252,-0.19231831998523796,0.32032796315881773,disgust
0.06082715229769356,0.4426131604663085,0.204042747620893,-0.008112161409105006,0.105881358236533,0.16505911544142066,-0.042808579743287334,-0.03900757967898957,0.11543386750859161,-0.016124144091751336,0.17105379737800813,0.12073848964882253,0.0979404096094907,0.10435431809833079,-0.17045217160201892,0.48429140048005126,0.5248038258436041,-0.10400946706981834,-0.19500842462489848,-0.23121939412971632,0.06485375568778122,0.06411197816135232,0.08300255597522721,0.23843977200632913,-0.0753423992790454,0.3405040665189131,0.29870329601438217,0.3850858947697265,-0.020552134662124133,-0.07920319740902909,0.03738591515031636,0.6394661597525246,-0.12117996672849718,0.6291182593989946,0.007458747037702829,0.3417206119599193,0.14076552550991497,0.6922281115707285,0.3134180936119998,0.22312414032061403,disgust
0.4286799663208334,0.6042672197673902,0.1922082229408932,0.43512123471353226,0.20815464296681038,0.5259489578867668,-0.393254887987656,0.5724780428550882,-0.07692631186230126,-0.5247623797446934,0.12541485295062255,-0.048229365238823124,0.27702052742904654,0.38000086112075865,0.6406564995730573,-0.11225449066638726,0.35218474519345755,0.4304039354215891,-0.27821341681352213,0.16923903671038906,0.18539061998237402,-0.08950644065157515,-0.3301780957333153,0.2930130290489326,0.22358952293027196,0.7636941860161857,0.2920862215262612,0.444487426627681,0.24737307737565006,0.1045117572147755,-0.3173785041968002,-0.19910286384201797,0.058508684506146505,0.10891412951015911,0.2139933957068633,0.5230272250618402,0.38751399670409475,0.5353244930681107,0.3060959122344269,0.2706730941656483,disgust
0.04770068353380075,-0.08764349525953197,0.5681025778067753,0.5899645174841668,0.49264274776112615,0.04070915615680748,0.40221935629918837,0.057109939977620316,0.023096900858572578,-0.17603849235765118,-0.06450820705827859,0.004441578053207718,0.3611963056857183,0.18033176096080072,0.37019958357116867,0.20612388765935374,-0.062031431633565615,0.15823003178078995,0.07619323651767666,0.0034830942488645322,-0.7466899568865013,0.3005580516542632,0.14276111687879856,0.018455181743952803,0.8146261830590402,0.3831779256016179,0.533362948414736,0.3020170828865889,-0.41179156225675556,0.3532576740036411,-0.29188108349964553,0.2491496326306702,0.0009370244359680202,-0.08373050304038582,-0.36564267632240227,0.21476309038088173,0.12612609003999958,0.36533849810178864,0.011707607386506558,0.35367563071411784,disgust
0.04502535877452338,0.17213985594243245,0.8482536806540035,0.5692276849634192,0.17166072832674784,0.33017615286184343,-0.27058332292751747,-0.15336994674617038,-0.06335663201791025,-0.19456602313714366,-0.1921177982094477,0.31819039967713464,0.11983119094470555,0.14885774038915187,0.22709695328168156,0.17782599348778172,0.44850528475087215,0.21535216348075364,-0.32720602872354815,0.31286727926042535,0.24916826925582794,-0.027734757843680763,-0.10093336956080118,0.2585530801967112,0.19798848102421068,0.5018740867196547,0.3383689075178943,0.5799843952592825,-0.24094767176601267,-0.09703571962339541,0.056760438827172854,-0.14309442912492482,-0.07313699180478145,-0.1570025216470859,0.7071079097214887,0.28486678790520376,0.5436547556856965,0.16364013938670718,0.16719106111113932,0.156051917642429,disgust
0.5773812181382796,0.6172019937797693,0.8649761816313231,0.7456151785108076,0.6938088577797936,0.1853135642595745,-0.043503693743971866,0.35115845081238406,-0.19703183674057229,0.11804260425293983,-0.09618314313662751,-0.09887486360598646,0.28209038420989785,0.1284699987806152,0.29896012420184304,0.5532049905669169,0.2054797877485508,0.38731749032571394,-0.06801112275632021,0.06681614164670821,-0.26526834692282747,0.36408149670670853,-0.3568467020908544,0.32215329823927413,0.4754311328801864,-0.2640114795526655,-0.05394999715992235,-0.10598741975267606,0.13715153671047775,-0.010967798632886133,-0.09637019232597493,0.12743303726411695,0.586256075889124,-0.12278677341541006,0.3242365616483619,0.339227311396164,0.6381403724868533,-0.16590458438164574,-0.11551623891749252,-0.09005935386705094,disgust
-0.092168581707125,0.3388224396189389,0.23681148026002385,-0.12131209648855817,0.1448016507661834,-0.16008415084826577,-0.06253915067550708,-0.01962260349001299,-0.21664639995675639,0.2832968066730114,0.602694765048488,0.2778217118841841,-0.11368038428214117,0.6943987309499671,0.8837276146599422,0.2905009101797596,0.3423735888275018,0.4079027460089949,0.08776667030886733,0.2867107549864241,0.11520555019074893,-0.11095020139916789,0.019653715926973625,0.188535050971729,0.1688974073716814,0.6921385430639992,0.42335678176389613,0.21635270702791876,0.3531088073335829,0.07015546616234866,0.23902815532102178,0.37107064102666193,0.06926969989780173,-0.01997478414276843,-0.053799978810184335,0.7587525482481248,0.4635333064256188,0.20560251647482858,0.2543357049131866,-0.10539305186245723,disgust
0.4992258615961267,0.3529796906086528,0.2622660721257614,0.008971218147275667,0.8427692278792804,0.26379724498126045,-0.4206523764495133,-0.11421225067732993,-0.03218417214854752,0.02078931282212973,-0.21610520733318167,0.4363179286612975,0.4063976112977786,0.3546643000443822,0.20927837965082238,-0.09981869554831757,0.13640965937911173,0.08728233981882265,-0.2521583893444434,0.05008019732789498,0.17264116533496598,-0.07824558012404598,0.03867155534515876,0.2437863445203421,0.7409242756152143,0.7187922902733301,-0.06255823831381616,0.14195222300569546,0.7779068200753081,-0.030754301969723008,0.4121807667658215,0.09765229870503943,0.3350867294378559,0.0354616880013674,0.2553596785691531,0.45904407734054586,0.3660323362657477,0.3384882748391525,0.6274107346162767,0.13165921348459372,disgust
0.4949984005784473,0.13219910637525017,0.27565235290090784,0.5480438242608239,0.4518524513088506,0.4722515576159537,0.13391393044720928,0.02103083006466422,-0.13915936419310887,-0.4001540610726087,-0.04914085073416227,0.4096578483410303,0.24867617113816354,0.39508978225136915,0.6769914646167492,0.11273918823968332,0.3363265164482663,0.003901101584551009,0.31590952362254865,-0.3769571269761725,-0.10513933269393472,-0.08432546430082327,0.058552462797176796,0.11520381082441228,0.7942758534910654,0.319394345864499,0.3101057781368387,-0.08500288030905068,-0.1662797087654368,-0.13178499246234965,-0.3098478255458657,0.10115081598986483,-0.11387469457454658,0.014796648721036115,0.20185538622783022,0.10582360131839949,0.06373704626991572,0.18869463233032907,0.3292115102732013,0.14621951829742175,disgust
-0.034000158799804836,0.6660654947897705,0.4431440854603412,0.5339255953454416,0.7006594074974613,0.012920865406741089,0.35775258028367424,0.09024528028147058,0.04796608211585182,-0.38320015092163845,-0.14373550009237906,0.1583502980000986,0.25498936937849176,0.7212601336723177,0.2816628743614237,0.39756716178642004,0.17665752973192878,-0.1743704470342729,-0.04300163156416112,0.005844760441068991,0.4027039920586004,0.3420970395434947,0.01165718547200667,0.0348931574420874,0.33245630355409284,0.23692598544526475,0.9437848180097519,0.4725040668448963,0.14614330234323072,-0.0750215574418755,-0.2706624645955846,-0.04308202617670137,-0.5916236722806785,0.034020984913429475,0.12832524172258758,0.6994402795645249,-0.05027691589059485,0.5755637186973346,0.2010337583007838,0.36426026590012817,disgust
-0.0027881780578932203,0.3819767140367523,0.5601245933840229,0.992633730024038,0.13683797666216008,0.20909852844781004,0.10380888598599984,-0.10985097189932985,-0.04165154962482265,-0.0032081783812123454,-0.025280145454546904,-0.25465976758406855,0.3340029131033908,-0.00041633721417955183,0.35612070595043305,0.585764462348475,-0.05278416149485193,0.11349440465701588,0.09259211819078547,-0.025796603804232182,-0.12749681433243004,0.04897835513258167,0.3096275755718074,0.012107385847674734,0.30200548024414525,0.5503132729249673,0.20710110485230554,-0.018779119036571534,0.34648866967780906,0.22547408990025147,0.2221131996277223,-0.02078280151479034,-0.12216207605022034,0.49665986705202025,0.5414779935363521,0.5264063115902833,0.2575885971606579,0.38778987979089696,0.07364281935563045,-0.07334071938087289,disgust
0.20101441379924598,0.3630620962610093,0.49456714553231834,0.402523676687197,0.8266131419278846,0.006917850604209352,0.44777367545563534,-0.062068440319441365,0.20910793732556374,-0.22845006497042436,0.5896478183433769,0.5103500821861476,-0.11204615121244726,0.6689356296687021,0.4255822126655042,0.564767957709686,0.2605181100385788,0.11806224193712858,-0.2824919042643231,-0.12187380491465899,-0.014363277048041828,-0.352110170930844,-0.08576637011527527,0.26453662589360705,0.4565568451565249,0.27479378756608513,0.6952530151434895,0.15363300139547403,0.3183712177820544,0.38162612505637655,-0.19061900112246116,0.2685912991186472,0.009043265398410244,-0.06588446237733805,0.6383204370905371,0.7379432298918538,0.3117208600697489,0.6274641903430813,0.5339664364959767,0.18357773177695144,disgust
0.7190439212082982,0.26838459827314803,0.21144928507646507,0.3957542663813772,0.3191295639188969,0.1489029711512236,0.07495952336442208,-0.2763531328799406,0.1427129834910777,-0.324248405413088,0.33793602118211186,0.3441051986680358,0.1904088608020985,0.27185520384619977,0.23346885295071196,0.35809989184278246,0.695133059735342,0.24010924342885392,-0.04280766715858142,0.4253415974984597,-0.09549995700359204,-0.024772836564817824,0.6803460608858287,0.43427140403343534,0.6484331221547703,0.5442426991605067,0.4973313277436322,0.4525646049471798,0.3631836536583034,0.6086479528423143,-0.2750718833186398,-0.5767220173688481,-0.01750512241488761,-0.21201551347767683,0.29577644657520086,0.06106828452190213,0.40180819485652414,0.6419623225990092,0.17742494829943734,0.015124372962672716,disgust
0.38558344878245077,0.11873029090081928,0.3552785141938839,0.3580435635791879,0.03774321830930344,0.4857640010171901,-0.11795951681100064,0.2680235540004011,0.08934436784368587,-0.2524183050199557,-0.011427557080317174,0.3857729269538497,0.21741365207106703,0.90074206621517,0.15290507539970016,0.647511461493874,-0.1293914514672428,0.09864123619795273,0.3026998502885285,-0.46267446823148833,0.06619808095101674,-0.2082428742055064,-0.16214142778669288,0.0919481300816383,0.2226024570095756,0.27085033823700766,0.21863903307828728,0.07435429449242106,-0.4602722962681787,0.39748824911800973,0.5163789288600653,0.10488806470520755,-0.02318479970450435,-0.09817178874664034,0.3206025664690518,0.41303387644253087,0.16855340052255738,0.32679440255001707,0.47758115214596314,0.2608086786927747,disgust
0.17654500961804853,0.32653179564575885,0.19239099273673077,0.37378436979267343,0.3618831957335358,0.07162133192246757,0.11199513826866196,0.2664115998798127,0.24637815863952972,-0.5319350922418769,-0.2813204006737878,0.4160876702133911,0.38527708285543705,0.46912243510529283,0.04821099794029357,0.3702524000613818,0.4088730143621665,0.2611277346335353,-0.12081407253352067,-0.1437789051293374,0.07212276281384132,0.10061981364759584,0.4729434283647201,-0.2858652464808583,0.20803434780643046,0.6899896487127437,0.08176896591112845,0.30728105576289755,0.5223012216733145,-0.178750285775156,0.08208936640267599,0.4607390901498419,-0.2671181155429868,-0.34437547038424826,0.5090232029892084,0.22406004788242223,0.3739087644876329,0.3857976280667792,0.5965378799151545,0.11694902403391778,disgust
0.43022557809339435,0.4813407092425691,0.36602544099346035,0.6434709977663469,0.41658183375362845,0.22794692802098268,0.8783919855550295,-0.4456426994700791,-0.29127071675693167,-0.2498080899945126,-0.03650502475045633,0.2130139601317517,0.2249579241904826,0.9151095374435727,0.26018463641055367,0.08569420739485473,0.26867659311273684,0.04747516072170477,-0.06637207833022465,0.2197434327474582,0.07058524250213978,0.3289823691348356,-0.10761969722681003,0.4131626326764116,0.35355928554698857,0.2328523269698173,-0.02749574559886883,0.25804736141832285,-0.11615697232622402,0.2409098513094031,0.10954330293350756,0.10606702338659531,0.7246125241293659,0.4477447497385088,-0.2483537397846916,0.48466833650761704,0.43424561868223205,0.41679553728177043,0.16844068610401636,0.4094322559111353,disgust
-0.5084993211391269,-0.03676840372764595,0.5152802673077859,0.4283040625742627,0.563434120097211,0.15315010017078323,0.00364420052595818,0.23090725194763428,0.02755255600292536,-0.4297813973348518,0.29471919015791864,-0.10081994235060754,0.49328616618314236,0.40249908819356445,0.5249381444793594,0.598656952404736,0.011772605981789086,0.31147118829300313,0.03555234703742827,-0.07221497289895124,-0.008083116750877695,-0.07421525577000865,0.16085551995194275,0.3210402350307267,0.18998377648614467,0.6513764215355043,0.37937294899990986,0.004042521349843342,0.27899409720450813,0.19049775149643702,-0.3569681266765247,0.05791006914684664,-0.0545993865659104,0.19785338393645807,0.20356373894580618,0.43271391405518006,0.42646157336328605,-0.19675054535411646,0.3087252821660318,0.31752952019947156,disgust
0.3600214253495241,0.5942085509663695,0.4466551256082003,0.7041663286170519,0.5488936712297059,0.1296775079179011,-0.03644952741244578,0.3525912080682835,0.15982768865582453,-0.4349539678367617,-0.1970948968373349,0.4528229266998067,0.314833041078191,-0.06930371367393301,0.49122388711637516,0.5912416864216548,0.4219207596622497,0.13872565416092225,0.0013260453894237967,-0.14052621038349355,-0.1366475795130142,0.11706526721114176,0.7719884977664573,0.8990968817789677,0.30580357705258693,0.01677258332618209,0.3327645732798006,0.20597259535298168,0.10448325898390778,-0.3495417781894374,-0.022387097438586967,-0.17390098333686416,0.049491516680852526,-0.2475119672229894,0.25405369833927827,0.03742644174977125,0.17485073521021388,0.20209553306927586,0.15324666787267832,0.047023200229160456,disgust
0.042919442460904234,0.1368316891198148,0.18914388428504977,0.23810035746184657,0.2503748632080836,0.7098647639769244,0.3605600071176348,-0.11016560308348994,-0.35251500343092695,0.2750543200188279,0.058217968523295846,0.25236367626204814,0.5614381088199697,-0.11558733386258846,0.23130510844975818,0.39253042566639385,0.6046255138387249,0.1291826848785468,0.06859314425317647,-0.019336175532763206,-0.020569724737303063,0.0865956337560883,0.008373409462469117,0.08429279779640955,0.25244312468475705,0.5359550378554165,0.6436369388756453,0.30707591065460754,0.09855034882127911,0.365504623535446,0.13275451894895016,0.1679406203414324,0.007236819230488911,0.031181910823161463,0.3663245628890684,0.29843866308684863,0.6699284304741762,0.14519116114933314,0.3706956886367511,0.1869198840476258,disgust
-0.06809865027043865,0.20194173588528577,0.10437232320400491,0.29416965115240507,0.2713119572804968,0.899199151689843,-0.12195450155226017,0.19764539870877706,-0.1267890960809555,0.08539308892068392,-0.020849095623803826,-0.03157807220764444,0.6277121413144118,0.631924572530344,-0.04696552638744303,0.3113773611235492,0.1730182623722321,-0.2421606498911924,0.09128921533452197,0.11536531859144591,0.0027124364642276966,0.16359640942742076,0.5865678899750333,0.14966810572329736,0.6556578478678491,0.9205902939221788,-0.3589621908926877,0.22034250875826478,0.5013012181426635,0.14706438490981316,-0.1539417220891442,0.3398869272975427,0.2584917697974711,-0.25964245509204953,0.45035249162367963,0.29458830414955894,0.43285761454882843,0.07542043480453156,0.4254578013571595,0.22513288043003404,disgust
-0.04735896090960587,0.20865104829809328,0.7166997381357407,0.7618297604087145,-0.027921374360535822,0.37313213430817693,0.06379191791201586,-0.0849070879014946,0.05089208835740583,0.3731234345346102,0.2018066033210662,-0.06654815521194213,0.2925246966685191,0.46997930551282874,0.6604306369894706,0.3343662770616099,0.29885168823728236,0.2128607949363571,0.21493423643617518,-0.4687205319730478,0.3379195088289111,0.13398549676414281,0.15799022889858377,-0.0029308203039536407,0.41709059471146215,0.8753389114346426,0.21400283971931613,-0.12118202770461672,0.27983073406986136,0.074464635224358,-0.01116995365096507,-0.384188996937964,0.1474176956226028,0.29771366992184156,-0.815132250838942,0.38222995585614344,0.5751833908728798,0.14630186668225484,-0.23240895130523342,0.21047347057332294,disgust
0.7172319013490429,0.38407496550878867,0.9258890470626471,0.4704729166698978,0.2886620917713615,0.05885525847616922,0.49037440902630824,-0.2854141111946426,-0.15951317890499467,-0.10223292562260222,0.14117576728457032,0.18381824027096774,-0.08576382879639738,0.0703992996918415,0.812792505075375,0.3748720674579151,0.26723221714430023,0.07017927766608235,0.12609647747007235,-0.1893242578900482,0.2725572632735105,0.26814274372895874,0.15430093203306033,0.4945941335071869,0.31301655445413495,0.28407256835349476,0.6071464714718331,0.2587186290017856,-0.028530407600124652,0.46326213927191645,-0.04382926443982857,0.10519963297959306,0.41952229901928545,-0.17326394033189618,0.17612548317040577,0.5844317508821805,0.31452764740925787,0.259712642803393,0.26024310219059543,0.11490930242804329,disgust
0.11226646789170133,0.3970522095428656,0.3929947465660055,0.8153643542849662,0.42582477970304655,0.668332041730709,0.17656776965364385,0.477575247480534,-0.03776068143222053,0.3069633029233322,0.11163914211332007,0.5758969205620688,0.090797488607075,0.2503601240839484,0.48892017531067816,0.11882507607618276,0.6332512633176313,0.1160454329850863,0.1908100740545006,0.25434547267232305,0.14991237070061364,-0.12178355947424974,-0.1683563874008555,-0.1428869312933994,0.1333220790618697,0.2063508750321734,0.16859152817319323,0.39783598142288684,-0.1602648732156658,-0.3294272130848381,0.04813756775201336,0.4375716947776486,-0.18180568341143705,0.11390416786062013,0.2412781582018016,0.6146410232017683,0.6028030818784058,0.26141569508219625,0.5249103604954423,0.2073831146413592,disgust
0.3897726485490442,0.7455543848215638,-0.17000515925595033,0.03724668071082518,0.010213084115482107,-0.054060548259975416,0.1675496225808789,0.07509282791947439,0.42296207845700107,0.3522227185148515,0.14029787791781106,0.14060798703168997,0.4464039365199278,0.46713990013053497,0.2715219065999031,0.5236336926332176,0.14149162824291978,0.13262807516370595,0.01721511286415664,-0.15157727078793648,-0.16476164721259695,0.07030041113923342,0.12442510266844888,-0.03916603735475632,0.7617251416847639,0.8061581998149694,0.7650974604059126,0.568963111277732,0.14613828074949725,-0.1673963304119796,-0.25194023154873707,-0.43869178727009056,-0.039433039824773974,-0.28743876172408866,0.2747806323446729,0.4052770702562872,0.25008408295324935,0.23158187565118962,0.27499476577001414,0.323243736479006,disgust
0.10063118326943438,0.706939780806505,0.14503096746437225,0.2299723392554413,0.2194538849530145,0.1963526638878983,0.18730531759051217,0.17174567976450672,-0.09421243470812196,0.38404447824453736,-0.3942481270867206,0.23078073165864185,0.2846976876211958,0.019650552966560042,0.029343405880231294,0.37029324880746756,0.5389355635357431,0.24485030980082764,0.026187021011448014,-0.09146447442799172,-0.135279532164997,-0.05313952600130975,0.301152282250266,0.5175980415368222,0.47431744633334016,0.20819255960934618,0.48907988506007444,0.5207188513814567,-0.286900794984153,0.13311934202940906,-0.14326749473288314,0.007393434828114331,-0.27951814441782913,-0.13106874197387358,0.2105965303482531,0.19530837926045755,0.2527681929885751,0.14000520085761364,0.3870851336730844,0.43425943990675997,disgust
-0.06030269091027285,0.3435747763189921,0.24627744976769425,0.4341306782004068,0.5986372011029598,0.2985291989874704,0.09559124913042585,-0.22628801313636765,0.24942361561873505,0.384746812374319,-0.41253363591812925,0.2974461412995877,0.2232808144012068,0.0362848072155581,0.792119275722794,0.46490775524479816,0.7581129407125049,-0.05082055366378041,-0.07344681659166047,-0.3835990202257242,-0.0027869921021331234,-0.3691021844454943,0.06278566922076378,0.5282874667322186,0.4658488274170143,0.6059247089518918,0.376709905352012,0.4505343864002003,0.12676461210240883,-0.2552477543002743,0.1011865152100185,-0.039504866192642624,-0.16576203430401265,-0.14458794379790474,0.528556619624855,-0.07334738934978852,0.1675556541749284,0.43945251951046854,0.4257582145040338,0.2285496858168254,disgust
-0.1957670393258109,0.541860493217136,0.3245270991994882,0.012915962272950193,0.5883715939810743,0.21065417492507227,-0.32281572652238416,-0.6180236318574825,-0.06444657464424855,-0.17003792180614857,0.11612772432818108,0.19063062674985115,0.07369598316495514,0.44736605987131156,0.4248775185624584,0.07788494089718767,0.43949532342608955,0.18709679776331528,-0.006922200547062801,0.06304570721640061,-0.21750676993050938,-0.15518356487998547,0.11214727080819903,0.020311011638036364,0.7037265409496163,0.4306410054143624,0.5201795607790175,0.6999696769309174,0.506808946012482,0.5622244260302784,-0.2222556798178446,0.3780196068339356,-0.07008877182233436,0.0765353108952657,0.28967163402492796,0.35134291534443207,0.3705128167035453,0.4329708796892341,0.6545909336252469,-0.354732965624921,disgust
-0.17690671483797143,-0.030883098809141585,0.4309469065240383,0.4037308818546806,0.4277397385192364,0.7028491966531392,0.13879334252390912,-0.3111523274684502,0.08832041702405932,0.4337615496620135,0.5408109862134365,0.14805156090114674,0.3100865088389616,0.4335443948715498,0.5253112109829117,0.3102499411846166,0.14314536897790586,0.5260348064856095,0.4207994745914805,-0.006863100211983109,-0.15368199517686348,-0.1035658619487046,-0.13038799691165243,-0.040464978784803984,0.2783149391892731,0.2048024574776351,0.42092173756393153,0.14850018269894782,-0.059907939127068044,-0.034268508768768496,-0.6153935031656854,0.07252403233715336,-0.02358931489821156,0.4654148901800568,0.1339523679879993,0.29757881143808523,0.1564272274148819,0.866665056364567,0.3531909739317635,0.47609365158264494,disgust
0.09763630948458293,0.4290823470117441,0.12992646689565393,0.22767856350737697,0.2602073764216364,0.025387878581205447,0.3074037919581882,0.23769819884554438,0.27070708289837475,-0.23077608754676654,-0.08383494121444934,0.15068692820103247,0.42855579985581405,0.04372861060487043,0.31119163358357005,0.5907153376417509,0.2784944109572128,0.11760706002309829,-0.23077892874068823,-0.09775596500984896,0.15183038060886905,0.2892871379911646,-0.26510758265301965,0.3491786597263985,0.24945338621128807,0.1462551486408531,0.792777883647193,0.4270557266941095,-0.10613970370169429,-0.19591170732017732,0.027489501453957177,-0.3836907532279173,-0.02358962424936467,0.24304945498439282,-0.0874080878674306,0.36659126454023716,0.47268384036824856,0.19032166746388854,0.36596937123933837,0.3285466465257483,disgust
0.27128391386356093,0.11226588959993096,0.5552864541154037,0.2862959791659082,0.37269583428757197,0.2456745212917402,0.11824688109948525,-0.46473355151403467,0.22331266472060615,0.09605229728891634,0.07775537023610497,0.2990183238423937,0.1579964582957408,0.30423471558874693,0.4890658057431004,-0.19145445374751274,0.06498969876367554,-0.009975347890167352,-0.039862723466557504,-0.15619624181347025,-0.21413985968903765,0.09202981339684929,0.3233042028605008,0.35381058139972354,0.5777114318259773,0.4894275119823255,0.6966914796186854,0.6428947042079796,0.03885763417315696,-0.15058507815391958,-0.1647748894203252,-0.11435569653969235,0.1979474678847824,0.24455264549927588,0.28150871540629785,0.15928701529530453,0.26357551817447245,0.29891597025930927,0.3269787888220319,-0.5633012649705811,disgust
0.2271459942318355,0.39275305267680194,0.1720232988451941,0.7100143687343778,0.5081014219126823,0.39915965964760786,-0.2663964840162783,0.21470869071500584,0.007940491008889744,0.02740308378869516,-0.510049844300051,-0.22602918436197234,0.1852040973526738,0.014069708100031775,0.6838366055180571,0.0580690564216606,0.42492729030549825,0.22282472681145543,0.7203473565412635,-0.012600005997127905,0.33605710479794526,-0.07183692833099214,-0.14207032386068513,0.33240537239155726,0.6432713255892251,0.23686761985505733,0.5947497945549682,0.4038917899987702,0.1565433479847433,0.09984813369887033,0.015858468407930842,-0.17371363215204388,0.06142419417948783,0.2244509474435362,0.054698570721524564,-0.3097272901590899,0.5252581723309115,0.18547911736011413,0.41302441399758943,-0.038039193176565206,disgust
0.2643993269788163,0.2216924778522241,0.2728192413400322,0.35638592553297793,0.4122173413168244,-0.1938948691140598,0.42540371718850145,0.2734024828539803,0.05323487909419422,-0.4149398776441095,0.25584714301527356,0.1551460905658402,0.6640674818422149,0.2312910249654374,0.3236814457161137,0.5751788340953683,-0.27323203718519434,0.042806144144819924,-0.005083723354637165,-0.5857547140588555,-0.25224968861693503,0.09502466197077593,0.22076095180454203,0.6527932385879566,0.5676637368523834,0.043793694924409765,0.5364797812941761,0.35803037175713315,0.1812910974226597,-0.22717683659740917,0.44002125231311834,0.40495852812781424,0.10111528915670066,-0.07498348733614152,-0.04317051556274876,0.05307185114380378,0.5882073533866745,-0.06336692353322207,0.5582470859923379,0.12983264790764662,disgust
0.25895780689792813,0.4656992917970052,0.9386849495619256,0.5523999126198064,0.2868825866773879,0.3284489715515712,0.15956407360091857,0.038134130468285815,0.003098404441627317,-0.25690668461406174,0.13089738729612704,-0.17390329697304613,0.5437610026678981,0.2552463514244669,0.08847911942809192,0.4997143812939117,0.41917535544616,0.16861839537089687,-0.32792531704386046,-0.336188077898748,0.1150462235172619,0.5942870133587217,0.20575663870491573,0.32547523977507464,0.4833535386224761,0.16310822627014682,0.6203639318678591,0.11515729789021811,0.16954420917234583,-0.14317745876770477,-0.30722662443738663,-0.20809200591135651,-0.19582196990579986,0.029519595988855618,0.6165296200954361,0.40304727258114065,0.23711172349128282,0.4577610820484057,0.1433788609930184,0.45271749003077033,disgust
0.3709310596760961,0.1965840743428308,0.3463306326545029,0.3939320120060439,0.08418933247471228,-0.04050273742725102,0.09653718858613786,-0.18677332851900935,-0.024422152526734298,0.19864463695644702,0.003829063633965013,0.3052216152006037,0.7011627664455162,0.24623690931321535,0.7296916521792904,0.1415310991030741,-0.02270210145777224,0.19120838776279378,0.0075668795863457206,-0.37147640239036533,0.3032007142150269,0.25600772368219926,-0.0899926721372255,0.2095952382942995,0.32481883799432876,0.07634673343102388,0.4327280611726621,-0.05808413570467441,-0.2593581808897709,0.4125801930678756,-0.16123069516210164,-0.20178125735316166,-0.019434522578239494,-0.044021577587926186,0.7677199668998731,0.44731740649069673,0.5831961804758414,0.578523827251861,0.8077490201567132,-0.36729222074836204,disgust
0.37027458082040177,0.33017847839905773,0.3806247761322874,0.6649383167143317,0.48795976290467097,-0.17924511028035567,0.19322787606503894,-0.00472021769231884,0.2569079609912456,-0.5169796370776094,0.21640568165790117,0.19972886199977827,0.4341753627432682,0.44947136133063453,-0.13151241590392998,0.5144871745552027,0.24989535337931512,-0.04530150270476027,0.2785671412728432,-0.022754424159451198,0.39348347233991454,0.3112954645869238,-0.12432491481191427,0.4503766033786933,0.34411775247990384,0.37324453976573635,0.3167531338882714,0.5228453359221146,-0.03281126530092687,0.1667730504736586,-0.38421190452774184,0.06386220651938998,-0.27432845306343573,-0.1800430916268017,0.23220177216887952,0.058871779966334276,0.648800911533338,0.09123002491215823,0.6795495754380808,0.3812487977712289,disgust
0.20381504443095444,0.4421395363123143,0.41183418634457136,0.9587527417226724,0.45848932465450826,0.09930570400117959,0.22711163536813983,-0.04712013056377201,-0.03233694130061124,-0.15100648167476138,-0.07065420629622782,0.3717298614452381,0.26322805670039534,0.5424926407566746,0.305331223785442,0.3236629242691559,0.14327750062035116,0.46498790016716957,0.45139641669696046,-0.032481161025706695,0.20935578602237653,-0.30457122588452107,-0.1622014950974507,0.4410911389861741,-0.08125330571921474,1.0672038941689477,0.6038922669371565,0.701841594234734,0.14515268726158495,-0.26995327482226,-0.2219699880478948,-0.22758795291309625,0.24760666935214082,-0.11950265987741632,0.046853381675025174,0.724738351197665,0.08245265714408223,0.2080287913190807,0.6276900485770003,0.8013528931491636,disgust
-0.22212601921754205,-0.3066935025999342,0.19228286792397767,0.43481054005053194,0.328492326545831,0.10954729192338726,-0.18210989781252984,0.2498176244783649,-0.13893185939991293,-0.16465033494930642,0.07476838654297048,0.529115635208492,0.32229809691355293,1.0008487059774893,0.3058020602203163,0.5023182947258251,-0.268019163547433,-0.00787239868471079,0.04712124417471489,-0.18020966683598172,-0.20048332763606452,-0.08500780133474561,-0.0876905946069167,0.13072251743622432,0.37011742134045955,0.4793042255796265,0.09181719870288571,0.2282325927123557,-0.02960197572926665,0.2937404100141198,0.4331528686908192,0.04036685553812691,0.14729146125826198,0.07311755298942743,0.3738799291856296,0.29139830687325585,0.07090103121175828,0.6794647214723668,0.856281450541877,0.345630159836645,disgust
0.1884501863430044,0.415206041514537,0.7897711652401809,0.27228857730062267,0.5293777262486332,0.2978277296563751,-0.40002454015394745,-0.04260336969779957,0.136976839186441,0.09293988630826758,0.0419412540224402,-0.13682365558384918,0.3480085149494181,0.4094948736815563,0.527826000339219,0.8049088489549456,0.2819582441024271,0.4353556731891845,0.1825317492252538,0.6923106821841118,0.12829067376441547,0.7235233401909065,-0.08725234892449246,-0.03042794688228334,0.48077537788006425,0.3611040725860959,0.6969589930624134,0.49267446341765325,0.38824095514512685,-0.11768965748360521,0.004849191907650652,0.2161006996165865,-0.08581228909610739,0.15646522210262115,0.56885618757759,0.3465602499935311,0.46035928237226365,0.6883467920656676,0.42243569501383604,-0.16335862130193401,disgust
0.2335624368377531,0.317037305110894,0.4695957683236601,0.9760627290784154,0.6453404596350947,0.3043672085703272,-0.009562609482293982,0.2727629662943729,0.05599440010019385,0.3459276941743509,0.16466898205171157,0.4394576588722602,0.09631538831154533,0.33339534595495224,0.4173988227190555,0.16261382199804605,0.3804543436037933,0.07734836707319652,-0.020273597856634296,-0.16337827586645037,-0.011394535655874366,-0.339547876964622,0.3957710019122269,0.3837891636409836,0.5103653162883057,0.716413086156962,0.4449167958220328,0.22025020639642373,0.5194759724097715,-0.014222580315188,0.05435926005524286,-0.5360448065569872,-0.07961660942078064,0.1462050446620588,0.42622380553676514,0.4851500169699731,0.6385887548990008,0.23859306553949938,0.16395918233151088,0.24975189433171313,disgust
-0.002697657350336169,0.20297444790430025,0.39043481624631204,-0.10586548524692724,-0.04808869755203998,0.3588685434272308,-0.03535150315426669,0.23543382920667666,-0.1264599033546091,-0.2555652701868842,0.22430024019867892,0.10878563553595676,0.37412786823816463,0.19353008288405382,0.1873935427951447,0.27028994014456736,0.0690214799720799,0.1084903071781915,-0.1985730158959495,0.08027647708933912,0.18808757232421636,0.16951313995618067,-0.16347531712963276,0.5708015108957976,-0.08618784919606942,0.43702241859974295,0.38315781632361845,0.46775563210800514,0.0002869697368081403,-0.06131391025671698,0.2861046108967479,0.2715214456271298,-0.2138186929582832,0.06624931301564747,0.051463580494477135,-0.3090260215865788,0.6652139848848821,0.200593376683013,0.30571070002311274,0.24631439279346612,disgust
-0.13777688256291643,0.5162293471453547,0.19799260491424203,0.01881949325682078,0.4219317279169572,0.28826154572381524,0.0004165052477235476,0.02538881807970736,0.40917231581349284,0.17017475288390108,0.06570913152949627,0.07717858421595244,0.7353270204573144,0.24812263082357666,-0.1038255245268574,0.6531191644084671,0.1376823011090702,-0.39110255704673574,-0.2988830131373858,-0.34823688414510306,-0.5578130690042253,-0.13873294309365453,0.0016139960562088218,0.669415941037188,0.3256244086076868,0.23687554870626337,0.31372597899737964,0.32392147382315084,0.413896245198086,0.38975245519236207,-0.49326754674423295,-0.3819512266256106,0.03348745422570146,0.6142230131378681,0.12224615301083186,0.6088225155803177,0.2412807511998597,0.22307106060741716,0.22482523740226393,0.5297572297683637,disgust
0.06300196971986022,0.30847087286564,0.4467072364839323,0.6113951031392275,0.35365845942755314,0.47032450552314414,0.5600039849033133,0.23903527530101273,-0.10471601349174015,-0.03630895120050576,0.13478713797377243,0.10291675238358068,-0.0015520589752537894,0.1250439626145545,0.2460163136808882,-0.14105891961453482,0.9917288990077975,0.36790507016777896,-0.08824143014978619,-0.19273545494323208,0.3004450864969773,-0.2992917024316066,-0.1026150898924379,0.5237067708157293,0.3309494366124122,0.5801477151247048,0.38628929045076,0.2788455122245277,0.008842025715753488,0.1865449071548048,0.05918396090432611,0.04829438777276626,-0.0648721394246316,0.43908937873310855,0.26733833729109635,0.4922166657006502,0.09262376513095028,-0.04684271727371839,0.47713490040039663,0.023052626344675725,disgust
-0.024080531464700905,0.38476959434600144,0.7009512863109539,0.31595656413835577,0.2677976883669155,0.36076466131634677,0.2763452728381163,0.058986754224109136,-0.46194873422732813,0.19202851023517734,-0.12754769325970933,0.6929814008852926,0.1066902647496734,0.4152883858168733,0.3730987584497579,0.40169997955072934,0.8924417450429569,0.09165303897685809,0.3110442749734941,-0.002778694006840804,-0.09235325110028242,0.24624625040625123,0.24064962690587416,0.22083353038302,0.10917037494580684,0.49412088119664266,1.2144364357021613,0.24781371750509623,0.33086899185869,-0.07736829142112528,0.8709385118908495,-0.3646464230862569,-0.1017421809383669,-0.33004661834576304,0.4255496276932757,0.3827943151749582,0.49496227738255694,0.36672756230603587,0.6873321175904794,0.5339254355477117,disgust
0.48299640642988473,-0.37815896530541876,0.14175568651787065,0.4150163619819618,0.5665204159024385,-0.43593036110718203,0.5402898934666085,0.13004403806690623,0.3945856718393146,-0.2908346942196829,-0.12338552008854581,-0.08918585840767768,0.12504791141974847,0.16685486955872195,-0.04975550364242157,0.6790955607170006,0.4028241888201544,-0.050609612427342215,-0.4613886938525103,0.2869939305717006,-0.5781903085175064,-0.22383484318827823,-0.1644644863391304,0.07940801171892295,0.46598041110145166,0.6015892556718898,0.4374681745998883,-0.01481697175436092,0.49624109179643106,0.36450753440393424,0.19490147097913502,0.5855087855673333,-0.227950223675917,-0.05593300874977883,0.051100716778116395,0.18311215384587823,0.5451431453450051,0.41683850218158514,0.1890785985899941,0.4743374992680486,disgust
0.1627660993053381,0.1492688279819832,0.2053605401315059,0.053000453784707496,0.27927471806834403,0.027047995212734766,0.1056286301715,0.13144869331438552,0.10106868045309064,-0.12000409031667891,0.5378887993249126,-0.12526426035045624,0.45129745173368235,0.36001030080774155,0.45146024599009754,0.1739847239445677,0.06228048218353939,0.30814948240286566,-0.3866561451510007,0.021160052673031227,-0.38070156173149866,-0.414620645658145,0.16512092093715655,0.11452362175521788,0.8306296597558254,-0.06353843441151547,0.38915454427452456,0.29799140731326995,0.20507689764002862,-0.05969604829132155,-0.4148769042609614,0.16699224967012352,0.2220106494358855,0.2282919521496953,0.3110067560240086,0.6353951818082038,0.6238267261311792,0.5342453127376496,0.12810775235564492,0.4338205135071206,disgust
-0.039454923035149164,0.3839244935539246,0.10892988768078854,0.33735241175784275,0.5329172441930785,0.16492875707478943,0.37029246489848416,-0.08407248002553164,0.40245832588157066,-0.04672932098246563,0.7135389450079392,0.34390940610797927,0.26306684641572486,0.0712919175313918,0.2743009546766929,0.839438794602434,-0.05526947328975235,-0.24546949600236295,0.12225592395925901,0.3035998126337831,-0.10697614683811202,-0.1688674865228192,0.09185627139827601,0.20406397122094408,0.6266035003829653,0.8518569179714961,0.31592472336730426,0.06548451296777938,-0.13738000674517215,-0.37596499175071835,-0.025866494248208083,-0.4083769724040153,0.21366229061260383,0.07234926686003054,0.0652413782648094,0.6950666281556208,-0.0591597326866003,0.58661385226044,0.3123300144102038,0.2434863783040343,disgust
0.17519631536241706,-0.0005346112408375348,0.5110350076077157,0.6769038348109726,-0.17559044194313117,0.26662480051139736,0.09994099898267281,-0.04108599506245436,0.08422078138921713,-0.059619455131014215,-0.04467064458321557,0.4609802180520374,0.02623373345955421,0.24733884660255653,0.26960786339026366,0.13851775390221258,0.1221045753381524,0.496023890753084,-0.16741248556060623,0.6128575610156539,-0.41500317994569796,-0.568916921596974,-0.03421783391759317,-0.06773030089755228,0.6517138630076122,0.4883250207420809,0.07616548231936496,0.21489761851682834,0.07752952232026748,0.7144465996654221,0.02173726982875021,0.04424714915256339,0.16281113193196556,0.18237568729894615,0.23554697803526953,0.11021363913594578,0.39379915334983884,0.4053599241449982,-0.05870298306231514,0.19214894241616615,disgust
-0.14444486984428234,-0.14383730202109718,0.3337798274832964,0.5009427461405553,0.5625274963568634,0.09361280661058295,-0.24606303899470855,-0.19907679212068546,-0.09046858416591558,-0.04484801144991013,0.16902108141084807,0.10832797407966752,0.5299189329928591,0.18286823473834396,0.4888028606062458,0.4973988089373134,0.3475813879311489,0.27382812792991773,-0.23635211324565258,0.2015554075955738,-0.14963454199805432,-0.00696940964045617,-0.1161980872392187,0.34312724185698357,0.22488556093919904,0.19923246837232464,0.5177266521357038,0.07260201357119578,0.24762891066148673,0.09885796757512694,0.12012601452924504,-0.010447907328585138,-0.27695869071704504,0.16250078135049276,0.33007922904175524,0.8009870924530273,0.8423368586619364,0.5768165556115195,0.5290405422575746,-0.47261636386367595,disgust
0.040744888731414464,0.007032710088035743,0.5083708301438539,0.5099867939428763,0.4685965334998434,0.38751288921601823,0.22007117015499897,0.004677157748690874,-0.16713426476172893,0.1690992371963546,0.05836093089003698,0.42919041699153043,0.15827806033963693,0.28159918350552393,0.178651555892398,0.5079342171297534,0.04792436722695781,-0.45168866610342656,-0.15975308920533743,-0.19013202414077296,-0.017135421147362745,-0.04555769667933379,0.46519974707141626,0.33714251441075316,0.5875985709102565,0.7305154433191576,0.6162571091770372,0.5046845116148808,0.04317896216585643,0.17088390506948367,-0.03254814570029296,0.17937735972893867,-0.11083475875665555,0.29937713308576885,0.11745973921600182,0.5240114959034197,0.6890088069644413,0.6723913641147725,0.18572468047558569,0.5162564949956233,disgust
-0.2516914262998558,0.3315182852730942,0.00415437056172141,0.3851224645925751,0.03803136581814798,0.23521863514713953,-0.04467361070209888,0.3595353470348549,0.5333610048332584,0.21459425012833896,0.3240967238360952,0.28685214825092586,0.25608608560935797,0.3021652553517707,0.09144031017191154,0.15125171194017734,0.46519941221391575,0.04991040903964272,0.1506946498605825,-0.23139258752412017,0.5739941253647605,0.3977641457974095,0.13322226309460844,0.7389506056690831,0.4824240827598233,0.6652252224948672,0.3227299226868189,0.16874332205549603,0.5318380761965886,0.2560311827823874,0.21212313629346183,0.24827153689226866,0.07921232386557023,0.028143556009582016,0.3507047653079097,-0.09579148640784257,0.41239639219895835,0.6556760943451452,0.24132502083072416,0.661356840401127,disgust
0.10447936408525388,0.037545671819199766,0.5194173324926732,0.3468277210448029,0.5018729783407907,0.09279527877005321,0.28238567026195516,0.07611938832086937,0.05923253293552799,0.24369778387844115,-0.12154024637404964,0.1335654988839197,0.563095149691976,0.672284341996775,0.5716328834297226,0.07691541395242074,0.32080655727945734,0.05810900890373594,-0.021079310038202848,-0.38748462198622785,-0.5251594366884798,0.30494084893624485,0.36107772009897404,-0.09532244290798553,0.26554633098157915,0.40420562398626547,0.21694968771177645,0.40802526270901607,0.07533116408529109,-0.2794508689092683,-0.10320217748558075,0.10496426665447414,-0.1865301003648006,0.32843922327993247,0.5143876151885061,0.4950257017453605,0.527118928039112,0.3454361687635648,0.4310157924259943,0.004883487901829631,disgust
-0.3992351688799674,0.11817436911050842,0.7308096677532696,0.6436865350531189,0.07421112627103948,0.19293781105467564,-0.04287823172933333,-0.2559985803566566,-0.09415640659847063,0.19441710912048926,0.07728916551334034,0.10497784989406116,-0.2658299417632979,0.9033612933862902,0.09215586608727697,0.3521170638718084,0.4648788567125227,0.19489961716817986,0.2578843991454648,-0.5913521989951307,-0.2305444790778432,-0.12099343184318784,-0.18782469515295425,-0.13619501781213983,0.5639033259940149,0.06103417239983994,0.6269356523098919,0.4971606622212691,0.07653220369193896,-0.28793588794643493,-0.15517240939635707,-0.1961361114314592,-0.12881057391361822,-0.06300351028486256,0.25480917788899354,0.26133891635432677,0.3632873865249789,0.35281421637883714,0.5904960433322035,0.6807457529382808,disgust
0.18301200608542315,0.2656624217930924,0.31959743683558683,0.6171734124514383,0.5072902088506421,0.2700952025870542,0.09538864894300225,0.17818340161008975,0.24411393415786814,-0.11611224416595928,0.16617912154875153,-0.28837007288962113,0.1058815589282839,0.47192253091227715,-0.014742104555934304,-0.032478111913468055,0.32026906525604715,-0.34445496710450313,-0.033761290646597,0.5056122602915893,0.07462234989883659,0.4842509548340837,0.5363727026481366,0.06907030653080357,0.29465156084103333,0.4732010281327411,0.6280227188932388,0.6305953933390458,0.3578019261697859,0.1438943345109,-0.2693705010081499,0.24647812594854668,-0.10789934008037677,0.3790436939689564,0.5775589504593106,-0.024754668622904236,0.8825706781590286,0.31396561711164517,0.557701954583792,0.41731690078544137,disgust
0.645874506505555,0.5847097686816736,0.7711841734072857,0.5907511647473445,0.1409824996973891,0.19973091030903653,0.3073225267058578,0.27661049176394054,0.024170637931780592,-0.1828249726859123,-0.2503386678289837,0.18896039384212432,1.0277023786111854,0.3263143303641586,0.26089410676502306,0.4996185172095395,0.4448750528591582,0.18405117619669953,-0.4496549961052892,-0.178537690637587,-0.16569527386505362,0.207445924555218,-0.005211553065406077,0.20403532644729946,0.07159707515678115,0.24534576407196024,0.9092645080782356,0.4845947689183342,0.27499963374825265,-0.14648149004428446,-0.30798126622277716,0.2447538392180676,0.037696569573959726,0.2857936385352206,0.3228486022805451,0.3712275683919841,-0.23653637936221372,0.5920009382746036,0.7322088407354554,0.20437892200193014,disgust
0.14254385434918454,0.34713165460776074,0.3030245916301758,-0.07315783140748705,0.25107030185245655,0.24686548983488898,0.40363533891088976,-0.2035103977633576,-0.08823644094800859,0.004314691144271937,0.1831920281866526,0.6560074746523721,0.43978788152903,0.5245493330107651,0.08764741633046466,0.7521132435662894,-0.16435335808535312,0.49349386166722414,0.27329999526609394,0.021562850254457255,-0.2675639369110809,0.19012404982953138,0.038432938235995334,0.605364572988077,-0.37948175897202147,0.4095405743890281,-0.2937852489366816,0.29994568545255895,0.09433425820910493,0.2785936694205472,-0.28531052615384905,-0.25531572567612465,-0.4974920716814279,0.026478345325234354,0.2925809856357573,0.27882606909878005,0.14092137869078927,0.3109797485090367,0.4331355388757766,0.26196097554650777,disgust
-0.30711830692912967,0.1666752054133524,0.14252852347359482,-0.3124889199390946,0.49003501954715717,0.32880140796774576,-0.1241016577965991,0.1721185583320047,0.04934574879150652,-0.12348845235874095,0.1412826523971445,0.11427358479505789,0.10437856477426859,0.6159939631729763,-0.008787419634227661,0.8262439740680072,0.32577066637641827,0.04684453949817602,0.1586050296294501,-0.2429399767385204,-0.10977371309249434,0.5514316931627281,0.2706381712572916,0.22262704718371543,0.31026399677388605,0.6154478166466222,0.5889015554088421,0.195527788460582,0.46618712256433453,0.05995754024314896,-0.013206985571293683,0.17970171478500088,-0.14353932898995503,-0.2534867701702783,0.210838247511329,0.561039487951845,0.3090681250022774,0.5870818488352645,0.5968805673638012,0.0990428122980385,disgust
0.18791648477794126,0.2585350661178083,0.5311622907907285,0.5084149777244142,0.38926447813836995,0.594387775934067,0.2388566133481546,0.1148634993206018,-0.19233536419048197,0.01990458316990673,0.40396306766624124,0.3498277766958362,0.3109827819567116,0.33914792229405627,0.1572056578838723,0.17233030426169443,0.5253854772991688,0.16491886348943297,0.07997018866746533,0.31582652653439997,-0.10512648593597335,-0.06152008493400102,0.5152194273219834,0.4264023210495689,-0.03963401727453231,0.3878625005342328,0.1696380529407343,0.1582702272999923,0.11729441688961725,-0.3366969314633829,-0.17493937644352792,0.4500204079826645,-0.0030596697141163642,0.025154019848320552,0.4951413324356812,0.006817821999425627,0.3336538620053962,0.695223660822069,0.3013044207774532,0.27739217593864607,disgust
0.1382323361460747,0.38690364456143717,0.5489406129535632,0.3497885606153648,0.37465744300750314,0.31914440536767896,-0.32794584757413253,0.2767831737254479,0.4513682438034537,0.21182260545252896,0.13352842148231897,0.08712384911091547,0.37864038068687444,0.856089240774381,0.7655603683873098,0.18776015769102397,0.653581775349177,-0.008864453350339668,-0.09590097947205695,-0.030914534104494296,0.16109174773398327,0.008844535088788685,0.41334206718623945,0.35260878562329545,0.7535920683472852,0.05430068820108214,0.40033980449860895,0.45660348236864,0.5646829434103344,-0.4392922414649611,-0.04594462788834869,-0.48769139748225737,0.16312436875507133,0.013456068211819189,0.3446625942622185,0.6054785119855122,0.6144541748265407,0.33003725894444813,0.4604072831455753,0.9699647942465879,disgust
0.08062628829360281,0.44969599645331026,0.2605737087255458,0.6091320277687993,0.15840322656492187,0.4155600148354528,-0.2126618876120035,0.10681113607835555,0.6313634009826341,-0.26649381102196174,-0.0616465344536255,0.41616361469316077,0.02403164680451464,-0.20186260943490192,-0.00703904070806724,0.4170095558537282,0.5554558247450214,0.19509837956250875,0.08805986881288827,0.28062002441386735,0.002819943256874402,0.40525877035202795,0.5418357961235221,0.20443496340973508,0.6855675462438167,0.5793626529897706,0.3471316348082217,0.29273275642197494,0.4566954977205505,-0.22291704688013997,-0.3783558590479356,0.2981262492074017,0.5464481867351623,0.22574806806796827,0.5251274072083147,-0.047884139634579354,0.07191872756733303,0.24719540091925318,0.2205826709024883,0.24218527276603613,disgust
0.08314794945839042,0.29115747860594177,0.33446679738428725,0.553234097835519,0.6236582845891265,0.4842586539297741,0.5023380337892412,0.009570294485754222,-0.10888787675102579,-0.45506603841756205,-0.3384373621013536,0.38475908657786917,0.4122243238411288,0.38236047894012054,0.3196345627779429,0.054678191217773175,-0.273129006099689,0.01860231907819837,0.00012761810175909716,-0.6392054651210961,0.3345828923220724,-0.10597369638430182,0.2727381076694193,0.6011885269311122,0.7366132324382997,0.3186166198992064,0.6114287996623848,0.5164509257964973,0.1941713003969006,0.15631187895243592,-0.21225373065252967,0.06501550922956664,-0.11452126007509239,0.09234018601587399,0.2846805456257039,0.5870140661361267,0.33394983952316815,0.3087653329448428,0.19658433515878065,0.8823222040742886,disgust
0.0896425564215382,0.4199546724570335,-0.002661127502135041,0.4060037299099242,0.04782396964931662,0.11643203719599972,0.33416126459525897,0.48407143402886516,0.04164003207366482,0.16066008841781207,0.11918976400045414,0.06720391012887011,0.30852252902656874,0.6133484310383225,0.44566257092508577,0.2635292958851066,0.15387268702734963,0.2835921395953952,-0.020456602856690098,0.23546356116901337,-0.3510983671925227,0.2539671012357976,-0.042477075305238116,0.2541808495601773,0.892328825135394,0.6569290224963462,0.2388251615366725,0.1915653184528734,0.40472323372356395,0.3121227626202346,0.0015934413193139374,0.1883251539413583,-0.053869495066028006,-0.5449720183256097,0.5341692152775696,0.22684607308245242,0.5446060238292506,0.3326924801009704,0.23077473744909405,-0.02882215818199302,disgust
0.38801880293037944,0.5137187793824509,0.6944001462502893,0.5715541564952873,0.4599920224984764,0.1282553674822935,0.1598248439815128,0.16031266661744617,-0.6273601809958045,-0.2837256365297785,0.030466749549978606,0.38555143303289663,0.6422774641494277,0.7998675815253691,0.20402610238588986,0.37736094820513366,0.14354430451824776,-0.04175798714259743,-0.027025797290076814,0.03170936588418083,0.20767799226754713,-0.3121378872162051,0.1292390569185542,0.02137147848596402,0.713056029050515,0.8249635115000331,0.2477718697771076,0.1075796041053925,0.3331909108239093,0.3149235850666548,-0.24411457428076982,-0.11129525292016479,0.11660767831153553,-0.12117923987845575,0.6337756268403166,0.3576232119067268,0.4067713118585021,0.07871694984236718,0.6075879490042719,-0.1482404255592792,disgust
0.008248251863791856,0.14679861257104154,0.3378844880572039,0.02674225706673025,0.1486797638854393,0.4024978953373357,0.13182122830078913,0.07621829982181122,0.2401974888959163,0.11627199654476268,0.3240860478728962,0.17987024266106583,0.057814297890484326,0.7812537504857395,-0.03900967512503298,0.00798895599357241,-0.0218403533836104,0.7534131783095925,0.07721701509139364,0.2699260030394974,-0.39567649704207813,-0.22024157136823558,0.23740315533034154,0.1514552424320606,0.3832695062577125,0.5421786870506535,0.3863858472173345,0.3050315272528165,0.22748432573711402,0.018005387420781782,0.08168310642849341,0.23887024183261202,-0.1873444395808585,0.21257398483828366,0.47784589383040327,0.29780630615046877,0.3666717999746514,0.8370377487525786,0.5807668175284462,0.7683482587827275,disgust
0.6620202285364601,0.21518876123544473,0.19841807000537284,0.3185316109841174,0.5661765594141486,-0.6040060004402152,0.15709118669262462,0.3527489512250437,0.00906574208487837,0.0884577019432832,0.015145500206561191,-0.2431134713853496,0.5250603904482025,0.2954241632050572,0.5129056221056195,0.3640141127038393,0.7632001192797098,0.280517887608117,0.170530668155306,-0.0217096001352641,-0.20296940068055597,0.16346624583584968,0.43489564140597065,0.2744703619292279,-0.18415662268273375,0.19865580898839166,0.8546755432330602,0.14656480850042802,0.22454637974087824,-0.40408141441984186,-0.13715237886406922,-0.21801572760723853,0.2503001469830475,0.3043117273331765,0.3957388207883397,0.6042579911034183,0.2715995634622454,0.802265129665807,0.24049331610071947,0.42579109077516264,disgust
0.7254794593743474,0.17112958536842493,0.46988931500345316,0.36285690106951274,0.3818845685394474,0.334159491790999,0.1285407295810837,0.053957089918911405,0.1763725353496642,-0.32476358436441916,-0.11081403389901656,0.05351844495797611,-0.0579164304254447,0.45386853935629745,0.27945623602530756,0.1434383976876312,-0.06918591122393375,-0.060527040505106794,0.17147296293067035,-0.31669120085576224,0.23078775984001856,0.21828966256374996,0.23402606127101205,-0.15053744085647985,0.1659241369858881,0.6546018436072168,0.2715528220783795,0.09458161139143259,-0.004275980389508993,0.16796050342459753,-0.4546299968831055,0.25318703879595633,0.10576625124034245,-0.11463479251027892,0.40840126330737664,-0.332614581675757,0.08110023265385397,0.44929954507803177,0.6730372272701092,-0.10712689769516792,disgust
-0.16400942154247883,0.28089360511726974,0.3949182371904275,0.19788554963569896,0.14689975940503308,0.643167551499697,-0.09147745847115024,-0.3608095941348622,-0.11003270415212968,0.3286881612782918,0.24210656354048554,0.16267935231413924,-0.04303263641164812,0.3389275100838924,1.1064798572740029,0.5047655692468609,0.5295567225996785,-0.24195737564549075,-0.04798774175980838,-0.1445105599848036,0.4306381211501891,-0.01771326606526788,0.13957455849526093,0.14410776241698214,-0.3621345795103264,0.6734874606934587,-0.11492018024799616,0.13498476757874606,-0.22486314958523784,-0.08413275396826919,-0.1164035331838737,-0.13825920634230837,0.40513475158020157,-0.16280249194350516,0.1711853362564199,0.4766207171956,0.28085316569636903,0.23542280193091536,0.7804731156457725,0.38082894655988564,disgust
-0.02451188138680538,0.35773337136913264,0.140339068385256,0.4983313975602587,-0.0183276088652381,0.45102850138164113,0.23243256347702812,0.12681031109290436,-0.011439886567953667,0.05479233099049058,-0.1530387501329305,0.18467198037775945,0.4278367413997111,0.46763198602727024,0.15016254957989764,0.4922018362392225,-0.03842287673759398,-0.030944608916746663,-0.16301330337095582,-0.1605550116774333,-0.0394560061979807,0.2217465982966909,0.41914750461966666,0.3751871938969284,0.1625815410035745,0.5716601377658646,0.6040552147984453,0.08516194943311728,-0.13186117584007023,0.024093832053358355,0.48317339122023334,-0.08912979245071956,-0.005195587765835008,0.31227549974723834,-0.05009464135661246,0.06545771659413904,0.35134211628546463,0.5750632747954649,0.2114327416623949,0.019489902579904378,disgust
-0.23813051095655402,0.6875785971769093,0.04639499538010439,0.7106105464312484,0.15715571152107913,0.5333806373720756,0.5632971942566305,-0.18265559393486552,0.13228911323157644,0.17975273129879263,0.37689218043431016,0.08789873950770496,0.5854259339752232,0.3811787852092078,0.12848571201693712,0.5986233523743971,0.5782019627548118,0.14631535168343848,0.01756444257978107,0.18422364408156244,0.41387991761771437,-0.26229692271363375,0.4169152072265956,0.7699750180122498,0.12511512920219872,0.5261599148831704,0.3704247179637391,0.36402779828730036,0.4799487879367094,-0.33982903774338397,-0.13339859276027566,-0.3615262983324909,-0.042142133504301627,0.6034966034608973,-0.018939908236852154,0.21806036506063287,0.22678245879351042,0.4629366007131039,0.20801441279797442,-0.01565808118531592,disgust
-0.012344814908416463,0.2475384955071424,0.053119495282180684,-0.2265381135802193,0.629086974065185,0.27667198961888867,-0.01787717112073836,-0.0043448783603400876,0.16855151571196378,-0.22266030745050652,0.0676084779695254,0.029901692147621867,0.5819995976957738,-0.2580833116322944,0.027531477600190007,0.6985881608508178,-0.04114358350571973,-0.050975426141542074,-0.259948256185721,-0.5982960820200802,-0.037418521264461935,0.21784952036215535,0.22490859942123123,-0.05371880362391174,0.20956365266118027,0.7923459695764377,0.30443831540863064,0.037244544976529737,0.3859380936231804,-0.01618995990304417,-0.47978420085442214,-0.23323902307711114,0.26450920525741906,0.0882831008872984,0.2169860503114378,0.4940135918574045,0.1807495335067656,-0.019364446795440332,0.27996259083078173,0.01824186574775369,disgust
0.17474055236130998,0.10053245948288066,0.16919394072582353,0.019509996772330868,0.4040170895225046,0.7291108320023274,-0.1805129052641441,0.324040743005819,0.15324097258308772,-0.17155932901788995,-0.19751819368456963,0.2976568392419918,0.18265670368574516,0.2802179913241488,0.2633917665423642,0.8240680651737693,-0.1480538051348816,0.2566513994194588,0.5236943968685348,0.029016765811308354,0.52724466323683,0.04852558082957226,0.19086567539967086,0.45632269091806815,0.16435079891810744,0.3893614991129019,0.4999154765626696,0.10695031211968478,0.2832388945459981,0.336966273871648,-0.29796235658425124,-0.04385023127473858,0.13882835488143397,-0.04586346673352715,0.5015185534119877,0.6486594665870444,0.24050900519382734,0.42691322222234884,0.1326464240785134,0.15397293340063184,disgust
0.3028642663005629,0.25306718113686244,0.40944784414750723,0.27190917435549533,0.6403665470098606,0.48379973949427457,-0.017832164217534502,0.18214111071445638,0.6544820911090683,-0.11631259977836711,0.41544463845130875,0.8441356005920557,0.22956710600227676,0.5644606626645396,-0.162441289546213,0.7007580163567113,0.4314746831306334,0.36911624388953257,0.1066552790238407,0.24230609059633756,0.2801399495530986,0.2374835747225772,0.09004118149703574,0.22894588711372543,0.36577219925278304,0.3372229992260739,0.15600977876442504,-0.03496473466248046,0.15006837116719213,-0.15997385799123048,-0.08741662720137355,-0.32566446177006386,-0.2960644432360095,0.03782566151022823,0.19542347952528222,0.8916459334188027,0.3689013047738732,0.6353958517682361,0.42318251989424616,0.2672648858115691,disgust
0.11599669739209287,0.4600840395089752,0.5045000328169762,0.038012803898706954,0.5144514695167752,0.20324962151988735,-0.25726355788588173,-0.14785136247327912,0.17246814900201293,0.2397976680758723,0.04126406998397217,0.4814085002933111,0.48326082167682355,-0.02459694657878686,0.11552523361054476,0.44280676860892015,0.043217015288385174,0.0008315140033496593,0.1325921984347767,-0.07482011125704707,-0.17667481313862626,-0.29602040681488667,0.6741170004385448,-0.08257363670027507,0.24604071637641228,0.6641696748008494,0.33715419622827414,0.042671772441799705,-0.11494897835184131,0.35952267756446615,0.1974092877162022,-0.5004916709922933,-0.3049389277050156,0.3011231244376684,0.6608207707447784,0.20551226795473904,0.6275288878955455,-0.035356796078171854,-0.12816045693195077,-0.1289423209360685,disgust
0.31353115177889734,0.3456868528467347,0.5501351533834562,-0.061178197334811696,0.7639131595577022,0.14698456396225065,0.8127254577065244,0.10813204373952218,-0.4667253950595442,-0.00996887058834725,-0.14810321610981353,0.5621054701673879,0.33545728324191415,0.6771317951948381,0.18310328740028003,0.15575814340965832,0.3018781177836454,0.17304426587658972,-0.18331335433050316,0.12653322457901195,0.29094234984345624,-0.03649539440619451,0.02674502983969959,0.13841449636814362,0.4863198468171063,0.35308026313772906,0.4696915614771682,0.5603560682007712,0.09129561038349536,-0.006108817355404028,-0.07897755831975417,0.3649996654037881,0.009886295649510185,0.1519785609518934,0.16940194181523488,0.5657287979065719,0.48535088223588413,0.07011358907759366,0.5306731944569443,0.2861590338005745,disgust
0.4890334408244486,0.42427557432784974,0.3483725802097398,0.12520445338014488,0.5889683980252655,0.5623442563809781,-0.08892919165662144,0.02119702495101433,0.10509134761729014,-0.03846288870764608,0.1609127450152903,0.0691839036875099,0.11123988605583927,0.6649839624963017,-0.05177505317612832,0.5087349288752974,0.0588910026923367,0.1574318390432723,-0.12235769918036571,0.027973001209366882,-0.1689209367397781,0.11741911837897166,-0.21388075886012542,-0.013851100170251873,0.30975781978551176,0.5395163228580938,0.13948881882518127,0.7680831581915368,0.06650615130773734,0.25864609587584947,-0.4702735989376345,-0.2699490677965196,-0.2207012752573882,-0.16621906672777226,-0.15989374430360853,0.22288670261677473,0.16022786903298522,0.7719447790504244,0.2673954965971784,0.2497053397048863,disgust
-0.3537068363924302,0.6660973383980016,0.7521677583950162,0.09498905365933155,0.06120479777419102,0.04602506333451928,0.49173910016640254,-0.3053517581474104,-0.27919866981155406,-0.4141345361995427,0.12872918790082627,0.37705332741004594,0.023360292056386733,0.6422553644173874,0.41745617127286405,0.1288862349399787,0.39870214304013085,0.4707522670289099,0.37168250153115145,0.12069065001340032,0.3244304594817107,0.04832444830331878,0.22867504587841897,0.7148819259828247,0.31636979215188804,0.17444099365091417,0.04357487480279579,0.1411432794006308,-0.3125308247356523,-0.17794234400937164,-0.299089891773415,-0.061710860241204424,-0.31321311290010556,0.10303739393587012,0.24212990806929474,0.5380460306283339,0.6439247044056138,0.762073847123393,0.2241007674534527,-0.17083888647512774,disgust
0.37923367222818316,0.3927026774262822,0.25164507997170854,0.5907101730952451,0.8392081474401825,0.3424078694321768,0.029467053229472212,0.0928355868426986,-0.24483592200133336,0.5034687464497545,-0.24444183821570337,-0.09205328585091838,0.5375786876600863,0.3088544494309331,0.07158072875444224,0.5886122277040597,0.557869946237821,-0.26206921981300174,0.21797022164454788,0.2464363218805281,0.4653130223285647,0.17500088983776368,0.346073526920697,0.29214215418837297,0.5325274318321352,0.8260345138379646,0.5427822916419527,0.12340635630855384,0.15242308908562163,0.5672234330916766,-0.3181573917961848,-0.16192944882710164,-0.12625444086747545,0.4741124778642451,0.026394944375493057,0.23485818028858646,0.37026933498101133,0.5098714677231404,0.45084539108132904,-0.10441420549488961,disgust
-0.10445445655166202,-0.07112761219592972,0.6590621855056664,0.32105428233916744,0.3870121719513274,0.24965193585078005,-0.2395504372125427,-0.3770557897338506,-0.2966177306183566,0.49427871092624304,-0.03351062184204623,0.2967926003411487,0.02060048934028008,1.0199223860511903,0.40848460258565084,-0.0500065557966719,0.13935788331781795,0.2356622465053476,0.3073782841072329,-0.09699845287924874,0.16070518313829005,0.12561024045631108,0.20722797327567202,0.15783837581966215,0.4466698095041587,0.6654366859593843,0.35588763576205384,0.19183039018819406,0.8748406586463284,0.23938705947043223,0.16412081802542736,-0.3811085534453165,0.3170219947862541,-0.26950505663962726,0.5502744533304038,0.4237688672392429,0.26027816927865843,0.19032761557989844,0.3341237133354845,0.08406731809167324,disgust
-0.2512944022728349,0.5608480965700506,-0.021759184110699104,0.3383389633953884,0.21668752713777129,0.6397292070302607,-0.252683346174699,0.2908629957121879,0.10456815225242187,-0.7379661780870399,-0.2957123144747212,-0.01033191501694053,0.008054972253869919,0.4096154658635348,0.5237444848302848,0.6113582008305852,0.07485765041245727,0.2815276780364467,-0.010318275042889846,0.11878382857445083,-0.026834220721421304,0.043066200991040166,0.06520830536436159,0.38947436731895735,0.3747301272148529,0.13539906103527874,-0.1733792159130662,0.5278822832508875,0.35902673780290467,0.04069846973850405,0.2920539829364417,-0.02726139598444116,0.006853478272743657,0.026914484783634868,0.568754326367271,0.795566087977726,0.3296735283158847,0.20516988155520882,0.5601325996320126,0.41039027141575535,disgust
0.345718636655388,-0.07118237348026973,0.4405607548493006,0.4314313163779271,0.26621522600294134,0.36284716378552684,0.09831552397788558,0.14157277292432519,-0.013401688339986895,-0.07209141734008767,0.497211407059215,0.15987758248383832,0.43497939194075114,0.5971878144805483,0.14750273266499117,0.30552272377373135,0.04603617876490346,0.1124660346463562,-0.2412818116090512,0.21473721717768954,-0.004553359182188993,-0.255860696763851,0.2733725768481008,0.01433341721812531,-0.010148230062160868,0.49269929794054174,0.3726032025443332,0.09676982930885633,0.351097832313469,0.18195498278897332,0.044232358204671945,0.24759971221782895,0.11867555882859304,0.4543301531489629,0.3384391467654475,0.4278605569785959,-0.323647586344673,0.28218609310178205,0.7758178968358496,0.04463518665889535,disgust
0.15488147957147408,0.1845437629192568,-0.08468309302953042,0.5370208695404639,0.8181429918112564,0.6708523334329195,0.08279261851868513,-0.17979405355418937,-0.14549284552663894,0.1292896923739029,-0.0315433051726369,0.36878072398320916,0.35225973731830207,0.05185840645164247,0.09991192937251839,0.5645127144693072,0.4797568364563721,0.15972149991105028,0.42513252149233094,-0.0189016101767647,-0.07677078429875006,0.04535214049812389,0.2948410792177101,-0.3082600669446999,0.3874102563172802,0.4254891434520744,0.1499918874969206,0.06724492789818134,0.4815865430988507,-0.04974224975232511,-0.07428716690183745,0.22436244273210498,-0.2652892467480827,0.7595870116945505,0.06461474468277932,0.1826734283366164,0.023161131537249913,0.21335313039528012,0.053668608684724284,0.07000917723934269,disgust
-0.062023967134254926,-0.2654336125242811,0.7031693965931312,0.5919736071819564,0.48781367282266996,0.335160670913734,0.233089349826347,-0.15761791979697545,0.758509335741496,-0.02735208594601546,-0.057283572396720966,0.8717377169562853,0.3132791943776431,0.40163489612659453,0.04002193237713428,0.10168287892419715,0.17970125934663622,0.09681753774892954,-0.25685646754474145,0.34094113815577365,0.08214702545303668,-0.013352953342583879,0.6411508174214212,0.4521560629135678,0.20448440478388974,-0.05969751256901726,0.23334149621700093,-0.05197205204831265,-0.10449849414200371,0.3224588617829368,0.37816174664990954,0.09171144888620134,0.7238057986927646,-0.0731623713928333,0.02685966381575583,0.19757753324613406,0.003367210842699697,0.22141129496270576,0.23856317583158032,-0.3818519851756993,surprised
0.54664331908672,0.20827770192765077,0.4058470899023707,0.20990199684768834,0.04962502626220519,0.35858962256404414,0.20080221305372936,0.0818692061620945,-0.12991702405083158,0.5164886220701833,0.3417276349371068,0.5075032309779595,0.43570164364989206,0.46382688893566715,0.5852457862796077,0.4311518697891006,0.3402702408570646,0.045617839404273164,0.0862103318203642,-0.1370269638439762,0.2320824644918203,0.24137933366505399,0.2088543503661288,0.37271869484744424,0.2837553759940265,-0.03957382859658795,-0.3813673131766123,-0.047196730169959095,0.0733618200256502,0.26256903715522945,0.08653829725798035,0.06840666168332818,-0.05036213527817826,0.34356142013858576,0.08236709986881582,0.25424904892055145,-0.3304496788021355,0.3527315867698082,0.04500046121745921,0.1593094154955852,surprised
0.24891796348814,0.5082670354172842,0.6045688975603319,-0.06271068714677672,0.17648707515042725,0.3068804501449095,0.2242154767839456,0.07137278938708824,-0.1903900996934125,0.22422899629760062,0.19839946782340412,0.35681729243258414,0.7162406135444035,0.35913977988518353,0.40457436234119815,0.5290998082015229,0.3078891836749841,-0.30029928637504044,-0.2190541279777177,-0.35059930919510296,0.5399522003424978,0.3334226265102418,0.2766070041889655,0.3456523195114183,-0.03284889803833521,0.27472917231287475,-0.18382545118556767,0.23877588759780946,0.1332006496551345,0.1642963890359593,0.4439846278490992,0.3312230979342847,0.40078563938643064,0.6459950969941353,0.6475164804396925,0.24396151411445544,0.3753623395640121,-0.37212901124944553,0.12802600229855768,0.20963625110483272,surprised
0.09690144517127637,0.4676609547120434,0.8859463033856996,0.5312245579998951,0.6025185017196293,0.5447928057135513,0.41527185316326687,0.04058610767839796,-0.11332344456401774,0.4107445294216947,0.46880450846464294,0.25149379445594455,0.8211292435115858,0.18836552918527058,-0.004550685673060689,0.1582677099716012,-0.26013668827526115,-0.01712550170500038,0.041571592159886234,0.014290848288811886,0.30151579693286207,0.07350829993722338,-0.14041381913027648,0.5779414692010217,0.4977959717892352,0.35423408701231174,-0.05338974509532754,0.13491263679056775,-0.00580862840272825,0.48239374604521534,0.022632026298333274,0.4732488903802242,0.30249647400136503,0.5288813041198477,0.255211920588052,-0.32484360328649564,-0.04483097289286744,-0.21245391968684776,0.21412537239357432,0.4332531638192142,surprised
-0.0745740974991759,0.4466478470862626,0.16379393091656394,0.28444743201436407,0.36756947601437073,0.5049767442030676,0.20431021735525917,0.18563255859644232,-0.07861423121538672,0.09297470132198694,0.4066075926210114,0.40632123101907447,0.4599987111060351,0.49362020024558284,0.7089584623578715,0.5122171509486568,0.41847933212099153,0.119288995000709,-0.1310197489748531,-0.12832775370521723,0.32351411815958536,0.14468076267994548,-0.054408162514455544,0.30461724851978444,0.8214976325991054,0.1500553259210767,0.0886184515104948,0.011109655040625166,0.12100217724520622,-0.13354439201068072,0.3845787082203972,0.6031278071034285,0.4869792256492135,0.43215026735327233,0.25128094184480726,0.29841012252264376,-0.23954593204630234,-0.4523171800944673,-0.013815239152930897,0.22119115280370463,surprised
0.3774250526716492,0.1635304262241576,0.4610364808047631,0.4031667134198575,0.511559232687893,0.09560187746820574,0.2476526861206004,0.21317307840669877,-0.02233785060026508,0.09609745548484472,0.14505912570211962,0.1953162101790943,0.26864831303561754,0.1335874758324904,0.48048486057245077,0.2770036178655996,0.03917354610149962,0.05116859873417856,0.06929300523215207,0.5292859590763631,0.5037714043058835,0.3079354686363639,0.5934098891086412,-0.02400752696804248,0.15100384419366758,-0.04354342238682615,0.12926138449206181,-0.10993829698756921,-0.1142049935674441,0.012001823096001257,-0.036062789212862156,0.07916328785281443,0.1774598676063665,0.44383873707148913,0.3012681691766633,0.2970462064523811,0.4429729868883576,0.2507653772820987,-0.34475938171450704,0.06728834445312626,surprised
0.5904886324157774,0.3791569677818264,0.5043524932566028,0.45949907230428577,-0.011030772133390515,0.3042699484942034,0.049707645160896125,-0.21924144400981613,0.12898720370455186,0.5445679825830677,0.20529452138532034,0.04951250228406667,0.3858164165837548,0.17084094765839417,-0.2960118575012002,0.04919908782565849,0.1547430718602159,-0.21677456686109167,0.027250986006425698,0.11821506677092489,0.16601012846050978,0.28098174091439676,0.3353280016203937,0.30078077606783227,0.22784985870527943,0.25942575248451094,-0.08034562225480532,-0.1886309277361252,0.18824388139056025,0.01657435029819382,0.8257073161445511,0.33227608431931155,0.8917443224709771,0.4073426639924753,0.30370647088619784,0.32520480576442334,0.12958875600916744,-0.010933740520986418,0.009203873638691962,-0.011154599365561596,surprised
-0.019989895259472895,0.5394647006461296,-0.18453879097827627,0.8164941055714307,0.5461436427001135,0.1200073256222631,0.5011835912489543,0.47243974833406777,0.3022333668600179,-0.47067850271594813,-0.24631917822712432,0.5126189127577787,0.11648742310786467,0.4796046675442369,0.18498470620557714,0.254037829560356,-0.028145242476320137,0.006659022859773767,-0.37299170254521674,0.12980027257157706,0.05052149347580956,0.6220248165519362,0.23734932134896713,0.4664777131283645,0.3911513334262261,0.08552109032698293,-0.17582293063443064,0.035003009309149735,0.022073553813575786,0.35584579350837425,0.0643041117742488,0.09322136582653182,0.5631350257130476,0.38918971357645116,0.5020272349665875,0.4203668316102688,-0.44436753337502166,0.06498337289393236,0.11203588274878191,0.21351487531939214,surprised
0.4233792914119898,0.788795210805742,0.3415476867575192,0.34876670192020187,0.46086818287676834,0.36109799356090727,0.030504281471901262,0.20866818175593282,0.3456806825769977,-0.029368708409317823,0.5331222488711362,0.1464384701482194,0.7044942881227122,0.14628383667195788,0.06204620897943189,-0.19185369072480088,-0.04151444028461085,-0.02248873791688097,-0.012044690644645611,0.0336115492667389,0.18998573274059538,0.22947152798053697,0.2913830376330808,0.374233199596417,0.0952965646393241,0.14377792897456526,-0.25333825940978305,-0.3414050456458475,0.22612999085094013,-0.04352927665300202,0.2991504794348281,0.11778905903646028,0.011776455040855643,-0.01907680749311197,-0.01879195691616431,0.39035254942404807,-0.1807268725039992,0.044661209408816044,-0.03612413542953849,0.20598490904383943,surprised
-0.11746199371110391,0.5649684839987928,0.42064640230261885,0.25400217197346553,0.4825264899930414,-0.21298947975504898,-0.12971618835145113,0.0681514951085497,0.3834068008997654,-0.0371336560860297,0.6554337217256361,0.6139180633442708,0.16194148408936979,0.4804736412239865,0.5372044711334607,-0.10300643945321233,0.39161331697777657,-0.3975572423404763,0.3565416741625682,0.40095565365032815,0.6551950849843494,0.5564127625474236,0.4525833347893974,-0.04837746495928483,0.6668445778116866,0.2677842933210389,0.22044032833165625,-0.15273715928116469,-0.5045877741891135,0.27471007905479883,0.062330883280355825,0.3603262049264304,0.5211168784031278,0.0011487747767678358,0.3144848163719079,-0.10663367832583895,-0.1403037232194799,0.1815882374416356,-0.29334583651134916,0.04606746398781203,surprised
0.12701783770028197,0.5558134060517893,0.3573647164437035,0.5368087175611843,0.022335060732687456,-0.19941879447026653,0.013449933845983891,0.3731291941121402,0.1315151167299703,-0.01462905682560664,0.062438225448965656,0.6591835627848327,0.5390754829467707,0.0056270353429905,-0.21990986879796712,0.6124301498539696,0.06906476050953617,-0.01084553014512843,0.10929135815950822,0.10056529779208306,0.21223781643123452,0.33420914583139133,-0.10579307459560536,0.25816984226809536,0.1173179710752621,0.3693473901174006,0.25277273361084457,-0.10724838795513222,0.008956531186778027,0.17228721796458485,0.761848458747027,0.6283395253260183,0.21565159957158622,0.6735191656891246,-0.02860510658890661,0.3562182905447755,0.023663505653659933,-0.2954485407230849,-0.04244887384410853,0.13922263300832677,surprised
0.4494824456957895,0.6276647710397827,-0.053277566450064956,0.25205396077419856,0.557550623487448,0.2936160820859555,0.18018288972305058,0.15035850240283194,0.19248669525676612,0.41282158723615214,0.12182270191613842,-0.22032591942568577,0.5033939345542191,0.20132710235472018,-0.1449869817724269,0.14962206134993805,-0.15463458324650395,-0.03155559520421694,-0.48567361706303647,0.25000128853606257,0.23328512832522583,0.39399439811383175,0.2029123003927102,0.13888828818228843,0.4654730543583103,0.2606622561336649,-0.05484392988091133,-0.3121761133303177,0.163242563066265,0.02746331415225406,0.4825592619049124,0.19108819093423374,0.4218807972639781,0.4024284841350888,0.06340087395531435,0.20666203722531418,-0.34090697771763756,0.31084631893804615,-0.04086897773183687,0.07778928903612656,surprised
0.13714070998332858,0.2135596869637195,0.20115807460566396,0.4149682874062722,0.1360956353060834,0.09167435454897367,0.08919209803488656,-0.06531702489922511,-0.19539876851940705,0.28202309804421527,0.6907611809863208,0.17938742002952332,0.5926263033639569,0.18137785588108793,0.19367980262080506,-0.13137761125135958,-0.11526709191428217,-0.20290305809370632,-0.008264297426027939,0.03739221409719032,0.7746680931949627,0.1340983966832378,0.5329579724896255,0.5388931442911327,-0.19894400551985156,-0.311371994953327,0.22140424569922476,-0.3008642561642094,-0.03727087499063447,-0.4919609891132719,0.014621518494226493,0.3047039618155366,0.655594173917476,0.8145777893000957,0.0515069544184609,0.4348320535176182,0.000701608335846704,-0.0599610245566122,0.01580170560039204,0.1317705635101928,surprised
-0.18054384470453186,0.29133899646537714,0.10683385127329198,0.4609214282753149,0.9587356054025485,-0.14332854938038372,0.4617126043841512,-0.2782722876990493,-0.07080827954539756,0.3492445140980982,0.3481429369564059,0.626889840148103,0.7194399827606414,0.29714176123738445,0.1418569033776963,0.29813223290627155,0.1618151421332723,0.409229970883654,-0.4935198565986928,0.3795791746137728,0.3785577440902406,0.2861833025707771,0.19546821536848294,0.15557106835619328,0.050574630379399826,0.5090004366671447,0.027376805999773574,-0.06956363066356105,0.06369026244510051,0.30012811158154895,0.47139593788619083,0.3725577993332324,0.34190097898828353,0.13879044229530996,0.20087994069556125,0.05532088958304787,-0.1423430562002754,-0.07225219662940688,0.380537743249625,0.38945998620790334,surprised
0.2647956139895715,0.6084633931025133,0.4183673510355591,0.6662516021327586,0.30019862426714555,0.5338571865883146,0.19661630279547673,-0.07410275756743576,-0.2734322106653545,0.13717417335909954,0.26432870725316854,0.07567479951302342,0.3434508762114462,0.22471566093441514,0.34240981749571753,-0.1633632227393048,0.038219072808707705,0.4645976107629626,0.2696831668238605,0.1282083849712216,0.6346770003915921,0.27033457965199703,0.6007889268764331,0.42726070656750503,0.14083429866769318,0.2409133248145705,0.6028989432207895,-0.20981800950909954,-0.1618404237360481,0.5813706549834191,0.13370944548726071,0.3512606522534594,0.2828703045516132,0.1487630446105613,0.3328154693539733,-0.15435916463775098,-0.24154310392076286,-0.054761256792376395,0.21168902687441632,0.5494836944716224,surprised
0.1914305529644735,0.5438113470146435,0.7261849363906211,0.500432247819649,0.5120792727486995,0.1330231312215165,-0.32677516206912915,0.19428594918646697,-0.25928105783337685,0.2437581145566438,0.029194859100942577,0.05510715882598405,0.367856514047568,0.06107982202312087,0.2962374382504713,0.10362572099354972,-0.010241312802293734,0.3715350213323836,0.2334060403301668,0.07641680328231562,0.46205764873820543,0.461112525920473,0.31775042004253284,0.02463684237244207,0.06894810021401068,0.5995897775287353,0.03799180009021669,0.13808248735687761,0.47380547240174753,-0.010877906690637235,0.5577492630009657,-0.2456726296665638,0.14215744514680403,-0.20283224960939591,0.21149563517566475,0.09575497974800078,-0.16920569925306458,-0.15297528001725544,0.7979230169340719,0.2987214123321846,surprised
0.328695324553276,0.09976042103597794,0.1970387233224552,0.4343946591878036,0.2265056090018688,0.14011212204756512,-0.005940372342024547,-0.42382198868511056,0.10914276855867155,0.15951648914561278,0.3670611143573048,0.5152811283580947,0.8449674211206896,0.274440603956193,0.32789236974859015,0.4861543316754038,-0.04683092252970214,0.28267769247144525,-0.08543192634045857,0.02569296568641974,-0.003287860507208612,0.3304167270160188,0.9101062818503696,0.8066251053997701,0.27070083287654884,0.24934657235770963,0.3110089475628367,-0.26004744241849176,-0.04563862144510336,0.12222194967474283,-0.16851738449212314,0.186658568605686,0.24218569022343062,0.25047913410288175,0.16183429378069908,-0.46931854027694353,0.11921105518009706,-0.11844209466743136,0.1912422786369744,0.3422959734169315,surprised
0.15167021277004694,0.7552717858191136,-0.03363699437267531,0.36937255530112995,0.3192694608899064,0.5305851980391225,0.03608184488271235,0.13113777866312504,0.058436729107102375,0.6051885808394794,0.1427522500771747,0.11653883252059158,0.26907805693734577,0.46962656917666623,0.6235371133459233,-0.43778839171094297,-0.2805796897280807,0.3429103500938352,-0.07634214006902848,-0.052517913206748784,0.14223871580977998,0.13811374506937482,0.1279806943516154,0.36878320065258674,0.05043712511758763,0.5391981930631018,-0.598790000742429,0.12703407065072397,-0.1262382572989106,0.5764317206826652,0.04078346365787294,0.49745846353475776,0.7927007584544232,0.4641689018501438,0.05223367186573136,0.04033737149948852,0.05444084723256279,0.3646893121263123,0.10791871177872245,0.3469304781897816,surprised
-0.08172080838164211,0.32858763802485597,0.6950448550717082,0.3095664944985078,0.17907133657084034,0.08256564148403214,0.34703445253935666,0.12417393218113643,0.11151265301393659,-0.08090799896028086,-0.2129185200445086,0.5991742138960415,0.28255993666348866,0.576606556568567,0.3991324477255025,-0.0009865593717306165,-0.23564341619520476,0.222437320424284,-0.4992810466117603,-0.45070804187485725,0.6431930525228549,0.15048940219280477,0.4362229999185525,0.6106977776011799,0.7580604643639682,-0.138771315974327,-0.027313547488276607,0.21724127517895733,0.04335985548373142,-0.039438169808510004,0.5182475319175198,-0.052825064863324306,0.6303544975455734,0.3106483865554813,0.2047446884743526,-0.08990077112372705,-0.05992236178885815,0.2574180811569273,0.13085970048631315,0.4676805991681101,surprised
0.3332435121497322,0.2135270912835957,0.3124647656878833,0.387343246218756,0.1831464996766002,0.5193732688656137,-0.23147280880551732,0.4184181995862364,-0.16589998082149202,-0.12564235038235597,0.21297941151984642,0.011536771236710597,0.7994620338265145,0.7679018393412385,0.622220526490394,0.5783499298254817,0.3441179425621207,-0.4665391454224679,0.18992907969598413,-0.05314061922704047,0.4653341487082545,0.2833277404071298,0.2766594162412439,0.11414944614341127,0.3795756849402745,0.3825660418581702,-0.2548849198317471,0.08274282138251335,0.156299670568479,0.1283865614298119,0.2317471909503679,0.6632639067933112,0.7115617127933915,0.5037553333219558,0.379923922853052,0.2706430408981665,-0.1424306265139865,-0.02005968379418846,0.07820267926560431,-0.04054580312182607,surprised
0.3864309923563812,0.7773866185907613,0.8869481969299695,0.3205517630032011,0.17885785178006772,-0.026627150574692005,0.22625443527487815,-0.025432579466092314,0.2966351634556985,-0.17514943517453177,0.2605467609199138,0.1841761483095163,0.45215565890020726,0.3086040724295581,-0.19078015569327736,0.3459778219485614,0.047798292324207375,0.030827838388285428,0.004044219020568979,-0.10877877723468546,0.26069985263567913,0.5475804859038078,0.8028981538861241,0.39800936075684423,0.10521327106038991,0.4026565695277837,-0.034202681760852144,-0.06644708876136898,0.04368937205546661,0.31035457315934145,-0.016301954642215954,0.3990457952358306,0.3735762871749836,0.21605763570096434,0.6221268091936358,-0.30500531103280637,-0.0043647630730355436,0.04794642794172413,0.12217017076247128,0.556809938929714,surprised
-0.32650464864943374,0.22766314458598483,0.1672101190121054,0.029218511296332628,0.1494000713324937,0.27502764066112906,-0.01226196081233591,0.4725293089469049,-0.36526096421306964,0.18107071174143768,0.2984937927505807,0.36653538911636413,0.5492643854725863,0.30596328932208766,0.3977703109733258,0.08731872552121307,-0.07841310128708831,-0.22965065136045124,-0.07140870567489041,0.31129892861726705,0.14124267901347254,0.5408427508507199,0.35283349748998094,0.3539581796614995,0.5664313404115551,-0.16409962387022112,0.007852031495092476,0.22449108759023445,0.1977053912806625,0.2649452493348203,0.6394614792598907,0.2769806138469708,0.4319186088147907,0.7716720144431816,-0.060426525669022596,0.23679523009276018,0.1686022927035844,0.09740050579006557,0.1955277123413161,0.007067167943197644,surprised
0.249530279834562,0.3042513116038528,0.49675730585413536,0.439943162021751,0.7719681585154046,0.4432813955578513,0.6007576563382838,0.26672057220990664,0.14219888788423035,0.30671867636905714,0.5734466929426959,0.16716725409119285,0.05362391647240075,0.043388095665763654,0.4828686505474358,0.08779151486132152,-0.006676512414242192,0.04688565241991818,0.24791064665669396,0.06005841414258578,0.08479045577730529,0.26275518859211444,0.6031945219640649,0.32775949056628284,0.4117336602023276,0.3864176088475069,-0.02016032984348884,-0.1804252428911793,-0.22603396675077816,0.05528741144057989,0.056188926215194474,0.4433645607470924,0.09272704775378351,0.3871297375070316,0.12764128450153883,0.2961398056618674,-0.24177548742388175,0.042000813919002566,0.2633819750496547,-0.17789430052172414,surprised
0.29368044176140845,0.19449088161368172,0.17580638111160526,0.0273629482552597,0.3278071770031967,0.04369779394949794,-0.0186699596900132,0.18789019352034858,-0.7139801377600832,0.3269454355905542,0.7881051497133836,0.32976283143077767,0.3041461708215182,0.348644188518591,0.4980462207818811,0.7513076847392826,-0.1530162637808988,-0.7400821155586366,0.10962843593908746,0.11820253566259681,0.22439791669975065,0.3108821324756047,-0.1317992281602157,0.4305773683584749,0.07156068935683899,0.19199639698407567,-0.09164115114764074,-0.21935348529772056,-0.38985343683311824,0.5060207241550843,0.2726478380738707,0.46586906793813254,0.7721451405200207,0.45504124201086993,0.2749141381712614,-0.47088705705321954,0.2916060092840759,0.22267392086005047,-0.19428253237195134,-0.1737689833099275,surprised
0.29239372334598973,0.27692206932816826,0.7432525871285314,0.06266971435402818,0.28819654037071607,0.3386823362638695,0.17546396376591672,-0.3007403267963571,-0.33224958348436573,-0.008817078323640842,0.7508128451196788,0.14473391905620592,0.2842079208041184,0.5825646300659373,0.38734344927743536,0.48504970460544616,-0.1241403485019246,-0.1648845580209339,0.2338338314284362,0.07810439245194067,0.2577033189971303,0.11264128857069736,0.2083562110765149,0.16072516648909033,0.09183502710103192,-0.05428890665836725,-0.05419574078267822,-0.0862845110748088,0.31484341006652405,0.5962797757496923,0.2088630572583492,0.7587071660756619,0.512388251689582,-0.21624897769475812,0.27965195260350884,-0.2604536967177229,0.27696708413411586,-0.12222242079494275,0.4608992842992504,0.543446777558053,surprised
0.07788994731481125,0.08021565407217449,0.6514435875148219,0.1716786294533547,0.28463899371606544,0.42296371358649065,0.035531767978394885,0.17751337393553587,0.48979752411926214,0.19095253265529394,0.4030345950997716,0.2031864460114594,-0.25474692283902023,0.41266343042361175,0.28411935379452946,0.28521251419758925,0.05635878972811856,-0.14691347746339342,-0.10928836747256807,0.15652450819217467,0.04697980314330638,0.03131995317392475,0.46351968213694905,0.34924167310283916,0.3871830562272326,-0.008878039600236531,-0.006015823261516479,-0.22216288402610637,-0.03928295178888527,0.37338617250256384,0.7113471976632676,0.31316320657238766,0.5061283721429071,0.15515723269247955,-0.1377192752538162,-0.04306604400610045,-0.043475471618242806,-0.06564357133399593,-0.11343327583113147,0.2446077816502722,surprised
0.47682867331044665,0.19090824369849496,0.4920234373934651,0.528418538378898,0.5511882384048457,0.34540463115187614,0.31072984580567453,0.02487791139065787,-0.2869909828964812,-0.15220359850203433,0.12704581920939337,0.11213081671880515,0.21725498833585027,0.3287119075856849,0.2744921219504769,0.055472793218034805,0.13267560030895503,0.4709798033514888,-0.19888876166472344,0.007752150769079286,-0.013794650756764365,0.6410801544258273,0.6155460098672928,0.03855758490226263,0.3674079132507159,-0.21058341394065636,0.1249829206210127,0.011008615778173803,0.07578411009785824,-0.2536475081263889,0.3446384464940133,0.4322923946472738,0.7206428378373666,0.36993203664625385,0.21179582080015116,-0.06916397568397045,0.15050876065615876,0.2131352216497363,0.2694890859581542,0.4267125251050281,surprised
0.16948166961656724,-0.010683562676931518,0.42006892823655717,0.7478511321628328,0.6171164887834157,0.029542055171992515,0.5759786886340703,0.3482319339853539,0.23338795207250215,-0.11933177763152811,0.40891079606478864,0.585116023473178,0.943807821905919,0.2815064537863683,0.22544969059680536,0.4543371828702807,0.33718791280158067,0.2294755993932921,-0.07231021590759931,-0.002837131153896527,0.34111006165898095,0.494118349270397,0.6353133736335926,0.19527027260075325,-0.118843533833656,0.40261418671308724,0.019540451712689727,-0.01702122669628009,0.30316779351024403,-0.16437096264483866,0.30326678612421865,0.311216003302648,0.5223580877190787,0.3377410606284814,0.39408781146403693,-0.20303409887749022,-0.07579177256533229,-0.1882990030457433,0.35588461972164503,0.5233373518664645,surprised
0.23652845585719526,0.5055709565642479,0.35649643385481977,0.24958678047008953,0.6551358215686085,0.17728432798690796,0.41347323935668895,0.6022425756639863,-0.2461480170740634,0.26664769506836516,0.1719481893339456,0.45979040439803653,-0.14304508163950444,0.5385398886831149,0.08948071986962126,0.24281646445385774,0.17029416181445112,0.22165236823476206,0.058791004026826105,0.23282557109028232,0.21279791561020114,0.017306479794668678,0.2709479849140207,0.2544335712788786,0.18724817036314712,0.17877044862333008,0.1026325984098192,0.27918477121240504,0.5552958183566206,-0.06322653023651806,0.34967282874325634,0.5067418763782352,0.3565895082418775,0.5178495208972482,-0.30918415959154066,0.27557281449236815,-0.017245323421943515,-0.42902469569723456,0.03682700219962279,0.6877452589965584,surprised
0.19415764646072958,0.8404899654675446,0.9506619011278662,0.48069317665998157,0.25528989950328457,0.3750590716386647,0.44407026437353747,0.4649732263006303,0.1275873003171473,-0.08014831944342479,0.6281347190322162,-0.07365995783064114,0.3691112986854064,0.4148738384762763,0.4269035761997211,0.03168158460604312,0.10778682054020834,0.24721486290556927,0.07204593653175229,-0.04141634242203421,0.48086831541856945,0.43139420766899883,0.1873838406951301,0.2067050475657339,0.7320963298819824,0.10570731365307334,0.1847980459307813,-0.08937007566761349,0.04490305337748837,0.18334548983365206,0.19679791540084188,0.5938147302367116,0.6824093397881958,0.5594800254424221,0.14535259970901404,-0.034730232430462166,-0.4493281377223943,0.29805685358184086,0.030350416007046938,-0.07032516670486191,surprised
-0.05424202006898901,0.5415933610999422,0.348788723200376,0.5980507984788541,0.378761381211277,0.4400365008589796,0.15669032264073351,-0.6687494139377635,0.3776746639948104,-0.1817350861091818,0.6279565567786272,0.4054039922796594,0.23460600988452027,0.2730127846587966,0.10259450719814016,0.2687251201104791,0.1970356260243154,-0.2996070382904449,-0.3904232151318435,0.47678382064119773,0.3825974407480023,0.06539326179106594,0.6734859057335393,0.6725950847938402,0.39094556868033525,0.2739625610863049,-0.07903258582075309,-0.6939154303204726,0.25883771995038374,-0.002827378336414915,0.8094958895729174,0.30470344607559025,0.561014745608368,0.16934216770740418,-0.11661772750691399,-0.011279230140881086,0.5579597029935405,0.03787983071936041,-0.38287281146967234,0.4806208572029895,surprised
0.5171294131552897,0.1427076485903938,0.4428770085908543,0.4097198316018773,0.13875274127158527,0.22914460843057396,-0.30230233971075837,0.11583510227206514,0.2896623821942159,-0.08236478445467096,0.4199068636926999,0.5575365119046681,0.5612347788860994,0.7545727396409014,0.3002273561781179,-0.015269929836422252,0.26277211942773404,0.15153828333138167,-0.4787654167407114,0.1747319369503018,0.09523135754643149,0.2909410472491064,0.4430652064727406,0.755633987032362,0.3707010363719185,-0.027131447846206802,-0.09470420220519657,0.07265701379318984,0.17529355951100012,0.8647721274603777,0.07548767052875144,0.2593617831981047,0.6561954067242586,0.26492374206338254,0.2803392094170283,-0.2906693449573545,-0.37473693520635165,0.19707179963706956,-0.15345719911565356,0.409368388671168,surprised
0.09933975274674217,0.4169235420986761,0.7071478711175399,0.20710896631225392,0.12966570105214206,0.48795811235797104,0.0902766365052044,-0.014251340757014591,0.2600695258435646,-0.11901794462748619,0.2418188979513913,0.04872292916774523,0.08609802530873076,0.5543778893951077,0.5975540475340605,0.21667763935053336,-0.3012997210906845,-0.014165779098493952,0.1336332018230871,0.1464584355969512,0.5696639045804501,0.1768694092777138,0.4946335062640558,0.2846504595637096,0.24287596230407726,0.0524494238027316,0.16509109868696395,-0.28354493752755405,-0.0034316873767206157,0.26964419887598784,0.5234687522966504,0.6636854161676664,0.4581935952675665,0.6324042891593494,0.5485606039174004,0.07868657641799595,0.5182684323046111,0.40470686605347694,0.024451872063443986,0.1863173569612031,surprised
0.09963651164068052,0.3073967113045031,0.4956471061107913,0.47091900697061584,0.22426853384790388,0.3209330615626924,0.3829702622265563,0.24431536399180623,0.19937025621324178,0.040848996331576654,0.17350199485994183,0.7726576054574602,0.42643166090420925,0.2020996157756441,0.5188808497805911,0.5766578585685932,-0.3099533468535134,0.4249532848018708,-0.19034133053015365,0.3661512710190316,0.2990390536645051,0.22989492448676277,0.18110174962327158,0.11887837049812405,-0.044414093848012176,0.04552405983733668,0.2923459578863773,-0.04607021737428105,0.5498666702137961,0.12265079563778955,0.1368576611519975,0.3944041936625659,0.8195157843948552,0.16607911695543504,0.2293884662528473,0.35745391790438996,-0.09531077155095133,0.14936815084880994,0.05270616225620384,0.164818239269574,surprised
0.18199765620757474,0.27291811144802286,0.5925995920014479,0.01322608075326287,0.0045755959246107925,0.07989256786388324,-0.29849732033583964,-0.2188257704303039,-0.26880819230736797,0.08644844764357856,-0.17636805679184234,0.2799103806679407,0.24480958597355076,0.6330423657624692,-0.11021068466550535,-0.24970779272800633,-0.3387148162211079,-0.27436264179174896,-0.187183334258859,0.2837026885966416,0.06155203953004576,0.31060049103826,0.3634784659985312,0.4863490905580037,-0.10163868266308809,-0.08574629603284964,0.01509211874946631,0.3292110398677104,-0.1166428421719575,-0.02143979639552862,0.46519743607711217,0.3946324015574141,0.3891630373756547,0.7725262910722009,0.029414255763177383,0.2723089373309958,0.4747064315555768,-0.10678149382508464,0.6359565963957104,0.37648102224575275,surprised
0.2802583654907349,0.6787160754214158,0.4480358880007259,-0.2255446693591668,0.37420275630603006,0.14620837167836737,-0.28714316354938063,0.18247131579148346,-0.11138139782222026,-0.10493228619720249,0.7750775136103453,0.632613839128228,0.7821417122152554,0.8170134562736802,-0.03181945445266157,0.617467365821441,-0.2004629308159526,-0.24693266247138693,0.12859717560402292,0.060067240694084506,0.6931869878478624,0.28553530626352475,0.5686529943465902,0.36032665088210747,0.07344815370121383,0.06505532457083446,-0.06911761777482497,0.05173297857905476,0.03015123054100613,0.3870191159993501,0.23439753296122892,0.46103873562287323,0.8085567939748719,0.46330022982902197,0.9107677815011859,0.1344756009080176,0.10348984542315527,0.1700710074092567,0.37862664814773805,0.4039227573018953,surprised
0.20624815864685658,0.28607206940362156,0.30886395836021907,0.4016133547632261,-0.0530996167234257,-0.10294812535610684,-0.20193772686509523,0.3665255761457634,0.09596834619879689,0.37233631600205364,0.1879833527877828,0.438015974665253,0.20876926995166936,-0.0912680245355387,0.22803192525203525,0.0402933570272859,-0.0958035665437392,-0.329717911099096,0.19025773527955164,0.3388801102744312,0.4067064173602022,0.6399995877432709,0.20825798318038272,0.5106587058155958,0.24272456639657394,0.013692811566121205,0.04161502839528153,-0.2210609075983472,-0.014834894085890254,0.1732734027915398,-0.13023454416884658,0.7585376724986668,0.6445298427194018,0.5378142448741866,0.647403964581213,0.26763785916431015,0.1705348218711198,0.42120218813607213,-0.026353355749890645,-0.11575271166056081,surprised
0.4412068169639023,0.27271946045185547,0.6553162887388017,0.5590283497670989,0.1479243225732671,0.1799925632518502,-0.190255246569579,0.026593525013841712,-0.010247683055144091,0.31647713581524345,0.7050704991410123,0.4229396907877848,0.34322563117510485,0.41470285570696497,0.2698124902153256,0.053602931201613885,0.11674424697474803,-0.2612943166512294,-0.15640035270305538,0.20955370718643446,0.5073314471654267,0.5039928892283265,0.34534082826445056,0.6415524473736706,0.3394146671419551,0.5577001929082533,0.1640789302518084,0.01280430858862261,-0.22500024449025227,0.49241607835225765,0.5476798762664781,0.729908973598967,0.2757760695436463,0.0821967563334815,0.5646449229857636,0.1060727500117973,-0.571027021918286,0.18006547867190706,-0.21787530175546874,0.5572538695313939,surprised
0.4798961601206053,-0.14990838820853866,0.4875248777770249,0.39628713187885223,0.46983456133244916,-0.1000542231350516,-0.26932493033702654,0.23684127591330772,-0.45171329332101906,0.09434534371682367,0.3506786876049973,0.53715287583318,0.49519749982974015,0.9472748704699632,0.585352054412543,0.126030209116755,0.02301492999622598,-0.16715439371319493,0.095676750431823,0.6685036759833686,0.44940700854131743,0.3539220608977621,0.11932522843827936,-0.24453711543849396,0.24079433917809406,-0.05459839496251165,0.1303229045136337,-0.261124642645286,0.25060226304624034,0.12294485266812782,0.1529389977481944,0.46756523204194467,0.2906616144971721,0.33325660611341623,0.04482635056470055,0.21863317849059233,-0.3907139562650832,-0.0066164791265504175,0.22878684420436354,0.42398794016341945,surprised
0.3444758009079481,0.6504025035839276,0.4636952407414411,1.031469020903105,0.19016077278202642,-0.30310333307866244,-0.45930825932009833,-0.45144081518331824,0.021719565839681848,-0.3052659284156949,-0.12188830265156728,0.522411114559753,-0.03523139765373132,0.3962165700572102,0.4991793980674547,0.4483579892939127,0.10933168692510026,-0.33676548614030277,-0.2022983283134914,0.4966641027881844,0.6610133190362625,0.26578340603148565,0.6212877453653158,0.5474947653695136,0.16905789978127866,0.3864220548175055,-0.1864895379214135,0.15332853199524255,0.21177976605003077,0.13783478159144558,0.16087133427427905,0.7702438766682893,0.20686244321857836,0.12020671596302623,-0.1223186845785785,0.045056061826492105,-0.025741679366817732,-0.18545028588715048,0.3646602106348945,0.2390884325682766,surprised
0.35324238320579165,-0.013852684706805868,0.3216579118513657,0.7838928417398433,0.5791054094767574,0.3103249706270538,0.36399077842430455,0.19891831727521098,0.11002212797242848,0.2224353822879906,0.3670702574880913,0.26133397227604627,0.8510391729460751,0.9900700172248313,0.3388429997030889,0.16491958844811933,0.6498147893113217,0.13473181175888088,0.20376550322968848,0.27765536359474097,0.31176943188636075,0.306441742630696,0.6230787786683334,0.018176035855190786,0.5373324150806116,0.5225498291613844,-0.0011041768107206418,-0.06401151298252247,0.5724747037596892,0.15490384011664318,0.18493707179803553,0.6429455567651298,0.15293002163900413,-0.15373300746971527,0.24688855449925035,-0.005930407507266616,-0.15143719317009605,-0.14616623666058096,-0.04467913768870732,0.15423669251769295,surprised
-0.33730452212043194,0.5425809376842403,0.3367524626371156,0.3214300046343018,0.256979797048572,0.4149538026814772,0.16965359086201398,0.5824262347962146,-0.49140524205690483,0.3385919167347858,0.5006923699015291,-0.35144885151747784,0.5647458296130345,0.3686963330236347,0.2690662586259911,0.17312827583833185,0.16732040370050497,-0.07219088238779689,-0.12182913262029257,0.4004005525998673,0.2858980417741698,0.5961468741150266,1.0872299799808005,0.038521250895518666,0.04581278388373919,-0.03438508186280079,0.02187766361847579,0.43999533168505767,0.18792483252808456,0.4618027469007574,0.7865150035106249,-0.09534050921498463,0.3278301223123724,0.18212118406387645,0.3412922955182829,-0.14488211294637018,0.43847046598257855,-0.09824609684636307,-0.09327108876853449,-0.042942213544281155,surprised
-0.10951641632759404,0.3271681252984366,0.261855042888282,0.4830136398020559,0.204053867685359,0.31552469949872775,0.1370543616418972,0.29350645444025814,0.21861430505411383,-0.010244726330166293,0.5583569468838018,0.21900851268255858,0.1896153685089814,0.6090749012026968,-0.01942817741065697,-0.002506017543270317,-0.3200736254544472,-0.3586209547420499,0.122804188828893,-0.08080513121391489,0.6943514705778152,0.7397282412461823,0.5003867459072474,0.2016401091286523,0.25486542314226407,0.07008212929441623,0.3200601111618889,-0.4607508824588964,0.02551112571777031,0.19902341028864523,0.4047499395778785,0.5655097365620324,0.30878226785069346,0.497135636781031,-0.06780378922653699,0.38365089237506167,0.11759734856042396,-0.012222404213256738,0.3689557298936663,0.032133148865312766,surprised
-0.21161154037699578,0.45524808954386053,0.42446099372810187,0.3123840473811353,0.14667552121138977,0.30869502626198336,0.2963703420830489,-0.2142798313769748,-0.3193715929824801,0.28648302479468446,-0.02785921049940729,0.6704657181819301,0.7619912474666866,0.24005402833144615,0.8655470446791221,0.09772551162192897,0.0339859868276087,-0.01528796466798088,0.15702519529401288,0.3554026788662259,0.3611540667542908,0.20191911292301135,0.3306601379072842,-0.01952172522239015,0.004862619183662514,0.175157283184823,0.03821313885546648,-0.12884611065944138,0.1227182558042133,-0.0071449874465241425,0.2939586797779158,0.40533567374736124,0.6529659858010038,0.5971751868589799,-0.024129813620861723,0.006175867847487859,-0.41466934690040635,0.5142675762150667,-0.43928577305411565,0.19067831429549892,surprised
-0.17858941476418785,0.3404082046366368,0.45358978676994965,0.5462745521960262,0.1604821403108881,0.3667998408764016,-0.09802831966908696,-0.2239353290702126,-0.17314414353262067,-0.07843664100117895,0.656573213658028,0.5728053797771098,0.5624195114703225,-0.12183238052288572,0.2622106221395066,0.3176681205340001,-0.38726184032325073,0.24887499329750448,-0.2278359761050663,0.13879636611369994,0.331843489498956,0.3425049118393245,0.4012274364315187,0.4781236758285783,0.5449820972862981,0.5086674211722144,0.3740771608882729,0.04329770375727174,-0.4364081738655926,-0.10184038987310182,0.1805861268156544,0.5462998298181025,0.6985714527036234,0.24541953556251028,0.0570611232268729,0.12463309339165164,0.07171797176949127,0.1883937806864246,0.2792280520791995,0.15574291839772786,surprised
-0.4094251417149438,0.22379306184022124,-0.3406720129616624,0.35311961900265665,0.9862278691938502,0.4999795750161561,0.1668179968686107,0.5687017935868,-0.2328781652624344,0.21765625826103258,0.3750924722710348,0.18154734736301958,0.2651961965626305,0.5565849744903897,0.3515002829802496,0.019658112703142522,0.023566989319267956,0.17704450243146663,-0.00551149654036745,-0.0365287215655985,0.37079954418195626,0.3432545881845007,0.4423880885792949,0.07181595688797321,0.24543431831457121,0.03969003349372355,-0.3244749447272177,0.3961218965602548,0.10232831719684007,0.24051461574534422,0.5206087414859338,0.7396834630388645,0.6622817088582057,0.17416511757781947,0.2837173582385766,-0.04409047203062863,-0.03244108273651872,0.11652221487176871,0.3894445920094808,-0.05446590872960508,surprised
0.4050782489024624,0.42841354344924204,0.1475059776490782,1.1260419354289648,0.29237888188236105,0.4970430289645701,0.0673556240013104,0.11070647452225886,0.2556223883350264,0.13461393427541005,0.2492576064858978,0.6721382115437384,0.6901485661322316,1.0057236742232099,0.3698478004038801,-0.2768468104840355,-0.2988548416095902,0.14768812466938727,-0.20039140956022825,-0.20748092350005712,0.5666094668249683,-0.027315103688436565,0.005738830517442117,0.4127685645893156,0.5631033534359489,0.3397898055763571,-0.24588658481885858,0.20718605120203842,-0.18366505763543298,0.2585206853255076,-0.46279128979722584,0.07572156332745114,0.5007114454309496,0.3063381789021294,0.32921677605235444,-0.8695163624858064,0.3745514788897045,0.23900214339054962,0.6182303100075611,0.07353046363461971,surprised
0.44764279665575735,0.4867905126688046,0.35501486894282663,0.5304198410909083,0.3450847567851636,0.3711949565728384,0.036624859161889706,0.04025959549883765,-0.1557531822960536,0.017653096303134524,0.3004993868432281,0.43879932742118544,0.5111466131259262,0.614190007828528,0.10772693900311249,-0.024534168089501512,-0.359207470682555,0.3416017003201559,0.5394116512983603,0.24738136860040144,0.4403789946501997,0.18808821585600774,0.449568278842986,0.7295244225446178,0.3452790070831058,-0.217789325662296,0.11922681705604263,0.020202383274661756,0.2952233462659455,0.6031238237138878,0.3253142688306353,0.5271553770087475,0.6650769085003384,0.13458826107169275,0.18184657767857718,-0.30444498640473006,0.09838966774316395,0.21115088606440288,0.19088902572761074,0.33594626352907603,surprised
0.03122972738409019,0.13217527835228488,0.738255243853453,0.5766900218488945,0.23897207875169074,0.358558408572876,-0.101542165955094,-0.2223109832756033,0.12958576749280082,0.1073385441476276,0.33006970280853115,0.964064487895152,0.5270599300748455,0.4400576446561777,0.819572123102378,-0.023562486788934828,0.03249901605532149,-0.09700166325499635,0.037362781388420696,0.7357589972662738,-0.20212171311106522,0.7086699839412329,0.08920624185315695,-0.022830015520073577,0.2322425460375249,0.12079737420396461,-0.0275655309765149,-0.2564808069039386,0.2475298879165459,-0.13449556662679404,0.4740110641768768,1.1182680193259313,0.08942010082846216,0.4242277386277873,0.2715171330995088,-0.27042187166832143,0.04152224412022307,0.2812895598427674,0.3437065176170283,0.3997782307694201,surprised
0.0803199727668499,0.3173977453024385,0.19560933291259044,0.7108801149961695,0.14719381114836255,-0.06162942629416987,-0.05294275574486243,0.46158266633806955,-0.35899859436371995,0.3602256300454053,0.4539243901273171,0.23456634163770784,0.4804601808987905,0.02436697009653052,0.40499904466536846,0.29948093199169806,-0.11856719847530514,0.07541933295735184,0.072627462462835,0.3121449447205766,0.4714102913879501,0.6680022472504117,0.40370640103876254,0.5350628842733285,0.5052167769388712,0.5757498406976275,0.08630478815345576,-0.08462929359105345,-0.0776767135206737,0.17519080245005944,-0.11175908653507369,0.1418396876819414,0.6003527987421647,0.8780437702762595,0.5976741045556807,-0.029053844600208212,0.3564463521320511,0.1310468360665063,-0.01629419219502462,0.5722734560866996,surprised
0.46698805454956616,0.5840577303310694,0.5753018164635672,0.672201007795878,0.2694200707816659,0.14520548759502622,-0.04541355954124013,0.2695421050880483,0.17831074076084533,0.39299955779628803,0.1874511293351087,0.31278628548824616,0.43359042492684474,0.416345224712371,0.2587616782515203,0.5520458968521891,0.131908383165616,-0.6227577743373877,-0.0808204643552752,0.2395458754566977,0.3424743048949318,0.41939946503561887,0.3854273711232391,0.7801448492396328,0.0854558106747283,0.35478964581133726,0.30490864398991624,0.28987943944953654,0.6534150397377413,-0.0118672881275734,0.17347636032638575,0.5215179530543452,0.5749267084049853,0.5218275023084711,0.091106033455981,0.04192251902225361,0.455126683171559,0.22457273153178295,0.2958976635062719,0.46003336455530763,surprised
0.7018944110716981,0.33099582591387966,0.5191677483299739,0.034151827458710704,0.2675450895884206,0.310588220636498,0.2754412525815517,-0.13160454606305214,-0.2771428419866835,-0.05941420987143739,-0.2525939003596629,0.11911688972863477,0.40652356482543583,0.5347076051619061,0.6903130339134026,0.23567195420840237,-0.10681665719568442,0.09390750506541791,-0.01751818913435857,0.44214171684397263,0.5729219023645007,-0.013901666032628962,0.3707128737204948,0.9171807611003212,0.5933618565210669,0.1095162474849392,-0.7123989102055049,0.21409666909001676,0.19173477984749313,0.1674280594221027,0.5350153501722925,0.48891547843285366,0.5788533170706933,0.3062453235461411,0.20902657941698857,0.22606112376224255,-0.03469055472538968,-0.25850421790263467,-0.20229792399669752,0.30223092371007027,surprised
0.020480517938389148,0.1300965069114729,0.2499234225358891,0.588219477220976,-0.19826744304800512,-0.4146858772077816,0.14128345571239836,-0.024835038355338485,0.41862843803022753,0.053246691105147764,-0.1159232933750445,0.4352520464648345,0.49885713877058757,0.48139245184988066,0.3887588538897857,0.7185160375104802,-0.02392419269901147,0.11902933354047944,0.042722193921669066,-0.2788493838283488,-0.02340151251989611,0.15137423444914358,0.33508950935405024,0.0638902008294111,0.6176121333057591,0.1105889381842474,-0.20532572116124057,-0.17074930222189907,0.08021581820120932,0.020663239919533755,0.033174395552975855,0.08025016921203984,0.3988115864100883,0.7792909407289608,-0.4719722277812468,0.0032100995116216002,0.02795821535503673,-0.19306678495825821,0.6425996626075788,0.24746146970189314,surprised
-0.22387463686002276,0.3891246233594172,0.097125820820545,0.589479621339389,0.3127782147410336,0.4846251555396933,-0.1710676742799925,0.10216795786330184,0.4316295780993147,0.045609687191546816,-0.02267008838662768,0.2562723498273422,0.45581919334507814,0.281569040211236,0.3923187633242424,0.4400749580603629,-0.16389449756160887,-0.38899147884869634,-0.19093196194668752,-0.2671433281716893,0.06802343307317402,0.29709529524316863,-0.032068308191892436,0.3595965583320918,0.22574739651298828,-0.2886455728843529,-0.09350323741512703,-0.4251761027861234,0.18762436149751588,0.07597124462384805,0.38855618827612104,0.706799460263089,0.5378659671591461,0.3055078200060619,0.26508269321083755,-0.05125711247056999,-0.023814077351487828,0.41533127122402913,-0.09349106380229918,0.14351547983373522,surprised
0.2279945639036288,0.3795129223090713,0.5455776160258075,0.06918776092944245,0.14985298533395547,0.12970627562266857,0.10655146016380466,0.12787299118080203,0.0894122319075639,0.09202171502779312,-0.027227249721322982,0.027708454211027966,0.07269249998706181,0.545081090344507,0.6326368935856636,-0.09037859333170159,-0.3323760081318462,-0.12504588068210312,0.054939130214906734,-0.03309200848046248,0.16997199091336634,0.4931371437372999,0.4530591600503714,0.20624597262272007,-0.10784120670760136,0.04819494673419866,0.2554169928397428,-0.45157087292219034,0.39699877043324183,0.17471425096046897,0.6291460368855809,0.18240209979235503,0.16402568003888993,-0.03432373035551939,0.23747774034944832,0.08912407818415113,-0.07411766816735174,-0.006000470638691857,0.15463453699805696,-0.030859850450240145,surprised
0.3935927312874782,-0.10511139691621793,0.2404680580110267,0.43644359573736696,0.2069734542218566,0.1888441149690891,-0.3558887647327412,-0.10881552660710389,-0.03015848552430711,-0.2791509133592113,0.3348160925905933,0.0001250370209991969,0.15500966955122844,0.01389295747614197,0.2858437000046511,-0.07991650497587674,0.1509286579723868,0.16524639248189776,-0.0918571627073114,0.2295194592464703,0.6567476787285998,-0.08567079133459163,-0.06425682776546024,0.7495884557577634,-0.009589366939920546,0.7899336078164,0.20147121977075844,-0.6040930114749358,0.23461072139394504,0.09851801471496976,0.28210196901005324,0.5529287348620965,0.2124275200976063,0.21960510596410265,0.21750030689048705,-0.3646700110708536,-0.09177767343321627,0.03869099237813026,0.05480475243192423,0.20208642996734355,surprised
0.16823289872800304,-0.19406231628744783,0.14281415111837636,-0.12469753342478959,0.3548715815911003,0.3920591826306218,0.07648923035742286,-0.5249282680446066,-0.10239644478111706,0.2759461885854684,0.3225383339179546,0.5053891816145746,0.575651585251261,0.08313238322868352,0.3133828351042833,0.2041945701400085,-0.2288760176155599,-0.1668369087384329,-0.017833875844250863,0.5939217837817407,0.500678048532983,0.34936650212989456,0.3936749362644071,-0.05919204169783751,0.2376903271072731,0.3503175231549829,-0.0922197776266179,0.11536320140920236,0.378455927814742,0.07471011448728754,-0.10415404391917601,0.33811156598898096,0.3412745019203567,0.983021348692746,0.17627018874280026,0.04859698585348449,0.24561635761900835,-0.19290374394912232,-0.020746235382992723,0.14443342070353832,surprised
0.13659326931441013,0.395162151036644,0.4148235136548291,-0.20915498970921162,0.5649533747824914,0.053311356061724297,0.22135106067716268,0.007731806228979038,0.15140638888213703,0.4167771943103673,0.16799777311114736,0.21809190193879643,0.47771922579482784,0.33312452392047986,0.7040737250157102,0.08212268013525256,-0.11385637589377193,0.4775968250054883,-0.14674728606284063,0.31789273978936505,0.10313909803016826,0.5168743056613806,0.7817308889875771,0.6875076996352414,0.14033919989011048,0.2527651822201378,0.31609496460314823,0.026575536242339354,0.5112678339569386,0.5507709660644474,0.7135702833482864,0.38495182412596746,0.4938526371020848,0.03135983657701025,-0.004781412108998101,0.2364075242701477,-0.16567220840844946,0.01796685294322614,-0.18551979892340328,0.02598219430723228,surprised
-0.10169950964861194,0.3961720601203428,0.21055351048956739,0.4215902301449254,0.4539352424393973,0.09593278332141822,0.07306364965893572,0.5758390314591233,0.1576893635155084,0.5041750234057442,0.60703863994019,0.5639315548568011,0.5329332152916535,-0.026775645041509505,0.40339430936232334,-0.09199283321821303,-0.2851040823924159,-0.014056193720159399,0.32259957107821835,0.2875949589431553,0.44746701245726617,0.5623559228027469,0.5971148853022282,0.0966731241660968,-0.02116937137751232,0.14661230780815543,0.28989652550689904,-0.004709317557428205,-0.12706376894124957,0.037029918467395256,0.1775813700869738,0.22154619969950437,0.12850013944897906,0.735334990759691,0.26536320392036006,-0.3141169082704677,0.0621781054861181,0.1424621401787956,0.2938245492451153,-0.051473920283728186,surprised
-0.26062279518860254,0.8951565642452286,0.07208945346079898,0.03731556546914866,0.35476682824791195,0.46325918179862347,0.31866565367548794,-0.1990789111126249,0.027776119571362,-0.07520358748676068,0.2333790466182465,0.1763394893833516,1.0254202123867335,0.6721560495954315,0.23253846372450482,0.1191468169297,0.3935820615066534,-0.17119619440312325,-0.028757336157681113,0.021978856214406622,0.27148984579305846,0.7921889544725677,0.24005209119803142,0.044935256244381105,-0.03347562551744479,-0.03325858221556793,-0.3200257640300388,-0.3089908337741536,-0.15476528453961488,0.29330725753132325,0.35680547807593216,0.29151298891159905,0.4890996071509284,0.3431620547769475,0.18799065344117954,-0.1288977034489491,0.21291733429332363,-5.374344755224025e-05,0.027401188622977274,0.10851429589312254,surprised
0.23674322210197943,0.29706595315208495,0.08416723400188636,0.23624869958255856,0.007985818813814133,-0.5493188959638073,-0.2594690488489396,0.6455777659096489,-0.4258771322597129,0.07820122560059772,0.4196491478560357,0.2990201465121153,0.36940518804722333,0.1156123927533271,0.09474781966733938,-0.02914979739864129,-0.2507536353960421,-0.039421848092562634,0.19202711578017292,0.36278910750461013,0.6924842111893877,0.5134967720798952,1.2223490219066446,0.40203064622477,-0.026007245725606726,-0.2371500366271377,0.09654944795972865,0.21973373566453475,0.29748612538978925,0.18382051116319717,0.635595023591695,0.4040662548503652,0.30726874079764854,0.3019785278521727,0.2485714476375649,0.2587060026976111,-0.28506244025280747,-0.2476982605057577,0.38431919825876953,0.11872372723413684,surprised
0.5066830878293086,0.4945010624107782,0.4810254237600522,0.702201257415224,0.28059340299910357,0.36199534577005554,0.28551633492720163,0.2819334103442084,-0.20720342264020528,0.11303937118831206,0.6264635577157909,0.5392041308297315,0.7569223780590344,0.7773525361332773,0.14581499978719809,0.16269456719173914,0.42683377216726925,0.15213418381942137,-0.1692638126874441,0.2671748729525595,0.3817857857008484,0.24855992839383662,0.3193288753574547,0.6030309221319349,0.4434710530274838,-0.1390791177667223,-0.1878084503951055,-0.060673480067849866,0.0749121880802209,0.16419833451783333,0.09729311187034134,0.476028394915449,-0.10086422696795541,0.13175374313547655,0.2343632509928312,0.103941297339664,-0.00358609291231593,0.109128179263005,0.13610953972636564,0.13118716883630116,surprised
0.6131703912661126,0.30593730457948926,1.0621069704016683,-0.023063913445937834,0.5419912551206251,-0.12326044483687279,-0.35118735985274885,-0.2323857985866448,-0.7042288469428486,-0.014151756486879802,0.2172161576738682,0.0967956842404013,0.28933927265497006,0.495871498271071,0.12700304091500852,0.39634364927507915,-0.13202625264915133,0.4785255236768622,0.03783360428367888,-0.1923119645071845,0.45253670250661726,0.43373341177356395,0.031416474696490115,0.8568997798571807,0.14647150593656408,0.2753675336636979,0.7193884170742897,-0.16139920329589388,-0.11604672754869469,0.29500650458838584,-0.2985785051190769,0.6678083537596633,0.18621008771240574,0.7059524143528336,0.5393153577104308,-0.17916153527897968,-0.3090915340755237,0.3386065410749479,-0.21985814788793165,0.21910803318463695,surprised
0.33205617610929933,0.553948643023611,0.41729383825920685,0.1965802273870268,0.5329862883816886,0.3173065782937031,0.3606484994547524,-0.24579091269978479,0.4288184284909785,0.254927385013853,0.16604816567171984,0.5148436436204901,0.38960813589488347,-0.08225113153291372,0.12548105275940508,0.25284708553807234,0.13005625811507032,0.07091024370428234,-0.14634815458308872,-0.1153854297304707,0.16447033133365924,0.42252456539547,0.3830145461966469,0.4518592906294391,0.08522361069124518,-0.017440777635166854,-0.11829812851593921,-0.06275147252036603,-0.08851043384715471,0.16144723043331777,0.184010971970392,0.728605652913893,0.22338074035435174,0.10164713533450873,0.33200698931477113,0.5219702523993791,-0.01792836938433562,-0.2900607254856895,0.2817759492293288,-0.05814950748668832,surprised
0.19282343708328617,0.2592392894379854,0.10010499867711647,0.600735986509501,0.40063973973198086,0.1518929410729711,0.1453690124333173,-0.28770384899657275,-0.0508194073927101,0.19630303318789433,0.4167257286082708,-0.117787902700169,0.5216324061965253,0.11094863391152768,-0.2533922023076719,0.36288702947999274,0.3294098178277337,-0.2566056718720072,0.24663772001385775,0.1584126228324661,0.47097775567669253,0.8507019080671554,0.7207916136193268,0.4047671722794166,-0.03680461215420247,-0.053254877673554496,-0.04718004986158966,-0.14822915142060586,0.15564799501157667,0.3291382619171812,0.7707726497581489,0.6840065380117218,0.07841661330238694,0.9737019893397213,0.22299361905881498,-0.004025780110927829,-0.4286520242001215,0.052357547382163055,0.6763098502462328,0.20968105659815078,surprised
0.3527657695090015,0.4411418821144938,0.6716294569425665,0.21438827317927936,0.1144039112515158,0.36361740510329127,0.3281041154324895,-0.15112375618651794,0.13722743268631982,0.3782228413093677,0.3419877350652114,0.25168181121143623,0.9537710515799817,0.7637799940795702,0.4587037984388118,0.130772241519248,-0.262233913384455,-0.09789644595396921,0.06157509969994987,-0.09517680706930406,0.5438163404016553,0.061537688989514366,0.835427901635969,0.2680003102213881,0.06287845624557528,0.06419350079196592,0.17099646440145538,0.2846250956561594,-0.210347400678884,0.34956566218892393,0.19143986431619142,0.05052042922140701,0.11302736325230547,0.6539981051180868,-0.12033208470641324,-0.05706212253654783,0.03311480536817743,0.404378435283944,-0.45707292716915116,0.2479122825819246,surprised
0.2520478161926534,-0.09823377475801645,0.2860305515186567,0.31083320613893073,0.45836235160105876,0.10945060802627357,-0.0642951902745725,0.06374024492192865,0.30362586369011224,-0.22425038563660452,0.2512212534104817,0.2919525901310489,0.38977525254440026,0.6167747653787918,0.12851931933434824,-0.22612533135973992,-0.0060379299813997644,-0.32513602315326984,0.4606862056930179,0.49769055305833854,-0.008125079762373671,0.36904872111132564,-0.0150214744779672,0.31301738156027586,0.12971279894702376,0.6148001049037937,0.15699922931058702,0.0666128719109691,0.3498294365943059,0.07079683568521764,0.4743937590915456,0.21036353024913546,0.24902321421193954,0.837831873352209,-0.5034507121592211,0.25662123034045187,-0.17400362458081173,0.2554801680664138,-0.11121405884538635,0.2488723436178502,surprised
-0.14163627905375778,0.6094320431236893,0.20684722525698804,0.01951983789487255,-0.5195303238270546,-0.28410719520333005,0.25634110140431926,-0.32131866387183017,-0.3203795285998947,0.11405903711318718,0.19061197906590688,0.378328550243269,0.3223969357880616,0.8500941002546087,-0.020296116906251743,-0.023137452428421718,-0.020805308737446487,0.14308101683836663,0.4219465356940255,0.14732775801458659,0.4750140528847182,0.47376671834835826,1.175385272714187,0.18806784812433594,0.6118297192707866,0.1184386953664494,0.09548705139390701,0.1843862636580115,0.38656653339892044,-0.0013232916506404069,0.2621127478282782,0.14110923423979188,-0.300258554913992,0.8873413494831566,0.26143555571942245,0.08184234362187898,-0.19564558410362307,-0.05101824712873218,0.17933959660182106,0.5212387582103046,surprised
0.2795648839173055,0.3600078990222867,0.11535165032814287,0.22966862651396255,0.3131649984566597,-0.2999160625089543,-0.06318073165717783,0.01576212706869279,0.4380776085774414,-0.33893481432906203,-0.11821199916152655,0.5525910708513995,-0.2341883569836822,0.9551130141030044,0.3356227033974372,0.39015910333920123,0.20194681075155624,-0.4336038101025077,0.19312191385541466,-0.109004725500124,0.21055883344838525,0.3693465209933502,0.4592468299978159,0.562766577005424,0.261403729609163,0.41772531739884033,0.11038371526008746,-0.13812254681302302,0.1755133783645788,0.05942069433546668,0.5064669079693184,0.2865640098070748,0.3114460072855512,0.5895745217729458,-0.2510982178179295,0.21651482054024307,-0.11296029482171652,0.19250696368032164,0.24500271565154697,-0.04117003720015719,surprised
0.3234968017100794,0.7413955513291491,0.2948899215336619,0.5880984716755089,0.9344327146017742,-0.30584477263089294,0.014004619165492477,0.486891432867267,-0.017834893199891066,0.07476144380684019,-0.03304551472264253,-0.3610041368749316,0.5974580422362176,0.5430629203027726,0.6138480791589501,0.30428360489104544,-0.21329599920304973,-0.4931769017458588,0.10291318918672568,0.5163076473869778,0.37193093380746245,0.5062792774431992,0.8540647904461287,0.2271037978323053,0.20493326993436561,0.36968069828401917,-0.08003353942869715,-0.1876048807910977,-0.05150149018502634,0.34140588207513034,0.09635215612750567,0.29323352066727487,0.47386002980800734,0.10993145024601983,0.07388659508128795,0.14592763297252342,0.07673816900446567,-0.19188605232455827,-0.06371702362453721,0.43685345200194914,surprised
0.08001044443583788,0.3135446330648164,0.35788760244927076,0.21701593207774797,0.48937067033794623,0.11044500194947336,-0.3805181503172481,0.4241887279043398,-0.04527641545980862,0.1426570344444627,0.31011105454514204,0.2315246605807706,0.11579591396629693,0.12942382371568809,0.12186560031834114,0.32359782598096,-0.041274569872476546,0.11908877285531076,-0.5687908127329515,-0.12403095866891808,0.28619466919590947,0.07113277135562948,0.583703281546337,0.29483697203228904,0.16656386163640444,-0.14264542598938254,-0.02682303112400028,-0.3858619455554996,0.28442074854530947,0.2405522468866782,0.20703764031167232,0.09535445361051789,0.5000698546409345,0.10841774464628329,0.4711641974056998,0.2600706676166753,-0.1771131683360209,-0.05250211631381449,0.526121420390169,0.3535718314311218,surprised
0.4435628387933407,0.17864843677565434,0.5814819211579153,0.04859608711728136,0.4665546843645364,0.42185246170778545,0.003281116609922141,0.11082559845745268,-0.08285246349793182,0.029819733587987146,0.28813809386499595,0.4495530165681462,0.4316001018379152,0.48634451327605377,0.013503523141234736,-0.22738121135734254,0.1522810904228163,-0.6185076410409316,-0.39242649981019406,-0.21315957171773667,0.4465310365645747,0.5248179038055688,1.1741171657456315,0.27167885860027985,0.15486219775809082,0.08264969363833552,-0.33238235769381974,0.24838518019809513,-0.18374737826019602,-0.04175316408954957,0.3334329045231974,0.24249228830390895,0.5153502186046317,0.5124423380127456,0.406810839949995,0.07971739999060365,-0.21354645824946064,-0.003596869787554441,-0.20786547367675198,-0.19498924202980225,surprised
-0.2095289452014177,0.5663643021137452,0.02726098923990633,0.6709444861175722,0.2804994156491255,0.08542587061594695,0.07314733737662138,0.4034520407959946,-0.3523900141117804,0.21311487546661945,0.10227322988943749,0.06612824646206655,-0.14328374611773328,0.11697921065708902,0.022233201363259486,0.14787890127736414,0.2557185575103218,0.09452955171889285,-0.039702489810863745,0.5647504765599587,0.0981275527660604,0.3684359771165603,0.30736337509128764,0.5180426552076643,0.36378055757616284,0.11199148913174539,0.17860396157796984,0.06993064962151171,-0.11611782766432746,0.4061895150760408,0.16310171713789684,0.2166340955391292,0.577428873333929,0.20695125093097463,0.22326936758124813,0.7453896250020586,0.23400043972146353,-0.12373597958392421,-0.05500021351766879,0.4513104827609233,surprised
0.2922723292100937,0.08944506861714312,0.5614406121885209,-0.01774740756970067,0.6386927482201513,0.5083341875217929,0.4881590884227506,-0.32095371021865926,0.18034523705315134,0.614320798408474,0.3477634872188617,0.30603735892855466,0.7414186026736429,0.019369009449643454,0.26229089713255804,0.2694140347612432,-0.06396432346641814,0.02243263119210548,0.2751795464048535,0.35300400437605994,0.2565353527462386,0.06813125541320983,0.021076985587540453,0.1303556402480886,0.12087411603877521,-0.06459335713553402,0.7458684453371142,-0.04300613206396428,0.027303146670697387,0.33440441052875763,-0.030449630031132324,0.23934934027366758,0.5520765822875547,0.1583584587863342,0.4760379286300611,-0.06178444273287084,0.07728115321226825,0.38109812260198905,0.36368323949619275,0.24225647474398576,surprised
0.2428504744021056,0.5124045197070564,0.29642087060478384,0.1203508005988902,0.5650575564241319,0.47826985860026394,0.14652734154064911,-0.04525711126488821,-0.25648685091630885,-0.04077208233102522,0.15335115939496938,0.41939692164118203,0.6190872789471562,0.39620329117179365,0.38691882909124153,-0.1625836306451394,0.08439902875247196,0.3014601706040083,-0.12565059466326964,-0.32914477443645973,0.44245772093182734,0.7472677829622262,0.5909130072607387,0.24052005416538733,0.40648159506287435,-0.39336560275764243,0.05295674141380144,-0.17749412962790875,0.346180881712276,-0.0726921280921071,0.8131231586617987,0.9924484848116468,0.8921730184680459,0.5891146513568419,0.04042571929973901,0.02841053787228129,0.26658744812557755,0.11309220959766782,-0.07016101251688914,0.15082492953125753,surprised
0.003238340806809209,0.4269264636658068,0.383200605260963,0.7173008600895456,0.4960453109003772,0.10251811163504815,0.4225588917522937,-0.5633922766810845,-0.3324063934876985,-0.034503288899218304,0.3738679084802161,0.8273011888832653,0.6068089278838839,0.4553016583961179,0.28434792184468116,-0.28420736854551565,-0.09600614980875918,0.2787557604890881,0.12524463823688947,-0.0031241650233834184,0.26373433490051834,0.2080362096743426,-0.07333546492409634,0.30642115065839814,0.09471756405391127,-0.18254992422407032,-0.016006014519121564,-0.07157355581923211,0.10184056245383104,0.1788376038548981,0.343308431889907,0.3278559904118469,0.2151065833525611,0.3111471038538344,0.21807946833583985,0.33792095746619455,0.02878699666955184,-0.16064240394804694,0.2872894352132698,0.19603999703018893,surprised
0.4096119532866606,0.8629248261774897,0.5976277535801713,0.0725247177619987,0.07898918209296041,0.3162000392646702,-0.34308114718921856,-0.11100184323842407,0.07607211688528162,-0.015078027592315357,0.018942109297791804,0.332892180213643,0.3041949695708279,0.24367438524011975,0.4087302963851287,-0.011815506561830696,-0.013202804546184693,0.3124814288062524,0.25407999943472037,0.14486650600963458,0.21633408638539536,0.4319267728733235,0.45921370117109717,0.03455007560723716,0.05662652461705736,0.4007800938627864,-0.2105770834250937,0.4168086134067346,0.23176501252928763,0.1646794855697305,0.17886103473807013,0.41564243980788085,0.6011111120901428,0.45428844388125356,0.5567348500140098,0.2193306906522331,-0.1409144961156744,0.15668888868287978,0.2773421596711359,0.18492964740269296,surprised
-0.016635545728348994,0.1363737039813216,0.5429259769370418,0.17567339897011855,0.7603595824629888,0.3820112797308213,-0.3735842108114654,-0.25625819928026283,0.0466725552540764,-0.1974043158402696,0.2041248631867623,0.5777413189014727,0.5674740663110495,0.1101791717974944,0.4761059737675425,0.4107264615839473,-0.12404577861478358,0.16706469435011054,-0.11014919512370866,-0.1863010313904079,0.5694977935137205,0.6590867326601421,0.17498294647452922,-0.2945964753635898,0.5099581019545757,-0.023180403270651267,0.12678801882773671,-0.32163336073722526,0.1879420093952181,0.4460150513316437,0.3356971082311462,0.5893668790993856,0.48190846040390367,0.5826128465203141,0.08783033879719968,-0.04258593893308557,-0.47106311231073095,-0.09741555716576186,0.009702586179013012,-0.08155981779020685,surprised
0.45967128098243426,0.25755522209487325,1.1452736077635601,0.5420827403775679,0.10789612652247677,0.1875619992777821,0.25667925552207616,0.27980703638911497,0.401248060819814,-0.00029429838618635906,0.48844714115239063,0.33922210942908837,0.6429987432764221,0.34948884763569765,0.27469690359137877,0.2438149062776962,-0.10907958595703146,0.0071510315811743885,0.13966767999596763,-0.3121513631837116,0.14012637150066937,0.2528952425339488,0.6597649006534787,0.39829254151044435,0.25114414311053246,-0.05470322590217133,0.143782530822599,-0.06698311384022396,0.3064102137829078,0.1065969054010581,0.2893165047657191,0.5388835904947274,0.5190280972214354,-0.048142566246122426,0.27369286567818013,0.08731340627867049,-0.4438864526938062,-0.29054625879359186,0.3242782874678768,0.29330627736911397,surprised
0.08987291062333615,0.5620702568621193,-0.03490993455365893,0.7389986964060533,0.17144295024338896,0.56545375711813,-0.02556266193327736,-0.11619898180962948,0.10067152382707543,0.050440183155041174,0.49667516559924285,0.5534164320870733,0.32098876871508797,0.3349322836312646,0.2873741630343992,0.5932747423174983,0.046051901157807024,0.2674065779686724,0.03613431235881043,-0.06285538809479338,-0.13767414222936883,0.4315269584910715,0.5295245032850383,0.4249407304764963,0.5771916729359451,0.31237394297066745,0.494233214525853,0.16727618671333325,-0.16223201193845913,0.45956378159417616,0.03671593966758546,0.35478738557301526,0.08137868849744564,0.5722345300638148,0.5809121156475205,-0.24108032021065232,-0.20375044257862693,-0.1634036589469484,-0.3913849085756521,0.1715820086812484,surprised
0.13270327596512133,-0.029514595966632168,-0.18292406590403695,0.009214521622962213,0.36380174711800245,-0.20760902911293863,0.05858121699951782,0.05216574701502216,0.1847636785283995,0.07834067251692109,0.2777059094869677,0.7041089989378079,0.24026496073810483,0.3686102253268446,0.5874899388614658,-0.150037545337417,0.194176527377268,-0.6611514827113775,-0.37795384855450653,-0.2733886214989989,0.20479900146591515,0.351860135374198,-0.18775128948418826,0.8114833032518091,0.7699379100452167,0.4335956312861854,-0.027484131012262186,0.11834040429776507,-0.12277962755239843,0.024603383505449022,0.09950125089051173,0.45526845193929455,0.2639209644611334,0.2159850083768978,0.6625822884151925,0.009260019487260601,0.1664950372469039,0.10830111522424161,-0.031495335861253665,0.09665791974692019,surprised
0.4884281667886754,0.191571102970312,0.5638188697287413,0.2833945397905098,0.21691167017221247,0.5598451046261156,-0.3642017938076094,-0.1700414146959732,-0.12875231005384744,0.2147682454980202,0.06243497167928613,0.3738629063034079,0.5689956929129169,0.8672026378746449,0.5220818606087185,-0.19602036499237305,0.4796585030813514,0.0015173064743743692,-0.20755555940763346,0.19479039116723054,0.01698235685372687,0.26667487098843523,0.17282098197143267,0.23190621179380333,-0.37616286308038305,0.4392350311057272,0.03926169797866805,0.2084938989584151,0.1512150786868472,0.14186419679526308,0.628155706792254,0.7056511944715913,0.30255982289621375,0.533376582348911,0.12471881000527764,-0.03300306090061078,0.12028178661287145,0.024218420452076922,0.046884749976086854,-0.3129151240836723,surprised
-0.017391542045071984,0.3407211736783311,0.5622928319356248,0.5466635912090049,0.16342758228026344,0.2976951982491405,-0.25002634409759905,0.1102721450826716,0.4808969588137433,0.044660845633305135,-0.02911852277315244,0.603060696655745,0.36272000027413287,0.36996989650520684,0.41010067169100717,0.06494577798600129,0.21981766679410886,-0.18288272334696073,-0.1592745901336697,0.2043135840001527,0.368646898144504,0.41569345998272034,0.5620363924164439,0.3369346187159357,0.08104523626010557,0.2348538551825653,-0.3709707144702482,-0.0031992475232385242,0.29167639098786113,0.304139071699225,0.5746225486576335,0.31636153685920276,0.3322915591555053,0.20993787166738223,0.08892957527409981,0.14268006678971543,0.2561001173096561,-0.003350443982897827,0.470206673874907,0.3165515186121842,surprised
-0.31007251789064183,0.4844134447972658,0.2743424223573114,0.4109620299131562,0.1255765855286196,0.05136500255079665,0.5837173030046863,0.2664761313692615,-0.06688082048751501,-0.07822818698627512,0.14095476069311008,0.1917332643845088,0.5574742658104083,0.6630261662840662,-0.10406707889734154,0.26981726938800876,0.033289597861270864,-0.061222324174382975,0.23836850624892728,-0.0458672464655778,0.05816606970121266,0.3475025736503527,0.2250561383311695,0.23145669198949834,0.4583088022884054,-0.19391525591175637,0.34715276049454613,0.35095034887841,-0.01609768097717193,0.34261258472352907,0.04069170167125241,0.325887799846734,0.2975940338100324,0.14056414888485666,0.4708758089349513,0.20140359049966672,0.270382956502493,-0.3621758191827733,0.06929134055800676,0.11137994155942285,surprised
-0.16288705082944957,0.6095201114002284,0.4349013444933763,0.5011324639366272,0.7069999942245744,0.0734004659713044,0.48743407049226684,-0.42970730057964046,0.3925059122528245,0.3334684072284603,-0.035652885772425286,0.05118607447703277,1.065950651221965,0.25070127681207366,0.6072003370904197,0.2823779890516403,0.10619695538031591,-0.007530877807869152,-0.2469238456507911,-0.12614343382661855,0.08722816481985933,0.6245653608952524,-0.05489535739491411,0.11266010386803771,0.3793613388138506,0.11926489816889269,-0.07179504234118425,-0.22468650831569767,-0.36100903115325333,-0.005807096135088008,0.019833524829675264,0.26927611779130556,0.1719393872731946,-0.03605800306195983,0.56800898550584,-0.41686440693909277,0.22334243380496313,-0.08905864337522437,-0.057089708009559176,-0.09937460134504741,surprised
-0.031449710726197705,0.21553039949162855,-0.12392925579213696,0.6466624720076942,0.35032730328858475,0.18006152714667795,0.057431776423183034,0.283288657451106,0.016919818473956627,0.30060011254429103,0.06965896259592214,0.7829242210894787,0.23363312902084216,0.10845477494329989,0.1117559630512079,0.38383793093012086,0.4438299732975103,0.0942114707259052,0.5727677498419265,-0.11970525070154928,0.07815587893319406,0.24512809826391935,0.7311020461673744,0.12053090957226642,0.24771877223854033,-0.1735441045987509,0.07587715098579767,-0.21401460358894228,0.8136766977863475,0.3666808033218877,0.16308088021958278,0.5928251264663399,0.3817156995712988,0.17554905744068958,0.3454437152523586,-0.27981252616228225,0.38876054377344826,0.3229848813630457,-0.20162439888270198,0.16487826443507414,surprised
-0.27860605133130023,0.4597036519599277,0.46944998925461456,0.44498832722196263,0.17168717363591074,0.1692641210442138,-0.10556907099342103,-0.0544869182174226,-0.152442405880808,-0.05758544524805423,0.057633832549238206,-0.3023838997554571,0.1942477590316053,0.5917832812834416,0.6410911178441201,0.005045773333003073,0.05640253405983678,0.323160392361598,-0.37438671127647627,0.23186475213121494,-0.16968696999543484,0.4625404698360126,0.3414442378914193,0.3233526082957864,0.1847007060264844,0.6074395406967267,-0.648243773951048,-0.3632994948170807,0.10928498930660287,0.22761619102483485,0.102324972708113,0.46542288311590707,0.3914787399643152,0.3563414581910175,0.5042945486395984,-0.13121882051652498,0.06432573247933254,0.23928497118511258,-0.0624120718159383,0.5127272109629852,surprised
-0.020961718684853997,-0.1051747828804904,0.11021057785532956,0.40527020076589515,0.5621295596408555,0.08260847015430131,0.04852368384739189,-0.009024010864257165,0.17297103680064688,-0.1500438285999028,0.19446096492859255,0.10343186236738305,0.5089748146539662,0.5812182084463536,-0.3050697190006557,0.2006833734327638,-0.010671970507255435,0.17842625989929348,-0.1586839756622115,0.13713145593671533,-0.05353007555370107,0.5589904389561272,0.9770278823568981,0.4137229403514844,0.6362946061509043,0.5122139261957056,-0.043614156960388145,0.02007230184048167,0.09395135477378998,0.43093504718320963,0.11768731623766707,0.5653425537252149,0.17593318490400892,0.4957335430474805,0.2061424513188513,-0.3455036834456602,-0.09092224211019997,0.12857118822823688,0.03525666687900697,0.2595063494233212,surprised
0.7689426867478995,-0.01201368187415855,0.2043067205730418,0.18827503834270287,0.3061734987175927,0.058974070045091975,0.008430689298375066,-0.20991380687272285,-0.17701872690138384,0.5911081522411654,0.8709848832280114,0.2996761980831366,0.41900077902818333,-0.05512293873202165,0.17351364923358864,0.34084970116729973,0.14903233114887898,-0.055748030146516164,0.4983775487071641,0.8906819588138181,0.21423121887207533,0.09967871258155489,0.5555359811197382,0.5768658817631416,0.028025524439889676,0.10624488493924666,0.305098843655461,0.10332313178398217,-0.16314142336745244,0.396252554158395,0.0824834452659956,0.7741633274376956,0.395745722598843,-0.14748038217992662,-0.0042392463083412435,0.29693942767520765,0.47777477110193645,0.10256456158960485,0.007013320146124297,0.7891794052281754,surprised
-0.13498966240176638,0.585985748334443,0.0017051129666496578,-0.05889971638760946,0.031012139355764773,0.3942512007341742,0.1332373777822551,-0.04504607351981879,0.12841458235956776,-0.0739479499066634,0.6217195410514278,0.37187291893453245,0.5370710127895386,0.04060325432874032,0.261413407545925,-0.1570834987917257,0.220463215968761,-0.41478627584957817,0.22470079545835447,0.4054026477227789,0.4093728388146288,0.6903452615270619,0.7942627244662025,0.2812525576423909,0.12557689778836528,0.002697208998472006,0.025742449742090334,-0.051425271629375574,-0.002081968107311788,0.608275737359061,0.3119479374017711,0.2703694963614915,0.776361187773835,0.045489519629654585,0.19824602109380618,0.2341093914238328,0.1803203297670637,-0.3141614649573421,-0.26987028370366195,-0.11074253209895032,surprised
-0.013086569398621684,0.6178497184180572,0.3676391286407525,0.4720337909330108,0.08894890879159101,0.04693619613762795,0.22865941113880286,0.09081132777038467,-0.056347225155909536,0.35156316612715,0.07976880279513565,0.20072711610720462,0.284821676743654,0.21802614034829962,0.4808464555706691,-0.22567443738496948,0.1508716494143976,-0.4749712806819254,-0.4097457005947194,0.13143426884734383,0.3325128624733681,0.32354420072135515,-0.1230222962471372,0.6485607551797508,0.5204297276267045,-0.09751575527213793,0.35453545837201383,-0.15599109898178334,0.06219566107088437,-0.033832576737572256,0.030587732293659298,-0.010403994556493296,0.31862154544749743,0.4965270109837667,0.11849464458628631,0.24548955935313047,0.22570115533629972,0.3848262183233606,0.3362504605329282,0.20857381063899244,surprised
0.26453610232798935,0.2853466986366832,0.17792238884622855,0.0818871286350068,0.7360832343364627,-0.04158173461557521,0.20848026936128866,0.37603428405061523,0.07333706258191974,-0.03240170444271012,0.3310501346748922,0.7381305613096235,0.16126354262979975,0.14949662831552663,0.15260513516284702,0.3487576729242958,0.2500183316993715,-0.14086121404904836,0.05685788594969671,0.36476673637258183,-0.033166907396037976,0.3331531714404036,0.5098343634418054,0.5313740207446502,0.42224459619977267,-0.2320599067105877,0.011039118342023785,-0.14161003886067466,0.11653835586938674,0.2793402216332945,0.2695703327097039,0.4427293525967503,0.9475511214764392,0.7999885845095877,0.45861044834002795,0.11062488327146676,0.5310613207138328,-0.1489100240277765,-0.3628104754860777,0.1543750672615675,surprised
-0.032779531518668886,-0.2623247917027921,0.12015228313247595,0.2856121695045108,0.19358775754598345,0.2768605781186454,0.22259026110661462,0.1574172989277369,-0.2701779702295475,0.29085508230224233,0.6363544573465613,0.28258120086595934,0.34109792176464004,0.49162719176918956,0.43098313475645833,0.15796263221438933,0.14782633289271874,-0.2386503109604212,-0.41399471667164933,-0.015594395346421958,0.15886479924740093,0.34161521759004393,0.2599936292944983,0.11435151465771398,0.2944834128278236,0.24039217489762185,-0.04528776172248669,-0.10092849089553876,0.0675474256832149,0.024373624919232978,0.4094649132786563,0.24063028118684665,-0.09778457710098046,0.7845173144278521,0.3107486691153281,0.31569407114475756,-0.03719174209772155,-0.031215335372935443,0.09699709133716616,0.23188876849168555,surprised
0.1652708379882955,0.10586635449413805,0.5433150279883465,0.4015134257487727,0.7956610816445628,-0.01653997957777531,-0.025338450956724573,-0.008665442957263986,-0.4617779334954655,-0.10808257884433295,-0.26494617590724745,0.18127344781918406,0.43482767499891195,0.40532602359770875,0.5411254666253522,0.20972456699937253,0.2991958615803332,0.13510669761557312,-0.5176590807934114,0.1760858497243868,-0.11939211198230101,0.5292709479530991,0.7209469154236665,0.6989583678851318,0.33564542037500594,0.1293491385065496,-0.31372685300378,0.19089249983572895,0.11591922770304694,0.10233480787925439,-0.03333616365377179,0.04068553582624054,0.2758381752575006,0.5406573606603586,0.21154071802575358,-0.12486001537075139,0.21166395128017348,0.27883946595169584,0.1423053423934246,0.14237429584862832,surprised
0.26950628467450877,0.2880541297771468,0.5337981258416931,0.11533711500329191,0.6172927632601062,0.19814286286347788,0.649101964418514,-0.5191718044565298,-0.19600769064976395,-0.268286743692729,0.2427039645962406,0.44563824690569953,0.25250819385879675,0.42005543132419726,0.33014176314027827,-0.04462925693151845,0.03651931598246724,-0.29009808869671194,-0.07638807233400438,-0.009436218415422193,0.08595919817945095,0.09237052863202541,0.48164383804924005,0.344305632294147,0.6956331879889163,-0.41051662102451825,-0.002980797681241515,0.01921836472229896,0.19054443235368224,0.22818868828120475,0.8735861536401174,0.18998288058249144,-0.015977922849134768,0.47140267021662063,0.0030538066385048246,0.12856167153193448,-0.06414550822439843,0.5251217656134126,-0.17005211305076137,0.5988277987074064,surprised
0.309909161811628,0.36612169033754116,0.42022129559987376,0.12842269922227495,0.3156280366768781,0.21715996688969635,-0.023525875983815586,-0.3086703761589418,-0.11736309367817913,0.04594405380774999,0.18672576309193428,-0.014583375348698191,0.4346956338998431,0.6574239744406141,0.2377100817664914,0.5120719572767624,0.11401929250335469,-0.11259512861666496,-0.21861878089040168,-0.16911242405192586,0.08215817861437544,0.31637532267197244,0.12983918181186227,0.2856000096798303,0.6840750174706468,-0.3668798796609847,0.09149391982787797,0.03769296196608282,0.14800193954741628,0.2485993992603608,0.28915404505407255,0.29358182887967427,0.33960097783271453,0.10742412214657526,0.03951281285137656,0.11553718224585564,0.032041277270413115,0.051007987806887284,-0.10015586248660865,-0.10014541778641287,surprised
0.7289273412287115,0.446269073367073,0.6161181322492428,0.44957171117522354,0.4946441207087907,0.4395047371010049,0.4148371113450791,-0.006012171607072292,0.157665944227615,0.3256663184028642,-0.14939675918606873,0.35180857297066026,0.49690033723459737,0.1529485245911808,0.13475322951101054,0.44155167722260824,0.16001861349861782,-0.007552790607953802,-0.09101269328863523,0.18720589033508345,1.1081166211070783,0.40490672713212905,0.15858346125549988,-0.04923238702761587,0.5240704271873533,0.2553109506918582,-0.19864421522710782,0.35861877057773395,0.3845127325436277,-0.013587007294141557,0.1202655073346453,0.49197475827830406,0.39766234959501473,0.4658696949990333,0.49609629639859465,-0.04601138152692333,0.09244734338789139,-0.3090859737569176,0.2473860441607578,0.47644196192668786,surprised
-0.485229505480788,0.026496406034571734,0.48498086497240134,-0.008432123168806205,0.32190006894238987,0.33643670795979574,0.10471589580215736,0.185122216038829,0.003972713249918797,0.3831233897522124,0.16354655641549573,0.23038908163085214,0.17077933340513726,-0.06588057132192685,0.2505804028832706,0.1643442159352423,-0.0009229305438829272,-0.2409092654148863,-0.06681140467009936,0.384858495368968,0.316373447132144,0.672431341185776,0.5130246252938803,0.25096072557926796,0.8067232584643415,-0.1020895206026344,-0.38351054715670285,-0.15118513478001647,0.12002763989699153,0.3693365305407203,0.3638645911210958,0.24638119507765743,0.7554445131922716,0.4328631900695311,0.27346470205302803,-0.01893501026317479,0.44897824540147935,0.3355629890205394,-0.12275793864581333,0.5146943751060271,surprised
0.27909880037575185,0.2677258757385995,0.696435453090836,0.2427839629135718,0.3458997193651469,0.5114123344379239,0.13264524899921856,-0.3243449715609835,-0.130069210888015,0.18178636555204114,0.0687918919842202,0.36439053754405604,0.5883589357315928,0.2472706897089727,-0.019353700567724258,0.2527274331030385,0.4769143377726772,-0.016002997593278334,0.16183297373289812,0.29196884622654584,0.36673964510077983,0.07443697739051738,0.5356879237313655,0.5142122453725063,0.0729076751116052,0.24788969362973073,-0.15215469495233955,-0.2474358494126125,-0.14040967358783227,0.4635613557914887,0.5386733127850754,0.4409180623350204,0.8291179388517274,0.1660504351385672,0.4595456668390784,-0.0006872253527883954,-0.487647313286959,0.23260547714101348,0.1707403364632397,-0.14008670631456702,surprised
0.12184083675230792,0.4580612209728053,0.31878534737456465,0.5972070059932875,-0.06164163265150305,0.7455296981115354,0.048577401809470816,-0.16560987277587777,-0.09870780727901426,-0.04646977209310241,-0.15800352828577593,0.07406191177761007,0.45606986052675813,0.5873705242047605,-0.010033480761955121,0.2607103933087616,-0.047040722792995954,0.568943926917194,0.2053448997493405,0.34059506768502923,0.36365724579058245,0.49871113377982623,0.358624884540346,0.1722685355050665,0.6740822342831421,0.48988125134535787,0.3132221706131163,-0.24563395731524115,0.06796869133422334,0.35753933949932903,0.3317356586592548,-0.04769830408797196,0.40243983937827044,0.010401833104852654,-0.05123044550444053,0.2418103159210648,-0.7666678724674669,0.3053689056693111,-0.17039101605623905,0.08779276036787008,surprised
